{"type":"FeatureCollection","features":[{"type":"Feature","id":1,"geometry":{"type":"Polygon","coordinates":[[[80.157320994406277,13.140987171038821],[80.156772752257893,13.141018493619011],[80.155371667767241,13.141466129995164],[80.154391879000997,13.141442296276388],[80.153394904192425,13.141396515843178],[80.15278775123376,13.141165527084802],[80.152364096263369,13.140962715562514],[80.151485169364264,13.140300964375138],[80.150386155247162,13.139741745262588],[80.150012947696084,13.139180324879588],[80.149495679223946,13.137852492611717],[80.148762530569925,13.137934791631148],[80.147387579106066,13.138085034958033],[80.146093235354968,13.138219113305668],[80.144978761161369,13.138326780945469],[80.144925652654564,13.136434695788841],[80.144916058267242,13.136092864552465],[80.146762658432579,13.132732511904919],[80.146841514661006,13.131639314868556],[80.147218958345874,13.129070905232433],[80.147299342860464,13.127451269128498],[80.146579363034519,13.126588459839148],[80.146196225579644,13.12636498527913],[80.143723061904652,13.124482712873805],[80.143080416422663,13.123993609313255],[80.143111373394007,13.123289431284677],[80.143254332583339,13.123164360996078],[80.143499231775721,13.121760669559459],[80.142913210744567,13.120479023368386],[80.14213714154279,13.1162092197284],[80.141905878799747,13.115239969059671],[80.141351884589753,13.115150458155506],[80.141319316163361,13.114976814585789],[80.141179282701543,13.114230198857639],[80.140741757680757,13.10859673163012],[80.139684186546361,13.105670584554211],[80.139781709091665,13.102652868555296],[80.139806043678391,13.10189986537285],[80.139849568025696,13.097978532331252],[80.139850337577229,13.097909099851309],[80.140455829873886,13.097688496605139],[80.141178695246992,13.096862041859177],[80.141214488817127,13.096698100620078],[80.142117897968376,13.096217952767139],[80.142177283453691,13.09606762889749],[80.142470060327213,13.09592078627818],[80.1424593430839,13.095847369736756],[80.14309014797476,13.095436734239518],[80.143092821621963,13.095372027794571],[80.143304590882806,13.095220267584819],[80.143217145147432,13.094898612125222],[80.143776614997961,13.094139525949515],[80.143776999861458,13.094028104067812],[80.144241463067431,13.093505274830179],[80.144248852408396,13.093393876163216],[80.144333558264364,13.093203879097556],[80.144484635859456,13.092838293558636],[80.144586511806935,13.092522423548504],[80.144246803374273,13.091565347198614],[80.14413900971681,13.09147066985231],[80.144052104682061,13.091135578555491],[80.144194288194484,13.090405781183598],[80.144156563382253,13.089891217085334],[80.144296380281531,13.089923326837427],[80.144864837406544,13.08973234892674],[80.144881082445863,13.089639061211637],[80.145314995146663,13.089375266262245],[80.145262886222554,13.089123985421484],[80.145410833806721,13.08867349387245],[80.145573126742548,13.088571316973242],[80.145833931458355,13.08797947382685],[80.145823936830041,13.08789580096755],[80.145933658944216,13.087744175900266],[80.145725720591187,13.087614657309315],[80.145607314103529,13.087641783035806],[80.145565495331667,13.087157554867948],[80.145589718924015,13.086993732580577],[80.145846291304835,13.086884644036802],[80.145976329000689,13.086915293650597],[80.146373645435347,13.086763564561346],[80.147231518813427,13.086271395935702],[80.147808907542995,13.086302048314405],[80.148159536730887,13.086412909243661],[80.148597115198768,13.086306850069231],[80.148698888236012,13.086409831350208],[80.149483295702566,13.086417464230891],[80.149819658457417,13.086205942729787],[80.149818989925365,13.086151794868426],[80.150039789456045,13.08597118592535],[80.150223916443323,13.085700409178774],[80.150345770455772,13.085653879937766],[80.150832679648417,13.085256261277685],[80.150815927377806,13.085215837425249],[80.150941899960571,13.085177253765147],[80.151164470865083,13.084821364187107],[80.15078108882615,13.084179085900214],[80.151461948892361,13.083946766841924],[80.152033832573181,13.083647023436916],[80.152174749780343,13.083542754572377],[80.152390288736953,13.083343493709377],[80.152812547891344,13.083173984831662],[80.153604058371826,13.082840695409317],[80.153561347039002,13.082189616833347],[80.154198439104135,13.082040981860658],[80.155401857977125,13.081901135173284],[80.155603870776588,13.081664552418978],[80.155603203897613,13.081496235831874],[80.156321213122425,13.081233512326207],[80.156425492159798,13.081154887576195],[80.157376846744725,13.080773380059529],[80.160252012744849,13.080329824880572],[80.160289903938178,13.07981341812653],[80.1607162710023,13.079587350802504],[80.160716773696464,13.079588167100981],[80.16102937874804,13.080095726241987],[80.161029356142279,13.080096410631672],[80.161018783538594,13.080411655185783],[80.161018803610318,13.080411720351833],[80.161098780310823,13.080678773406825],[80.161267289448077,13.081241444022659],[80.161267189429282,13.081241836111255],[80.161116868613675,13.08183156112716],[80.161116994255735,13.08183177492144],[80.161373505321521,13.082266613802782],[80.161626870806145,13.082416537428218],[80.161719250281394,13.082788886916441],[80.162211115869269,13.083123247317921],[80.162246669344199,13.08314741563977],[80.162246743299377,13.083148186239864],[80.162247010679053,13.083150950277092],[80.162288655059257,13.083207767448403],[80.162390876103515,13.083347225954544],[80.162470584246023,13.083455970592007],[80.162681471336114,13.083743683398726],[80.163013524385036,13.083611779827743],[80.163028694779754,13.083605752927122],[80.163147039779261,13.083567415099729],[80.163214607702031,13.083545526028214],[80.163217983161061,13.083546478218389],[80.163293421872055,13.08351360535479],[80.16330333576424,13.083517929619745],[80.163365670795386,13.083498293037296],[80.163440527411055,13.08347965724969],[80.163581494666815,13.083444562565848],[80.163572375750277,13.083311683839581],[80.163572329144941,13.08331100736283],[80.163880863664232,13.083052837405024],[80.164196074943945,13.082908201087093],[80.164239304561235,13.082886109070767],[80.164265624933819,13.082861077983546],[80.164501535555701,13.082636711751846],[80.164546294429059,13.082651590180529],[80.164546939369032,13.082651804749458],[80.164567420841408,13.082658612580001],[80.164583276241203,13.082663884611794],[80.164583724422585,13.082663090384344],[80.16458400201212,13.082662282042234],[80.164584454689532,13.082661796154387],[80.164623742437243,13.082592181224864],[80.164624461568422,13.082590906850676],[80.164628283629753,13.082584135160898],[80.16464561421671,13.082553425633806],[80.164684128975395,13.082485181639759],[80.164711915227571,13.082435946752089],[80.164717366695825,13.082426286958647],[80.164811926594197,13.082274498157771],[80.164822320066975,13.082278832956518],[80.164826482430257,13.082280568881192],[80.164826735727218,13.082280674585263],[80.164858992891112,13.082294128221582],[80.164889109437155,13.082268331746816],[80.165181175620972,13.08245329838245],[80.165192849328619,13.082460385106899],[80.165257380589992,13.082499559342969],[80.165312749734213,13.082530290557765],[80.165319060824089,13.082533794762272],[80.16542392557642,13.082614696108241],[80.165469947455918,13.082683259584398],[80.165562468020241,13.082712919117274],[80.165613219586589,13.08272918927652],[80.16561472512285,13.082724735633803],[80.165614744690174,13.082724676925382],[80.165650311863303,13.082604153548264],[80.165695236341961,13.082511652886231],[80.165727071133077,13.082446106002191],[80.165731022617649,13.082431831832322],[80.165731222423631,13.082431112751163],[80.165731233647065,13.082431066674291],[80.165736984401235,13.082410292747614],[80.165765496354609,13.0823072876293],[80.165778015598519,13.082262063051378],[80.165781243444016,13.082250404141435],[80.165789017576117,13.082185001936409],[80.16580129257315,13.082178128238796],[80.165807282434955,13.082156738431664],[80.165820534690226,13.082109395917833],[80.165838605165263,13.082044843447349],[80.165816477442007,13.082048957407459],[80.16587555109264,13.081861752549063],[80.165872617304657,13.081861120996344],[80.165877165735836,13.081852277444055],[80.165938020072204,13.081871514229443],[80.165938683574907,13.081869499148413],[80.165953286979359,13.081828218086695],[80.165971174789163,13.08177765357218],[80.165982258175177,13.081746321578798],[80.16598841882815,13.081725426903073],[80.165994461913058,13.081704933303033],[80.16623468369707,13.081776792055368],[80.166400793701413,13.081826481373806],[80.166458209945304,13.081843656260032],[80.166486331570013,13.081852068202815],[80.166499205141648,13.081855906408467],[80.166531395982801,13.081865504202643],[80.16656238065076,13.081874741852985],[80.166563042254069,13.081874938387068],[80.166565145924267,13.081875565444305],[80.166733961079089,13.08192589711685],[80.166735601242053,13.081926391570937],[80.166755669765209,13.081877638773472],[80.166749297968579,13.08187792744112],[80.166752630451143,13.08186750486694],[80.166752862563669,13.081866777751415],[80.166752936201547,13.081866548327437],[80.166783926894979,13.081769617204468],[80.166813977004438,13.081675629762012],[80.166829743177743,13.081610230689533],[80.166838388131964,13.081574374407323],[80.166847181824522,13.081537897433092],[80.166848246987357,13.081538224566202],[80.166913761138019,13.081557467115207],[80.166916292454474,13.081558193200609],[80.167045949816384,13.081595402550189],[80.167188025144625,13.081636174572193],[80.167444325916222,13.081709726968205],[80.167701153942204,13.081783430911319],[80.167727162868431,13.081790894659941],[80.16780787419485,13.081813981719291],[80.167809327380837,13.08181439780455],[80.167811105851527,13.081814907164503],[80.168057814670362,13.081885612441276],[80.168298853731059,13.081954691595676],[80.168950152727518,13.082141349848811],[80.169079730590639,13.082178534445296],[80.169087271749589,13.082180789325164],[80.169143300627525,13.082197537816398],[80.169169398908224,13.082205339875275],[80.169174683436054,13.082206919302415],[80.169175085187263,13.082207039946891],[80.169189256195992,13.082211276418937],[80.169215561808997,13.082219139720484],[80.169248554398763,13.082229002880229],[80.169249743071262,13.082229358430709],[80.169251578607884,13.082229905940229],[80.169331379132032,13.082253761777954],[80.169743881300718,13.082377074164432],[80.16974414483694,13.082377152771336],[80.169909512568807,13.082426587047593],[80.169927150366675,13.082367544724756],[80.169973186069853,13.082213426010007],[80.169994376552339,13.082142055752742],[80.16999460043624,13.082141304194463],[80.169994836446989,13.082140511987063],[80.170008344619234,13.082095014563039],[80.17002154398125,13.082050563185943],[80.170205815550887,13.081433658162609],[80.170253191325088,13.08127505260995],[80.170310111657557,13.081292187983097],[80.171577259102961,13.081673644125196],[80.171631566412216,13.081689992334008],[80.171695983846121,13.081709383884748],[80.171736320191656,13.081721526216565],[80.171742874444604,13.081723499366223],[80.171809073976476,13.081743427360028],[80.171827897302435,13.081749093652796],[80.171871764569929,13.081757624237047],[80.171875029697986,13.081756540650179],[80.172423279265075,13.081574528155672],[80.172424100162331,13.081574255915658],[80.172815101455839,13.081444446844147],[80.173061250566391,13.081362726928239],[80.173152884995318,13.081082460253782],[80.173314303652518,13.080566362405033],[80.173331667726231,13.080510843409302],[80.173466571102551,13.080079520629424],[80.173465594394429,13.080079220027811],[80.173468376026719,13.080073749593295],[80.173469825324759,13.080070902444728],[80.173469320436041,13.080070731746938],[80.173501303740892,13.079968471768067],[80.173529480450085,13.079878386153791],[80.173539791446331,13.079845192304244],[80.17353991478609,13.079861056556593],[80.173625324457433,13.079583116050387],[80.173626307266318,13.079579922010693],[80.17362490798611,13.079455564594948],[80.173624401203313,13.079301395564112],[80.173622569838813,13.078742254908155],[80.173622569423003,13.078741548741307],[80.173699559299422,13.078359970186797],[80.173803441417746,13.078348244353329],[80.174010467309813,13.077662508110627],[80.174090614967739,13.077621132277084],[80.174090643608693,13.077621117901771],[80.174071084618461,13.077094563192331],[80.174071066849734,13.077094082111012],[80.174083206789533,13.07695218705075],[80.174111526828653,13.076621178112822],[80.174135780769291,13.076479877845395],[80.174137549069385,13.076469575830235],[80.174146547630954,13.076417154841142],[80.174160441930354,13.076336210823241],[80.174167426708266,13.076295516957364],[80.174167914870736,13.076292673058886],[80.174181207192319,13.076215232625426],[80.174223204149868,13.075970565164582],[80.174224667692371,13.075962038890461],[80.174173854903415,13.075813550899259],[80.174170274094735,13.07580308711348],[80.174381728866862,13.075673806815084],[80.174414219258409,13.07565394270752],[80.174501627402293,13.075548906584709],[80.17510797059964,13.075073130798323],[80.175201462890499,13.07499977014152],[80.175296230693689,13.074858117954285],[80.175324366569853,13.074841287816794],[80.175577275066502,13.074690004401418],[80.175928372073116,13.074479986335302],[80.17592903101405,13.074479592405471],[80.175929185353482,13.074479499767024],[80.176024418580354,13.074422534442947],[80.176080322312401,13.074389094344653],[80.176096880867732,13.074379189395659],[80.176143120422054,13.074351529640266],[80.176221814420487,13.074304456593049],[80.176241613772561,13.074250446925435],[80.176254862359841,13.074214305610912],[80.176261116199228,13.074197247360187],[80.176263452144852,13.074198744900213],[80.176263839343576,13.07419768914593],[80.176310838556702,13.074069478594947],[80.176309477128527,13.074065322250327],[80.176226844872559,13.07381297915645],[80.176228103902119,13.07380880042453],[80.176255802552788,13.073716864703076],[80.176254601581718,13.073712996399729],[80.176193324774772,13.073515609758498],[80.176194201663776,13.073515410017688],[80.176230914765824,13.073507026860009],[80.176399898941227,13.073468440726401],[80.176549953321413,13.073434176719028],[80.176763371729081,13.073385443266053],[80.176889514625373,13.073356639173429],[80.176976426385281,13.073336792562083],[80.176976543717174,13.073336455675856],[80.177031155845455,13.073178889610851],[80.177077434169988,13.073045369031048],[80.177114128060353,13.072939501264276],[80.177133250255963,13.072884330187312],[80.177171629344116,13.072682118104504],[80.177121514345473,13.072098354001842],[80.177122298581992,13.072098557227822],[80.177732110667478,13.072256851572297],[80.179528094914005,13.07232730197922],[80.180853224693578,13.072600625595737],[80.181178690549075,13.072619558230112],[80.181199569270717,13.072620772707261],[80.181209567849706,13.07262177005974],[80.181256234954532,13.072626425292778],[80.185079698807897,13.073007782178756],[80.185875781647169,13.072918086736044],[80.186219523881562,13.072879356573683],[80.186729008917482,13.072911692150543],[80.187294050855144,13.073178965728179],[80.187791736194583,13.073454382869834],[80.188477560656025,13.073779610318638],[80.190151709067294,13.073488983413727],[80.190156909931474,13.073488493372196],[80.190160873549729,13.073488119709056],[80.19023776827558,13.073480876782163],[80.190238773256041,13.073480143925385],[80.190270002574493,13.073457358688156],[80.190313047197364,13.073378270709069],[80.190337668107802,13.073254440164581],[80.190361832219338,13.073151323062113],[80.190403359056205,13.073003347682764],[80.190439095987244,13.072905536420489],[80.190450952217603,13.072874854786471],[80.19045909935727,13.072832396274796],[80.190472553457369,13.07276227457306],[80.190449913786878,13.072699416126291],[80.19128050841492,13.069264847064742],[80.191279260214088,13.069231226448064],[80.191263041267263,13.068794072551025],[80.191268313780242,13.068307818994541],[80.191269579780439,13.068060618634671],[80.191278686871044,13.067359721584268],[80.19124453918937,13.066686178215145],[80.191251260416962,13.066378413551631],[80.191257869927568,13.0660140067236],[80.191231158115258,13.066005956373104],[80.191258534705611,13.06597213958184],[80.191119311284083,13.065972250106677],[80.190634837329043,13.065963297674479],[80.190244292095016,13.065958103419526],[80.189869356929989,13.065951561434034],[80.189738715279518,13.06595407340496],[80.189778723005816,13.065885248338553],[80.189846398206882,13.065793853801319],[80.189854541685548,13.065785548158267],[80.189863477701834,13.065771786431409],[80.189869468905101,13.065756565162125],[80.189870781902627,13.06574904555014],[80.189872277224282,13.065740484887915],[80.189871793611346,13.065724177292722],[80.189867790631837,13.065707243822256],[80.189846266021092,13.06566864540944],[80.189828582688904,13.065633212832351],[80.189812556434262,13.065597033165327],[80.189798217456783,13.065560178838169],[80.189785859027012,13.065523506129619],[80.189779811897353,13.065496484584141],[80.189775387282594,13.065468565746739],[80.189772731450333,13.065440431831693],[80.189771717175077,13.065407823727011],[80.189767421792411,13.065392882163447],[80.189760290461066,13.065379584562333],[80.189750495322457,13.065368032731749],[80.189724723429578,13.065352078076296],[80.189709874235788,13.065348373199406],[80.189699085434242,13.065347952391509],[80.18967679122855,13.065344837214459],[80.189651327439549,13.065343856827846],[80.189637660570341,13.06534470280133],[80.189627429579829,13.065280150773782],[80.189708086282565,13.064463331004504],[80.189713259453953,13.064451477071476],[80.189720591186742,13.06442933394367],[80.189725855985188,13.06440663459278],[80.189729011747659,13.064383562436646],[80.189730032039847,13.064360304558928],[80.189728908864765,13.064337050813565],[80.189725650820932,13.064313992914823],[80.189724091242567,13.064301249861984],[80.189722816459437,13.064290830554208],[80.18972182903147,13.064267525695605],[80.189722696392025,13.064244214895666],[80.189725411621509,13.064221040089739],[80.189729961341357,13.06419814409716],[80.189736313738734,13.064175666062614],[80.189744435173964,13.064153739700014],[80.189755120148021,13.064133093560033],[80.189767554362732,13.064113413146409],[80.189781643280199,13.064094840119761],[80.189790307630062,13.064035391758175],[80.189897613131649,13.063945387215396],[80.189923875632061,13.06392369490756],[80.189952975824511,13.063907738598896],[80.189980803323479,13.063894581274567],[80.190010365195533,13.063882706090689],[80.190176186149472,13.063837813720951],[80.190191527566313,13.063831395038248],[80.190206349258531,13.063823137421577],[80.19022012009539,13.063813286954352],[80.190232661660161,13.063801969663908],[80.190243814836734,13.063789332434309],[80.190253553827219,13.063775367047265],[80.190349035671005,13.063603081446681],[80.19042928071201,13.063480091313151],[80.190572267658453,13.063330456824458],[80.190760059046596,13.063170401590623],[80.19101424685789,13.062943846742861],[80.191210269806675,13.062707110290722],[80.191282361134114,13.062603897819368],[80.191317763928211,13.062552574834653],[80.191318566671143,13.062550770781813],[80.191318657919055,13.062548805367021],[80.191318024834686,13.062546938955647],[80.191316750540835,13.062545419554651],[80.191315005015056,13.062544446616489],[80.191313018431288,13.062544143830342],[80.19129453481645,13.062540645593582],[80.191276971730943,13.062534009092825],[80.191262294891231,13.062525281194571],[80.191227575573819,13.062499504569326],[80.191195245549167,13.062472153088175],[80.191164754561143,13.062442832614057],[80.191139238972127,13.062411382067701],[80.19109629560235,13.062345901310445],[80.19105254738804,13.062277209977504],[80.191009064691187,13.062212525012306],[80.190975168657843,13.062163640845498],[80.190942866035272,13.062113729080153],[80.190912191690529,13.062062844981304],[80.190883179579941,13.062011040194298],[80.190873541259506,13.061999784567259],[80.190862234815029,13.061990129554147],[80.190849536189987,13.061982304777235],[80.190831339205062,13.06194376025878],[80.190793544146416,13.061856512826866],[80.190775553605505,13.061810938906126],[80.19068335016874,13.061591407877881],[80.190561080138536,13.061349703394912],[80.190326035452586,13.060990979591006],[80.190271365770542,13.060910408209857],[80.190159886726136,13.060687008236382],[80.190027166066358,13.06041589019685],[80.189953475181369,13.060247577572289],[80.189888353326239,13.060056946629361],[80.189866650041807,13.059940303775942],[80.189800544382138,13.05970209057169],[80.189693999551423,13.05947446163978],[80.189677223656091,13.059438619595763],[80.189554924693596,13.059187147604964],[80.189432215001588,13.059084899290353],[80.189377641167511,13.059038497228396],[80.189377079203553,13.059038019865335],[80.189425818980325,13.058903293423452],[80.189427543540091,13.058898523823176],[80.189421077442717,13.058747459322181],[80.189420935110164,13.058744722809896],[80.189413783701866,13.058606967583014],[80.18940778418569,13.058529473619753],[80.189358641236637,13.05833788357279],[80.189372863975436,13.058261202557684],[80.189389270343682,13.058172746843137],[80.18939331854574,13.058155409108457],[80.189398475251608,13.058128198425873],[80.189398951041966,13.058095139266225],[80.189400020560626,13.058062714897295],[80.189400039214533,13.058042568791135],[80.189399656424555,13.058032964233719],[80.189399167055868,13.058020689281493],[80.18940019616393,13.057996415116881],[80.189400387989508,13.057983407196364],[80.189401865651092,13.05788492700086],[80.189404268539988,13.05772472997748],[80.189405272946544,13.05759686677699],[80.189402977997943,13.05749965417869],[80.189403693843062,13.057450107035985],[80.189405588861391,13.057318943632735],[80.189405689363355,13.057161960097122],[80.188991381358477,13.057137039576302],[80.18881030326412,13.057108580352963],[80.188504394351,13.057060500097045],[80.188332038694242,13.057021508828193],[80.18787321187537,13.056917710354771],[80.18717887864338,13.056862949291856],[80.186915039777745,13.056842140315103],[80.186645829134562,13.056820907297528],[80.186608062238889,13.056743476173819],[80.186596973275385,13.05654314977919],[80.186662027143754,13.055871657594889],[80.1867091846824,13.055411923570524],[80.186725100661775,13.055210806803339],[80.18680194140984,13.055197472912722],[80.186995381774295,13.055163905394023],[80.187165631023404,13.055135257776172],[80.187165557359933,13.055134375059597],[80.187143882705982,13.054877702704689],[80.187142936399866,13.054854019110595],[80.187127176770403,13.054658716138039],[80.186869531296765,13.0546932420611],[80.186828944580554,13.054704843588915],[80.186745379693164,13.054745807257063],[80.186632678552201,13.054801053132673],[80.186606049035007,13.054753881237566],[80.186604604196788,13.054749821422998],[80.186604096860464,13.054750411165235],[80.186602544304279,13.054752214654927],[80.186583044283651,13.054702979217215],[80.186550249725002,13.054620176587923],[80.186523196874546,13.054551873443756],[80.186489896981158,13.054457219868263],[80.186426932189903,13.05429349088632],[80.186379451069115,13.054165137111793],[80.186351590946643,13.054078062331604],[80.186338885596143,13.054038353044715],[80.186323547349446,13.053972090399302],[80.186318408219392,13.053945663882898],[80.186322940364931,13.053914347204651],[80.186325056945179,13.053914076276206],[80.186325029563804,13.053912015551342],[80.186439641219081,13.053899644134857],[80.186440001857207,13.053899353216943],[80.186442225965536,13.053894405273946],[80.18644193928408,13.053889004576538],[80.186439538462253,13.053860294561963],[80.186439832338891,13.05384742711766],[80.186442879920662,13.053834902880904],[80.186450686081827,13.053824457862662],[80.186450817172883,13.053823290971346],[80.186455937430381,13.053817431673954],[80.186462757981104,13.053808304571195],[80.186464099598069,13.053807265359616],[80.186469396957307,13.053799424644112],[80.186471197949558,13.053793003356263],[80.186471940737476,13.053790356428204],[80.186467996547478,13.053749083327768],[80.18646287000017,13.053695407413144],[80.186453251599261,13.053577855653536],[80.186449806574743,13.053531725028916],[80.186445301311068,13.053403442196068],[80.186432908993211,13.05321110194914],[80.18643275540353,13.053208715320483],[80.186427124691818,13.053203154053772],[80.186425696098325,13.053201743553178],[80.186017552292981,13.053238821750224],[80.186016960873744,13.053234669678289],[80.186014731827726,13.053234926687928],[80.185976333268599,13.052963820590932],[80.185976091349488,13.052961653401393],[80.185974071566449,13.052947850984795],[80.185953337603735,13.052801466840268],[80.185927979261663,13.052646111283147],[80.185868062108639,13.052348927667028],[80.185851962046101,13.052276817945915],[80.185849896034583,13.052267561627628],[80.185837024617058,13.052206224584436],[80.185836958328252,13.052205907910947],[80.185716943947199,13.052222767658328],[80.185714690736106,13.052223084266103],[80.185692246414192,13.051853523656542],[80.185690922286511,13.051817673959219],[80.18568425867268,13.051637185697823],[80.18568425358319,13.051637050053991],[80.185566018588361,13.051643749588795],[80.185421363195289,13.05165194641765],[80.185419087545796,13.051652075786087],[80.185418197248893,13.051612465139005],[80.185428458032035,13.051484151927131],[80.185431847849344,13.051441758106916],[80.185431869955437,13.051441485112479],[80.185441406613023,13.051322223227606],[80.185454360917433,13.051160229441168],[80.185488554142296,13.050946923063202],[80.18550510842519,13.050843653885821],[80.185511075146394,13.050796430779165],[80.185519498773019,13.050729771798693],[80.185522750872678,13.050703232433692],[80.185531772443852,13.050642951650479],[80.185554164455965,13.050478599593783],[80.185580039932447,13.050303222908767],[80.185618170916513,13.05000878997433],[80.185661461541585,13.049685705147571],[80.185741176817345,13.04918304607647],[80.185740260051318,13.049067535276629],[80.185784669068639,13.048768655342291],[80.185790643937807,13.048728484890489],[80.185814819441887,13.048565739691764],[80.185841400193851,13.048402133130347],[80.185880483909358,13.048161573564171],[80.185910831909609,13.047934845868488],[80.18593146532028,13.047780699157505],[80.185939278209787,13.047728116388958],[80.185954863390677,13.047635637353974],[80.186024010429179,13.047225329102353],[80.186025001725014,13.047219445969397],[80.186033961918469,13.047166277272259],[80.1860342790294,13.047166320766159],[80.186141979442638,13.047181164362526],[80.186410049419479,13.047218047922648],[80.186526216438523,13.047234487639685],[80.186526359982736,13.047234023339209],[80.186527416023793,13.047230617876775],[80.186527820541073,13.04722931440763],[80.186528001367989,13.047228729967566],[80.186541518397433,13.047111774394519],[80.186571745288646,13.046866560098666],[80.186602033553555,13.046670257024477],[80.186644965126902,13.04635564475174],[80.186684488674786,13.046058306172768],[80.18668446692223,13.046057907358353],[80.186684380751487,13.046056337420533],[80.186683562158109,13.046054534614161],[80.18668214093519,13.046053137702371],[80.186680304612651,13.046052332632522],[80.186679661262573,13.046052217587974],[80.186263846406462,13.04598343415779],[80.186229923435107,13.045977822838024],[80.186235459568437,13.045938088606576],[80.186237688571495,13.04593838856969],[80.186689025101359,13.045999362065684],[80.186692096381535,13.045997040723062],[80.18669333139475,13.045997001202201],[80.186693346428299,13.045996916255948],[80.186699366366099,13.045961506444334],[80.186726141041859,13.045804018948715],[80.186758140086141,13.045615801008379],[80.186758332021938,13.045614920934026],[80.186758449454899,13.045613980045145],[80.186760500283839,13.045601918314999],[80.18676048189981,13.045597666773967],[80.186760858847421,13.045594638934478],[80.186761555699562,13.045573867446649],[80.18676035394121,13.045553290723863],[80.186757283099041,13.045532904337936],[80.186754549106226,13.045521759792697],[80.186753428746343,13.045514654795127],[80.186753248945351,13.045513514955744],[80.18675307818053,13.045512432108476],[80.186755216921881,13.045514388252441],[80.186859138065216,13.045609445369367],[80.186864589675153,13.045601470391244],[80.186935293191326,13.045500475145081],[80.187188453887842,13.044986654315299],[80.187231571342124,13.044880489925411],[80.187589927150498,13.043998130551444],[80.187392386694057,13.043909507976156],[80.187381210746395,13.043905078553612],[80.187302958841599,13.043874070710828],[80.187304435559511,13.043870049908325],[80.188078757112436,13.041761180019869],[80.188126708246713,13.041630583158257],[80.188132631886887,13.041600275308054],[80.188374799924048,13.039498213251179],[80.18838995477482,13.03936666357227],[80.188404163373022,13.039243329080033],[80.188452765172144,13.039227219572773],[80.18850298994434,13.038209794069981],[80.188512198627194,13.037973689054978],[80.188528578405794,13.037897749779919],[80.188594360089951,13.037930808586838],[80.188601289311322,13.037930332990253],[80.188619834580408,13.037929057407849],[80.18865154722765,13.037925515584071],[80.188651958918513,13.037909265919589],[80.188652045708594,13.037905838418309],[80.188639092270833,13.037627357052088],[80.188625475577282,13.037386577301039],[80.188639738078919,13.036553175740353],[80.188640952454037,13.036491808745003],[80.188640139560377,13.036491657008069],[80.188639645559107,13.036491564137913],[80.188639663234085,13.036491517175536],[80.188640630741148,13.03648950206013],[80.188650061549112,13.036470162100734],[80.188653743957659,13.036462227637418],[80.188656404119627,13.036456692397609],[80.188660752561461,13.036448130705914],[80.188663952739262,13.036441302361338],[80.188667214937254,13.036434968801318],[80.188668218418002,13.036432102054118],[80.188668439029499,13.036431473430806],[80.188669462560497,13.036406884553891],[80.188678522909939,13.036162426142553],[80.18868442141715,13.036048045948194],[80.188694265301265,13.035857178445481],[80.188694618448011,13.035831719447952],[80.18869464637018,13.035831640871105],[80.188694707754735,13.03582525388488],[80.188694714725159,13.035824529652755],[80.188694735819951,13.035823432939722],[80.188694744804536,13.035821241218056],[80.18869487124438,13.035811869713571],[80.188694906787958,13.035810867081267],[80.188695618407635,13.035790584773894],[80.188696830570677,13.035785371409798],[80.18869759657764,13.035782080758871],[80.188702226033953,13.035767083036564],[80.188706893563761,13.035754269045491],[80.188707347663495,13.035753021785029],[80.188707036951243,13.035739128879531],[80.188706479169454,13.035714170661242],[80.188706771967134,13.035684872295395],[80.1887087784485,13.035484236719666],[80.188714660074098,13.035221303019529],[80.188714535162845,13.034921060916687],[80.188701414562317,13.034871647587755],[80.188701377679948,13.034868248632272],[80.188700887242561,13.034736553122796],[80.188700924212739,13.034705952828149],[80.188709365445092,13.034705289366437],[80.188808247132698,13.034697234351029],[80.188833298281111,13.034695396813005],[80.188834519340304,13.034695094116566],[80.18883666403012,13.0346949190898],[80.18884442441896,13.034692635900859],[80.188916916439908,13.034674647097773],[80.188911356291328,13.034632229634266],[80.188909598574071,13.034607310153584],[80.18890322367595,13.034551437639919],[80.188894882930384,13.034486982754656],[80.188880669191107,13.034430302673298],[80.188916159978817,13.033578494760198],[80.188922486046451,13.033458480066818],[80.188923653421753,13.033436428781506],[80.188923673184533,13.033436023767402],[80.188923675423439,13.033435902613302],[80.188914474811142,13.033051541710375],[80.188911698866505,13.032975115618724],[80.188884390961078,13.032223423397028],[80.1885613924225,13.032236877338697],[80.188556557274651,13.032232941640963],[80.188482568283106,13.031670614584934],[80.188614289273389,13.031205451868063],[80.188612093400181,13.02910862675482],[80.188612075225194,13.029090419975292],[80.188611547452709,13.028587265913087],[80.190451987315186,13.027879914736497],[80.190548890545102,13.02734194240538],[80.191088926741784,13.027045554397578],[80.191013504760164,13.026274016566669],[80.191226917804102,13.025545246558112],[80.191905592346984,13.02623528582197],[80.193142928435762,13.027194737178293],[80.193330501568312,13.02731953931006],[80.193489983452551,13.027544389201973],[80.193644754346025,13.027804251721122],[80.193838453785077,13.028056606596369],[80.193962424737464,13.028217198114305],[80.194164299898006,13.028347516324061],[80.194436274312238,13.028455165431554],[80.194762762639684,13.028547726345373],[80.194957104620059,13.028601732337343],[80.195369425570192,13.028618269944253],[80.195618232155681,13.02867244542745],[80.195835817079853,13.028757036577893],[80.196349187566582,13.028804403430227],[80.196769315890663,13.028813332586882],[80.19718939327332,13.028837521814866],[80.197650693147281,13.028874056291045],[80.197944325384256,13.028813557064819],[80.198242163682124,13.028792287020261],[80.198466510056591,13.02884052861492],[80.198652023655086,13.02891020313084],[80.19896454891267,13.028927603749022],[80.199244479788689,13.028907379418087],[80.199580168757862,13.02886298257085],[80.19988367200429,13.028818177598254],[80.200206890374247,13.028753300405681],[80.200801010910453,13.028600662081612],[80.201125247880057,13.028528003585279],[80.202865569029143,13.02809625241937],[80.203495392155503,13.027939996783449],[80.203686782432939,13.027834920192385],[80.204075581088432,13.027773037975747],[80.204529373040145,13.027683969394944],[80.204923890965546,13.027544245351187],[80.205335642609114,13.027451803937023],[80.205835372255763,13.027363510385189],[80.206234628321468,13.027317237016078],[80.20656233090304,13.027272034297859],[80.207025612457286,13.027179742434528],[80.207190996148597,13.027163706119133],[80.207192201805967,13.027163589549085],[80.207370116210654,13.027146338232635],[80.207829477290346,13.027081557412052],[80.208363521799072,13.026858512598308],[80.208531117147899,13.026756649951095],[80.208846989313926,13.026564666861349],[80.209042565949375,13.026432555423611],[80.209239195920816,13.026299731822879],[80.209637271431362,13.025932410665289],[80.209749513140721,13.025845664669717],[80.209747514898098,13.025843304062315],[80.210018953105546,13.025623899969572],[80.21041453542864,13.02527235526998],[80.210594329914315,13.024917251399714],[80.210706819223518,13.024589856705711],[80.210823290710522,13.024189462330511],[80.210956207847516,13.023758431433903],[80.211059899925701,13.023305041247708],[80.211151323226204,13.022847248218332],[80.2113306418333,13.022387735049044],[80.211425599256316,13.021991035331553],[80.211562503942204,13.021352445953651],[80.211732453024766,13.020618548255726],[80.212048141106791,13.020112413599811],[80.212025017331868,13.020151475006692],[80.212674065419577,13.020456977448044],[80.213734317196369,13.020703414764991],[80.213741014711474,13.020709587201088],[80.213776636442148,13.020692983895907],[80.213788487037263,13.020609935313558],[80.213874789810575,13.020597316698122],[80.214001213741867,13.020578832085144],[80.214150649573412,13.020556982109634],[80.214285611025403,13.020537249217078],[80.214412322426341,13.020507118356337],[80.214636204853264,13.020453881183665],[80.214763270553462,13.02042366532118],[80.214924823878988,13.020385248778354],[80.215060511657953,13.020352982837908],[80.215188564708143,13.020322532850795],[80.215281142656892,13.02030051828363],[80.215335720400361,13.020294934553021],[80.215346978917452,13.02029378231372],[80.215386297421901,13.02027424409968],[80.215472460207394,13.020249498377618],[80.215613500139654,13.02020899213769],[80.215695851869071,13.02018534064138],[80.215755942973161,13.020168082269329],[80.215837039414978,13.020144791320853],[80.215907838998234,13.020124457576213],[80.216014515999717,13.020093819571853],[80.216161939148037,13.020051479626103],[80.216251763280326,13.020025682274266],[80.216360889809849,13.019994340828571],[80.216525125962519,13.019947172439663],[80.216754743593285,13.019881225084527],[80.216792965345377,13.019870247859428],[80.216890024642424,13.019842371685353],[80.217050835416927,13.019796186318572],[80.217170548401484,13.019761803123616],[80.217286836155949,13.019728405052197],[80.217350594998777,13.019710093130509],[80.217395175145157,13.019697288636676],[80.217554282848496,13.019651590593929],[80.217655469568982,13.019622530326624],[80.217768378164081,13.019590101985287],[80.217923714539751,13.019565740357098],[80.218076103725039,13.019554307863197],[80.218108926747902,13.019545796174866],[80.218189970882861,13.019539654159935],[80.218325966548136,13.019532469736331],[80.218444865871078,13.019526053828125],[80.218521139025285,13.019522188560332],[80.218605012406201,13.019518370580903],[80.218704189364544,13.019512048846774],[80.21876752206451,13.019505205892914],[80.218830579256732,13.019496232716008],[80.218892257035108,13.019485157638407],[80.218916258435144,13.019480270414892],[80.218986467342475,13.019469390994667],[80.219058956748455,13.019467337933374],[80.219131730957812,13.019471808567364],[80.219198127210774,13.019479043995082],[80.219266219892546,13.019484030355992],[80.219334447391859,13.01948660290587],[80.2194315134427,13.019496511157419],[80.219438602218474,13.019427514426683],[80.219588146851322,13.01928247955151],[80.219556219569469,13.019023371552207],[80.21952240266414,13.018882180193755],[80.219423617154106,13.018700480714974],[80.21934851942531,13.0186129131353],[80.219319715439028,13.018538307255991],[80.219306889057265,13.01849124692208],[80.219294390888138,13.018445389249949],[80.219288033315593,13.018407481653703],[80.219286873759089,13.018358717668393],[80.219295394709278,13.018305893148128],[80.219311551010108,13.018231867450691],[80.219311835905444,13.018196239428601],[80.21930783970717,13.018156937437949],[80.219301283054136,13.018128718590466],[80.219289337816534,13.018090343887277],[80.219283955732919,13.01806750672346],[80.219280567259943,13.01802024332059],[80.219278443240881,13.017997368040511],[80.219273978615632,13.01797602917557],[80.219269848277349,13.017950711052547],[80.219266768825833,13.017914903819509],[80.219263848243713,13.01789167983523],[80.219074311212097,13.017086537136791],[80.219051268578397,13.017071262832884],[80.219000253460663,13.01663847206178],[80.21899503262901,13.016594192404652],[80.219573525890326,13.016517583106475],[80.220268462372189,13.01646422215231],[80.220679247961286,13.016325392209666],[80.221825931777047,13.016040721658749],[80.22199940317546,13.016007506421536],[80.222360857441501,13.015935198419523],[80.222744141353601,13.015969710932497],[80.2231277006791,13.016015616571089],[80.223306417249091,13.016028540068492],[80.223470671303559,13.016036627014238],[80.223734863908078,13.016140495958192],[80.223939531543763,13.016318782713119],[80.224177594374225,13.01646312623169],[80.22441152983059,13.016555918056675],[80.224598523130538,13.016739395821762],[80.224787690310379,13.016905926292287],[80.224901490679642,13.017036922614915],[80.225019531398559,13.017110574812932],[80.224935186965922,13.017320825895583],[80.224828347694327,13.017587996646627],[80.224654209193105,13.018020308283635],[80.224529783201632,13.018331300573262],[80.224377401972845,13.018708389058631],[80.224309568705522,13.018874377324225],[80.224281105368021,13.01894619291399],[80.224255293911042,13.019018964931748],[80.224232166904017,13.019092599439453],[80.224226841456627,13.019123138081435],[80.224223684007839,13.019153966220811],[80.224222709779625,13.019184933806827],[80.224223923844875,13.019215892566656],[80.224227319285731,13.019246695095795],[80.224232880890696,13.01927719215645],[80.224240581449138,13.019307238091695],[80.224242509155658,13.019316592333315],[80.22436156429545,13.019555327754066],[80.224361817814554,13.019555647693194],[80.224377296904336,13.019576752694174],[80.224400228334474,13.019611658109248],[80.224437375444268,13.019678070222763],[80.224476666598477,13.019743290683849],[80.224496523821017,13.019773972444417],[80.224664601194675,13.020025745434765],[80.224814418966631,13.020220967814877],[80.22492101073351,13.020371443413744],[80.224967534775857,13.020438384408834],[80.225035416386618,13.020536055909844],[80.225122675251654,13.020662242131426],[80.225181471419887,13.020744928347309],[80.225224462662808,13.020805388324309],[80.225275924574035,13.020877815309145],[80.225325084725043,13.020947003814683],[80.22537558788332,13.020988782925231],[80.225429626898134,13.021049171888471],[80.225479005896091,13.0211182895902],[80.225532083301829,13.021192583093198],[80.225561419068498,13.021236512426571],[80.225612920030699,13.021314536438831],[80.225656861884488,13.021375698134086],[80.225718191547315,13.021461062800617],[80.225739376983526,13.02149055038408],[80.225771695632062,13.02153964975034],[80.225801156395448,13.021590569768547],[80.225824908284693,13.021631620626529],[80.225849811314944,13.021674661436656],[80.225872938457499,13.021723284871657],[80.225888657361025,13.021756335835798],[80.225922581352677,13.02179569907948],[80.225978024151246,13.021857886055344],[80.226031089007023,13.021914930996831],[80.226110978745695,13.022011166058258],[80.226182489048952,13.022095155889991],[80.226251181447907,13.022174928265567],[80.226310976643759,13.02224436896222],[80.226368329560628,13.022310974036431],[80.226420478924268,13.022373060681955],[80.226477099049589,13.022440470090951],[80.226494636541304,13.022461348741965],[80.226547457586221,13.022524235772901],[80.226678666431823,13.022680445326163],[80.226730282135605,13.022741898291585],[80.226802815452004,13.022820860076102],[80.226847673655911,13.022867124989039],[80.226928331542354,13.02295939992973],[80.226970141458139,13.023010013958396],[80.226998634566883,13.023044508971005],[80.227040755695768,13.023087553991257],[80.227095614945839,13.023143616703766],[80.227139372381345,13.023188333923727],[80.227225734080406,13.023232716069876],[80.22728116032242,13.023290930613568],[80.227351569747398,13.023367664320734],[80.227418355295185,13.023438977410105],[80.227460673018726,13.023493914031686],[80.227701291800429,13.023746274834824],[80.22764897466935,13.023786654997505],[80.227727222983987,13.023882970621353],[80.227769109399617,13.023920898896169],[80.227795149442514,13.023944478306772],[80.227839229100752,13.023984393291897],[80.227969333687938,13.0241171251437],[80.227999263555276,13.024138895971866],[80.228093523636758,13.02420577425057],[80.22820650744687,13.024289658287932],[80.228295947893457,13.024352223604476],[80.228398894729821,13.024431104612669],[80.228439675887429,13.024454062345084],[80.228481283840395,13.024475659908628],[80.228523644932721,13.024495859107484],[80.228566679966974,13.024514624442006],[80.228610313439901,13.024531918615148],[80.228655085635594,13.024551948648909],[80.228698578273296,13.024574528317871],[80.228740639437433,13.024599579409939],[80.228793206438937,13.024637901886182],[80.228888062098648,13.024709431041581],[80.22905699310104,13.024837951288051],[80.229056261825406,13.024838544978655],[80.229011657104337,13.024837386076848],[80.22896586490927,13.024844184176647],[80.228943615286255,13.024850554073305],[80.228891142273056,13.024864100196904],[80.228852212970651,13.024874150283896],[80.228799415083358,13.024887780416497],[80.228767755545761,13.024895953303504],[80.228729108392372,13.024906608213595],[80.228706369396804,13.024912877171882],[80.228644356082484,13.024927442824998],[80.228581810657516,13.024939627940416],[80.228521936460581,13.024948932083479],[80.228490711667774,13.024955778869932],[80.228416341339653,13.024972087152371],[80.228360999148919,13.02498422312329],[80.228278971409864,13.025002209366786],[80.228232028540347,13.0250125031466],[80.228198262748236,13.025019775442658],[80.228163865792695,13.025027175155174],[80.22808998454083,13.025043068867614],[80.228028891290307,13.02505621209662],[80.22794939274597,13.025071611626641],[80.227899207916565,13.025080873949342],[80.227877899039015,13.025084807033533],[80.227776406968005,13.025101284815406],[80.227687805833952,13.025113339656862],[80.227529196232595,13.025130073061982],[80.227353507903445,13.025149496992185],[80.227242580075441,13.025163005997017],[80.227198631088513,13.025168358038787],[80.227062561948145,13.025185750590742],[80.226928882730363,13.025203252370744],[80.226784638461922,13.025222137637446],[80.2266394077554,13.025233196781354],[80.226410437057254,13.025252895132178],[80.22621227371603,13.025272202389202],[80.226134490609141,13.025279768907575],[80.225977307568414,13.025294683656316],[80.225766436179143,13.025307004791632],[80.225605298753209,13.025312445100363],[80.225220515881659,13.025335865166543],[80.22518326143252,13.025333631683687],[80.224978733091092,13.02532121969455],[80.224733102119785,13.025313092587766],[80.22454542413081,13.02530265206113],[80.224373553410118,13.0252862032973],[80.224376816980978,13.025298354591273],[80.224462154751748,13.025616142368632],[80.224548833135529,13.025933474800834],[80.224622974562394,13.02620372444648],[80.224684628445445,13.026430844602968],[80.224734679122079,13.02661571589597],[80.224819358936216,13.026927385629913],[80.224932434210686,13.027339155056493],[80.225036563610246,13.027723974386745],[80.225132924789918,13.028077661631897],[80.22520581515731,13.028344608891524],[80.225402206955863,13.02906330026288],[80.225550898634879,13.029610167679591],[80.225725625727549,13.030250083031516],[80.225830222573279,13.03063089518853],[80.225830260422228,13.030630882642869],[80.226019257024376,13.030564317010386],[80.226061841846359,13.030558464745802],[80.226068945970269,13.030563659764601],[80.226077049423694,13.030567179581665],[80.226085746984083,13.030568849381391],[80.226293387716566,13.030551204627962],[80.226627225253182,13.03052046382232],[80.22700995876896,13.030483358222446],[80.227041646959776,13.030479572834642],[80.227354064686239,13.030442248852644],[80.227586646155203,13.030407901873092],[80.227600168342235,13.030410560724146],[80.227613932234974,13.030411405574984],[80.22762768611571,13.030410423016638],[80.227774164764071,13.030399376241427],[80.22807185739866,13.030366898298412],[80.228160015934023,13.030356323182325],[80.228208366081304,13.030350523898365],[80.228289576058188,13.030340783413381],[80.228574907202656,13.030316443811154],[80.228611570403245,13.030313315920427],[80.228615288748514,13.03031299876494],[80.228856762675619,13.030283724316238],[80.229018618727238,13.030265553219113],[80.229065267722476,13.03026411959376],[80.229111935570927,13.030264639982672],[80.229121842921259,13.030265164047011],[80.229154106112389,13.030266874000183],[80.22915854113819,13.03026710871938],[80.229204995903928,13.030271522828119],[80.229251216894937,13.030277874828711],[80.229297120226931,13.030286153621518],[80.22934262295459,13.030296342684597],[80.229343061554061,13.030296460630067],[80.229369836438835,13.030303646320519],[80.229387640290952,13.030308424586382],[80.229445884740187,13.030333600584573],[80.229467486848506,13.03034293733803],[80.229539132250366,13.030373905651539],[80.229691538106962,13.030437325069697],[80.229844829309187,13.030498670095524],[80.229925340124467,13.030527466552551],[80.230032424130584,13.03057561938904],[80.230078623570051,13.030592852273259],[80.230125704635967,13.030611576978924],[80.230174948317213,13.030624313282694],[80.230224661719575,13.030635155778292],[80.230274768348011,13.030644088866859],[80.230325190782423,13.030651097851063],[80.230434689096555,13.030664066398169],[80.230544523197707,13.030674018595171],[80.230649049415973,13.030680600422247],[80.230651046693836,13.030680365835414],[80.230652828446395,13.0306794470367],[80.230654155455824,13.030677963574002],[80.230654854656066,13.030676114760821],[80.23065492467093,13.030675540804319],[80.230673644869483,13.030396425912233],[80.230686674974748,13.030123913738203],[80.230689744147199,13.030084453794776],[80.230702191278027,13.029951452785891],[80.230729553219575,13.029676507449382],[80.230739674345713,13.02955879942767],[80.230748016386798,13.029474300856798],[80.230753792954275,13.02941696214145],[80.230761773028931,13.029340676210316],[80.230765629098954,13.029303808215154],[80.230768051235103,13.029280657137416],[80.230784335433171,13.02912497218165],[80.230826850099987,13.02871812607367],[80.230878398251463,13.028180739932408],[80.230894601239441,13.027998124133113],[80.23089879554648,13.027950848028668],[80.230903522961455,13.027897567835454],[80.230912472027086,13.02780368639287],[80.230924238131664,13.027708683061965],[80.230938843123468,13.027612947615506],[80.230963787417579,13.027487696425627],[80.230990243546444,13.02736470478105],[80.231018196370314,13.027243798126509],[80.231074143553698,13.026988493413141],[80.231101591056131,13.026873822388072],[80.231112691623892,13.026829498161712],[80.231157737318924,13.026649879372027],[80.231190042625229,13.026491016585229],[80.231197126038495,13.026448817958448],[80.231213434790121,13.026351659804831],[80.231249492100005,13.026142354883419],[80.231255125804282,13.026109730104844],[80.231255923163772,13.026102959135178],[80.231254689689436,13.026096251766447],[80.231251530565501,13.02609018790038],[80.231246720831109,13.0260852909779],[80.23124067416326,13.026081983581141],[80.231342476933918,13.02609581041637],[80.231482780048495,13.026149917556587],[80.231549107672564,13.026164904114969],[80.231598140574235,13.026178155781293],[80.231697380661956,13.026205747602686],[80.231832637799016,13.026243385944591],[80.231882918980006,13.026257061708726],[80.231931290072353,13.026270223645858],[80.231931638363235,13.026270318714184],[80.231973567012716,13.026281718265354],[80.23202969257747,13.026297621172475],[80.232139004586287,13.026328879344577],[80.232215768265107,13.026350565096747],[80.232302824204666,13.026376508424674],[80.23236917357562,13.026397048417673],[80.23241617862378,13.026413917948334],[80.232456812424047,13.026428662733345],[80.232520949991141,13.026452940417681],[80.232586658287374,13.026478936188919],[80.232628241065456,13.026495767026042],[80.232657046223338,13.026508669277298],[80.232726135711417,13.026539611935963],[80.23284874046044,13.02659985882182],[80.232957758274225,13.026677347358776],[80.233023299608192,13.026712383591656],[80.233022657847059,13.026712058894722],[80.2330206986653,13.02671161185023],[80.233018706850714,13.026711879928637],[80.233016945325573,13.026712830452574],[80.23301564687813,13.026714333906504],[80.233014983639208,13.026716193684875],[80.232985080754545,13.026905935846804],[80.232966774397866,13.027024924577439],[80.232966721171863,13.027026038390048],[80.232967197574638,13.027027954887924],[80.232968341622126,13.027029576784866],[80.232970001812362,13.027030690242215],[80.233096309237283,13.027085604179014],[80.233208276569982,13.027138187117217],[80.233318676730832,13.027192409203566],[80.23337739016327,13.027220929412531],[80.233436069376978,13.027252483991406],[80.233493357123521,13.02728640705506],[80.233549152148157,13.027322638628055],[80.233578507585975,13.027343470406583],[80.233606970706916,13.027366886450331],[80.23363365268078,13.027392236727067],[80.233658415576116,13.027419392433634],[80.233681134410574,13.0274482121464],[80.233700257632435,13.02747643892536],[80.233738316189772,13.027531019332935],[80.233775186707277,13.027588090902283],[80.233809994217808,13.027646393310137],[80.233842324198221,13.027705176657239],[80.233866819437196,13.027750719297824],[80.233889292927643,13.027798767819304],[80.233909024023802,13.027847958372112],[80.233926186264625,13.027898835796092],[80.233931711086811,13.027921032067898],[80.233934652433703,13.027944869054842],[80.233934683745758,13.027968880993312],[80.233931807917216,13.027992726105476],[80.233926562451785,13.028014046930753],[80.233896838235694,13.028113133174406],[80.233892472453277,13.02813087959669],[80.233890462584753,13.028141215857191],[80.233890290651374,13.028143447810466],[80.233890288007743,13.028144307693642],[80.233890284705282,13.028145381869454],[80.233890554792254,13.028146618704511],[80.233890756650567,13.02814725133455],[80.233892491071217,13.028150620072273],[80.233893840162466,13.028153041881428],[80.233898384335788,13.028158859350299],[80.233933442743862,13.028183277717925],[80.23395804655307,13.028197122251379],[80.233963213863206,13.028200325719993],[80.233978126190379,13.028207942437605],[80.233990854869973,13.028214929709696],[80.234004541613416,13.02822194603416],[80.234008519355385,13.028223932554628],[80.233989637090332,13.028274788448675],[80.233992737837667,13.028270173550643],[80.233998400589726,13.028265503834362],[80.234005184802015,13.028262607849069],[80.234012529967174,13.028261726263031],[80.2340198262972,13.028262931418304],[80.234026470065245,13.028266123877559],[80.234040736045415,13.028275208001329],[80.234140927346616,13.028351637412936],[80.234300800348237,13.028482856580478],[80.234502968261097,13.028655070263452],[80.234541968050422,13.02868795443416],[80.234602162960087,13.028738709343836],[80.234603424403872,13.028740246586494],[80.234604042037802,13.028742123714347],[80.234603934545973,13.028744093641563],[80.234603115641605,13.02874589509578],[80.234602278171124,13.028746835699891],[80.234696072353884,13.028746482432709],[80.234697219757507,13.028745816714991],[80.234699209806934,13.028745527822746],[80.234701173677436,13.028745955881208],[80.234702852411218,13.02874704316136],[80.234816143765542,13.028854118973204],[80.234951704346855,13.028988199207051],[80.235182021887454,13.029216657863163],[80.235261934116281,13.029293955642268],[80.235287136565077,13.0293183330045],[80.235418143970648,13.029440959683775],[80.235567934078361,13.029590246789599],[80.235809462636666,13.029815491032236],[80.235930039551505,13.029933330644118],[80.23598295598967,13.029985046662782],[80.236049593237126,13.030050172572052],[80.236288179371471,13.030275305559043],[80.236498631001666,13.030475951184942],[80.236631862041648,13.030604919562139],[80.236803138040813,13.030777674442596],[80.23700974411328,13.030977386987768],[80.237106950054155,13.031075019014448],[80.237167996056513,13.031036716090282],[80.237172355192655,13.031040059983658],[80.237177600892636,13.031041789782298],[80.237180533617035,13.031041745971484],[80.237181350450513,13.03104212361764],[80.237181754721561,13.031042311072223],[80.237282774846747,13.031089076904378],[80.237457515447758,13.031149741037499],[80.237674221008973,13.031218775689412],[80.237663296273411,13.031251744938826],[80.237638119576303,13.031416804393404],[80.237784275648693,13.031462209087298],[80.238011661856717,13.031527536033911],[80.238268831044905,13.031599673040601],[80.238495471853852,13.031663666405663],[80.238720992937459,13.031725645353973],[80.238991463313781,13.031802365234769],[80.23913728970129,13.031856541647558],[80.239139265831582,13.031856891948967],[80.239141241379755,13.031856527028557],[80.239142922215791,13.031855429747148],[80.239143034949834,13.031855355933958],[80.239143242860337,13.031855220010605],[80.239145621259084,13.031852791086214],[80.239160185379745,13.031833836661244],[80.23918779459818,13.031792051575476],[80.239260196703555,13.031668210060472],[80.239376385161293,13.031459682421291],[80.239519450006128,13.031207648557311],[80.239853462561584,13.030857864065663],[80.239626711295671,13.029261567728378],[80.239812934429096,13.028464071817424],[80.240007424951216,13.027074066403218],[80.240794067431025,13.026314229300631],[80.240825163773408,13.026304717784337],[80.241248357686388,13.026404593018258],[80.241700557110676,13.026415144401422],[80.242319448369415,13.026364737451035],[80.242857633850733,13.02633434644998],[80.243369087395919,13.026209070182551],[80.243992044172444,13.025888918754804],[80.244034169571336,13.025867267587902],[80.244071501364658,13.025848083557513],[80.244339150163881,13.025617598738336],[80.244507401118611,13.025472710206625],[80.244751766366093,13.025186397830218],[80.244817105001403,13.025109843375034],[80.244874485546049,13.0250426124264],[80.245570377227935,13.024351931443666],[80.246180852840453,13.023789214591703],[80.247155717377012,13.022751543072276],[80.247786239930349,13.02202467571691],[80.248213597775148,13.021328053639817],[80.248815818422401,13.020470627972292],[80.248850037355197,13.020311047176383],[80.248928328424185,13.019945937330199],[80.249090923039915,13.019222498324904],[80.249174430549644,13.018470357852017],[80.249790657008546,13.018814666412901],[80.249889865674547,13.01887461337852],[80.249958978121043,13.01893543625337],[80.250116127984583,13.019024144207057],[80.25029257861641,13.019142326017572],[80.250404184713162,13.019216485589496],[80.250480094423395,13.019272766288978],[80.250597427943717,13.019337484398044],[80.250999438816407,13.019600285074841],[80.251093873289932,13.019682296586453],[80.251134633328647,13.019716174410204],[80.251242462134286,13.019827707810036],[80.251319901430747,13.019911849304329],[80.251391779910662,13.019992385955174],[80.25151818598529,13.020131837618178],[80.251603228705847,13.020247003301307],[80.251656615649807,13.020338167845713],[80.251700941577383,13.020401027365933],[80.251764890991865,13.020491590330355],[80.251813145955509,13.020571469180808],[80.251847127665741,13.020632617927815],[80.251882394797633,13.020689800938667],[80.251929140562737,13.020727468240349],[80.251971146139695,13.020782443631489],[80.252004736056421,13.020866626643008],[80.252004786655746,13.020924763266189],[80.252030243659149,13.020992780125455],[80.252058883744965,13.021056881028334],[80.25208966506294,13.021109315779094],[80.252101294844039,13.021148851127251],[80.252122162899326,13.02118960756582],[80.252147032228834,13.021227291313673],[80.252181970045214,13.021281483148211],[80.252213219703705,13.021321983789582],[80.252235797163237,13.021355468143323],[80.252247086082946,13.021378912254495],[80.252262561928944,13.02139979869974],[80.252287415437507,13.021414789668961],[80.252317674269605,13.021410853218772],[80.252352607041544,13.021426770208711],[80.252381312867172,13.021463762433241],[80.252586666732014,13.021789364748212],[80.252732156080626,13.021916432699477],[80.252757891628846,13.021924839971689],[80.252813921822181,13.021928150750105],[80.252865356844069,13.021953929417187],[80.252879505377763,13.021963871177503],[80.252902455735708,13.022002521347448],[80.252907988252758,13.02201622507561],[80.25292980497133,13.022072825784985],[80.252980920905514,13.022215881949588],[80.253062391700482,13.022296534429604],[80.253132989352238,13.022355605755864],[80.253275633708895,13.022461974410062],[80.253468330967777,13.022589230363314],[80.253665875652558,13.022699753432731],[80.253775274343596,13.022746660841291],[80.253919730675591,13.022789445555743],[80.254048841104094,13.022845826819067],[80.254213710883661,13.022912912626422],[80.254382863775348,13.022973063674279],[80.254551966853882,13.023036949726208],[80.254729914688014,13.023094321008561],[80.25488184289442,13.023123207411127],[80.255054804553268,13.023186179236568],[80.255303889289095,13.023288226720462],[80.255598919294343,13.023396272338934],[80.25602983909944,13.023537128606295],[80.256240577829459,13.023658653810683],[80.256755658023081,13.023902819302618],[80.257039104395105,13.024026565955165],[80.257285592437484,13.024148951413528],[80.25756576456314,13.024287304550763],[80.257758870688974,13.024389061077841],[80.257984375092576,13.024494791023885],[80.258116807682171,13.02454049309714],[80.258169746836927,13.024561982822046],[80.258241333893736,13.024591043418582],[80.258335695703749,13.024681262421277],[80.258498876213196,13.024785088434326],[80.258632882315482,13.024894654890071],[80.258814903362492,13.025015182748309],[80.258906797131999,13.025081430450255],[80.259031547431888,13.025163771874452],[80.259153226875242,13.025281198337954],[80.259317647448555,13.025400882586416],[80.259428378277079,13.025501792247749],[80.259450715436842,13.025521322610166],[80.259551342599664,13.025609310351594],[80.259557815819463,13.025607616281826],[80.259717981353845,13.025565708213493],[80.259784707901346,13.025548249627043],[80.259783920218197,13.025546433549541],[80.25978384768473,13.025544463087037],[80.259784497832513,13.025542596862721],[80.259785786013225,13.025541080577725],[80.259787541939914,13.025540118095448],[80.259793139587785,13.025538254242402],[80.259953149743978,13.025484980669603],[80.260188503830207,13.02541092644282],[80.260497086820322,13.025325533321798],[80.260736847436888,13.025253751654025],[80.260916486755335,13.025200798367679],[80.261046243150005,13.025159746748765],[80.261048237660461,13.025159492023448],[80.261050194080383,13.02515995422166],[80.261051852539268,13.025161071116989],[80.261052993066585,13.025162697410179],[80.261053277559768,13.025163474930483],[80.261036433547218,13.025103258613035],[80.261014390062044,13.025024456071266],[80.261074576356691,13.025000130072666],[80.261246191331523,13.024955336701439],[80.261475255847827,13.024893242204941],[80.261686058146594,13.024828408206632],[80.261833392392774,13.024786257895405],[80.261949245312991,13.024757158651843],[80.261988930301627,13.024749714297865],[80.262017163939689,13.024734077822753],[80.262092627117241,13.024708433334023],[80.262219633941129,13.024662440854977],[80.262323036258266,13.024626542576682],[80.262397868747243,13.024601785031978],[80.26255534385048,13.024551567823787],[80.262670330167339,13.024519519891781],[80.26272751776267,13.02450936918718],[80.262820125005817,13.024486229043113],[80.263244088749872,13.024400323280606],[80.263282899745334,13.024392459402636],[80.263294962609294,13.024390015259755],[80.263539020786212,13.024341972103747],[80.263829354795448,13.024295148769298],[80.263879733413717,13.024287023778365],[80.263947279175838,13.024276130018325],[80.264069710912565,13.024255004555755],[80.264192365287087,13.024234677172728],[80.264315198937254,13.024215154979615],[80.264387399170246,13.024204169422124],[80.264390354094886,13.024204079247614],[80.264400679733356,13.024203763137393],[80.264413877966206,13.024205318738028],[80.264426689656929,13.024208800097107],[80.264438822712577,13.024214126816229],[80.264449998067917,13.024221178749061],[80.264459960762167,13.024229792415968],[80.264479945444819,13.024260365947381],[80.264551948277855,13.024363796679065],[80.26462549363346,13.024465467668685],[80.264700895555876,13.024565833715378],[80.264777510046684,13.024664064741753],[80.26490403385435,13.024826417734474],[80.264919111229148,13.02484683668942],[80.26496417309194,13.024905480825398],[80.264964396334747,13.024905768090548],[80.265028259716686,13.024989719899647],[80.26512392977196,13.025105999390082],[80.265270159558682,13.025319539835158],[80.265397330619095,13.025514065977967],[80.265449011929846,13.025593121278151],[80.265506508171597,13.025681071410043],[80.265555620777079,13.025757163575282],[80.265623741209225,13.025860887759338],[80.265651091799995,13.02590518074703],[80.265692941402889,13.025973747433319],[80.265828179132939,13.026208771063772],[80.265841292766325,13.026233764196402],[80.265843731872579,13.026242555433257],[80.265908765635288,13.026213652300052],[80.265987193444971,13.026167447177659],[80.266005942949064,13.026157554033762],[80.266034022425075,13.026142262087037],[80.26607318294225,13.026121937972754],[80.266107911941418,13.026103319292298],[80.266173782553452,13.026063913429919],[80.26624399697711,13.026019380355477],[80.266315615820886,13.025977054777513],[80.266383368565215,13.025939836026149],[80.266527257771543,13.025844023321497],[80.266528687549481,13.025842636702659],[80.266529520034709,13.025840840598448],[80.266529641102323,13.025838871587116],[80.266529035231159,13.025836990035192],[80.266451906794956,13.025720639611066],[80.266367097718955,13.025584497940685],[80.266215064208126,13.025353495947348],[80.266238435961895,13.025339727792693],[80.266419383002855,13.025218138104853],[80.26647754286806,13.025333561406926],[80.266545606785854,13.02543653290882],[80.266723372301158,13.025706735080449],[80.266723800378045,13.025707299609667],[80.266725360739414,13.025708544589465],[80.266727272459818,13.02570916033363],[80.266729282177465,13.025709065651462],[80.266731124268304,13.025708272450494],[80.266827645606185,13.025643999813184],[80.266870874647864,13.025615214694652],[80.266973387556362,13.025537385951361],[80.26706152058614,13.025479072613271],[80.267109248818159,13.025447494429521],[80.267679770090751,13.025070010414112],[80.267690896917443,13.025062866086994],[80.267930440382756,13.025005944845667],[80.267948609690634,13.025008291920757],[80.26796693342267,13.025008612207067],[80.268092994884356,13.025008877692416],[80.268661083659254,13.025063286274117],[80.268843197275999,13.025089002784744],[80.269025573628198,13.025112877143558],[80.269208188748635,13.025134904761192],[80.269257966417356,13.025143990351703],[80.269308073459385,13.025151137344753],[80.269358430598345,13.025156334666283],[80.269408958549889,13.025159573954829],[80.269459577099539,13.025160849558963],[80.269510206016875,13.025160161252531],[80.269560765071475,13.025157508809427],[80.269678616372858,13.025149306039635],[80.269796596325676,13.025143145269746],[80.269914669884884,13.025139028209466],[80.270032798316748,13.025136956558127],[80.270101468264798,13.025131731906344],[80.270169953097749,13.025124533742879],[80.270238192848794,13.025115370036852],[80.270306129398108,13.025104247858428],[80.270373703698482,13.025091176083629],[80.270440857614247,13.025076167207889],[80.27088133092856,13.024968268929756],[80.271049405316646,13.024924040423681],[80.271217956747577,13.024881591715296],[80.271238736131437,13.024876592912403],[80.271440951228982,13.024828326992559],[80.271500441194206,13.024814435595705],[80.271600718958624,13.024790228787962],[80.271700454215349,13.024763897345712],[80.271800864342126,13.024735091144997],[80.271865404365528,13.024716700964271],[80.271927143834191,13.024696691611153],[80.271988103078385,13.024674489165813],[80.272029082141358,13.024651405972511],[80.272055250686819,13.024627156360008],[80.272086775754516,13.024600209171364],[80.272105639052498,13.024582810993481],[80.272129121135308,13.024562713168809],[80.272145856564379,13.024547659944297],[80.272192909364236,13.024499210959313],[80.272225208540476,13.02446832630819],[80.272258953851619,13.024438964774378],[80.272294068564833,13.024411192148868],[80.272330476888001,13.024385067895855],[80.272368096571284,13.024360652365692],[80.272406846310929,13.024337997773539],[80.272446637428473,13.024317155409729],[80.272542969456552,13.024276329633619],[80.272641518747321,13.024247069385291],[80.272841262323581,13.024203953882751],[80.272993780971618,13.024174136859154],[80.273145368540582,13.024147677156533],[80.273273429350681,13.024121564643634],[80.273421184834959,13.024091437433748],[80.273478049001739,13.024071248564868],[80.273573237434462,13.02406043244002],[80.273683909797796,13.024034869585263],[80.273920179404584,13.023898443102743],[80.274124407738938,13.023817099436231],[80.274358375661507,13.023716297166388],[80.274505556447195,13.023643655633229],[80.274683910950003,13.023555626660496],[80.274878683552473,13.023453091204594],[80.275054139835632,13.023360153972877],[80.275241438972813,13.023260422068365],[80.275412723563704,13.023169218033843],[80.275689171000977,13.0230355306349],[80.275940624429609,13.022908512172814],[80.276165290953045,13.022790469770428],[80.276322540655613,13.022712177751329],[80.276478568646795,13.022631570170731],[80.276668167679986,13.02252034391304],[80.27686234719819,13.022416992343214],[80.277060763634594,13.02232169895178],[80.277196616008624,13.022260122433224],[80.277306623455559,13.022219556258754],[80.277460475971935,13.022190947346845],[80.277641931234911,13.022195336439097],[80.277796474906111,13.022091748036761],[80.277913635887728,13.021944698804669],[80.278220446262324,13.021826528792207],[80.278225904968096,13.021827993426577],[80.278308581703413,13.021850175824037],[80.279055179895636,13.027733791867323],[80.279057879598938,13.027749896033542],[80.279077747446678,13.027946222550632],[80.279112504424546,13.028199519220284],[80.279258886222578,13.029420038779973],[80.27928342795974,13.029657189557437],[80.279323411169173,13.029989957727556],[80.279354823109031,13.030289065633085],[80.279394197708172,13.03064100123704],[80.279439956387634,13.031017639374348],[80.279487090629829,13.031396993938705],[80.279524287787922,13.031736626271487],[80.279570107356236,13.032124205421603],[80.279615985262225,13.032523539383657],[80.279656755753138,13.03287131855843],[80.279703125903168,13.033228066725069],[80.279746183196679,13.033614281841457],[80.279786184137663,13.03394252892801],[80.279798432028954,13.034043020116972],[80.279848768865378,13.034495171963913],[80.279861738937527,13.034611277153711],[80.279876555910462,13.034727172275201],[80.279893214342366,13.034842826570078],[80.279911708791388,13.034958209280068],[80.279946895083455,13.035244374825998],[80.279999661868516,13.03570116743032],[80.280039578814822,13.036089272571077],[80.280058441980231,13.036231556379457],[80.280075331123854,13.036386764825881],[80.280094840399357,13.036528869585185],[80.280110340969031,13.036717801000082],[80.280123035443452,13.0368249854249],[80.280129660821743,13.036893541639332],[80.280141894894939,13.036968262934876],[80.280152661259407,13.037040268441681],[80.280163398620914,13.037122308729639],[80.280173846249937,13.037208870138887],[80.280186901781718,13.037345258657044],[80.280204477901208,13.037486819126753],[80.280219812281047,13.037628633776441],[80.280232826213364,13.037769854243718],[80.280243014381284,13.037870894858813],[80.280255430872785,13.037971226439184],[80.280270113229548,13.038071262310392],[80.280287456877232,13.038173310196683],[80.280303074887584,13.038303806794517],[80.280320252326007,13.038481234129121],[80.280348941567809,13.038688816115156],[80.280361694994326,13.038786507443177],[80.280364105176261,13.038884969349214],[80.280862326920001,13.043674251111902],[80.281222775903757,13.04623888886834],[80.280763859255359,13.046411058662716],[80.280804017111862,13.046684602437882],[80.280827190454573,13.046835667986818],[80.280887648216932,13.047233414450943],[80.280928441121645,13.047508766566791],[80.280953956848847,13.047680998791195],[80.281014557343397,13.048061384900588],[80.281057092629368,13.048342167960392],[80.281135352003659,13.048867185298702],[80.281215902548581,13.049397001252553],[80.281238006353917,13.04953565720618],[80.28129156454132,13.049871858747553],[80.282514055071118,13.057606215345462],[80.283196261187925,13.057562717554919],[80.285903117410029,13.057328119297109],[80.289679567252563,13.066557401753043],[80.289672763689012,13.066581407764188],[80.289671357920994,13.066580805318063],[80.28959628815403,13.067131244915194],[80.28961242854669,13.067256273801094],[80.289309220868162,13.066905696877322],[80.289176310360048,13.06675041412783],[80.288950200599871,13.066582477426671],[80.288758358816438,13.066468019037215],[80.288550955436847,13.066431530601902],[80.288420432008948,13.066478385257101],[80.288195271870777,13.066612490841578],[80.288033673022952,13.066983680857062],[80.288096151674623,13.067366939722426],[80.287571329635853,13.067730997333243],[80.287305491591013,13.067898220319959],[80.286894798659333,13.068113734773247],[80.286391613435157,13.068258511424229],[80.285629936689247,13.068403882034106],[80.284948968871618,13.068628140241204],[80.284049601602888,13.068943703934202],[80.283656327843858,13.068914119162102],[80.282118441608361,13.06879842178251],[80.281713845777034,13.068785407405967],[80.281202196634879,13.068795135582787],[80.280691232552826,13.068867377594],[80.280537861929318,13.068034357438291],[80.28051775430113,13.06780940369651],[80.279736172974708,13.064504937449247],[80.279682334996465,13.064516929086704],[80.279682126417811,13.064516974619893],[80.279310410378855,13.064599766407303],[80.278915308294813,13.064686733130717],[80.278759666090224,13.064715580665158],[80.278604431140707,13.064746466408421],[80.278449631143729,13.064779379587911],[80.278398671263105,13.064797539315027],[80.27834843464862,13.064817547431783],[80.278298995169223,13.064839375210278],[80.278250419312698,13.06486299480628],[80.278202775432604,13.064888371147164],[80.277876158685586,13.065053651415923],[80.277612800968484,13.065191529854154],[80.277325429633891,13.06534064340735],[80.277031319988353,13.065491455761906],[80.276933093167784,13.065538412939633],[80.276848690575861,13.065581455578045],[80.276836144817963,13.065587852976309],[80.276740537744288,13.06563974530609],[80.276681528571174,13.065672408163282],[80.276621640395987,13.06570348800147],[80.276560911103402,13.065732961416858],[80.276499389640904,13.065760806845029],[80.276437122181136,13.065787005426522],[80.276311997071176,13.06584062065852],[80.276187828694916,13.065896340775215],[80.276113836640988,13.065757548379034],[80.276114119675626,13.065759489588796],[80.276113671378923,13.065761403433054],[80.276112552434469,13.065763038713566],[80.276110911052115,13.065764177028509],[80.276110565698829,13.065764314404332],[80.27611037087712,13.065764386194934],[80.276109219589614,13.065764776298893],[80.276016234918615,13.065795953194437],[80.275932585919179,13.065825291739735],[80.27573592759903,13.065894267629911],[80.275443757881533,13.066000501859953],[80.275248267871106,13.066076760366997],[80.274989769886631,13.066177476082871],[80.274968269780175,13.066185851983281],[80.274729759198877,13.06627878044115],[80.274504243045996,13.066367670807111],[80.274317725746613,13.066439245584643],[80.274098186768654,13.066515897718002],[80.273985002573809,13.066544812687113],[80.273841022349359,13.066577863716754],[80.27361402197981,13.066711733122698],[80.273625194087089,13.066698856138212],[80.273634794248608,13.066684813741492],[80.273642700182961,13.066669788237807],[80.273645516186704,13.066662495628776],[80.273648804318498,13.066653978249306],[80.273653030427013,13.06663758791149],[80.273655323459579,13.066620833173884],[80.273655626767038,13.066613941299103],[80.273657155344452,13.066579464779112],[80.273657890046408,13.066562881981929],[80.273660388750784,13.066307632952411],[80.273663493815747,13.066223550947219],[80.273668594161421,13.066151048325565],[80.273674367355568,13.066081855162521],[80.273676145158589,13.066060558980778],[80.273692014597771,13.065869455388068],[80.2737081075595,13.065728082593514],[80.273708700221192,13.065723486394283],[80.273713458290146,13.065686657170021],[80.273724055926195,13.065604614386464],[80.273727652222135,13.06557270617863],[80.273731519285121,13.065538409831053],[80.273734744379837,13.065509800915335],[80.273745834239293,13.065411447717393],[80.273747328593956,13.065400659366722],[80.273758459806899,13.06532033967739],[80.273775737156939,13.065215500840637],[80.273803927246092,13.065037542753821],[80.273827285775226,13.064901359665788],[80.27383145567083,13.064877046549187],[80.273860789329547,13.064706041352791],[80.273861019888599,13.064704786968639],[80.273881782820098,13.064591990081444],[80.273889629446344,13.064534421714058],[80.27388967687024,13.064533658701135],[80.273889295149687,13.064531722637724],[80.273888231989446,13.064530046878884],[80.27388662692708,13.064528856058523],[80.273884695339362,13.064528303591569],[80.273799905990955,13.064519967410845],[80.273686923968,13.064518835344469],[80.273593957344744,13.064526245397975],[80.273533211100244,13.064531223235047],[80.273328895740889,13.06454796088102],[80.273310027409195,13.064549620403969],[80.273288943073538,13.064551474429328],[80.273041901865966,13.064573202291712],[80.272779074406756,13.064592913448418],[80.272639114878174,13.064602908091361],[80.272611038834143,13.064604914188507],[80.272586421673751,13.064606869433101],[80.272586096934447,13.06460689654965],[80.272563230766679,13.064608711142224],[80.272514125606762,13.064612609324495],[80.272229340579074,13.064629355644538],[80.272021678022369,13.06464387205431],[80.271869808909898,13.064652754030231],[80.271799996900796,13.064656836986309],[80.27174859036198,13.064659843326883],[80.271676200776724,13.064663496726682],[80.271608154159949,13.064666930866601],[80.271608161641936,13.064674446607494],[80.27160816270154,13.064675972901997],[80.271552761038478,13.064676007592857],[80.271541028060966,13.06467601612662],[80.271225534563982,13.064676215633243],[80.271240959722817,13.06465824923788],[80.271606661586759,13.06465789007526],[80.271606729838567,13.064657890267554],[80.27160658495751,13.064656972095221],[80.271601856556231,13.064626952858651],[80.271582360396351,13.064365178717148],[80.271291210656969,13.064393246572585],[80.271289485206026,13.064375243586456],[80.271581109192724,13.064348368805152],[80.271575398762863,13.064271702680356],[80.271553803043133,13.063981742283424],[80.271553119735614,13.063972571758354],[80.271551615581942,13.06395238122926],[80.271547608409037,13.063899096214319],[80.271547195567621,13.063893624634026],[80.271544408699356,13.063855418803346],[80.271544337755429,13.063854449299793],[80.271544036270271,13.06385031986779],[80.271538003963059,13.06376767606371],[80.271531283573395,13.063675604023107],[80.271526313613521,13.06360749282018],[80.271512350108821,13.063607006801956],[80.271427751988639,13.063604061248311],[80.271416876118252,13.063603681579306],[80.27117374829902,13.06359521840657],[80.270951402916936,13.063677096277814],[80.270511901741102,13.063838941925804],[80.270496791421607,13.063605464433097],[80.270496206453942,13.06359642619776],[80.270494782802373,13.063587486866593],[80.270472068016588,13.063444776024948],[80.270463286160734,13.063258615137705],[80.270460211325798,13.063236243762173],[80.270452309076077,13.063138778433421],[80.270445997423025,13.063058104988423],[80.270433949659591,13.06292063243694],[80.270429308391897,13.062863817431637],[80.270428418215928,13.06286135006787],[80.270428303635342,13.062861108322878],[80.270426859620088,13.062859735288034],[80.270425009878949,13.062858957881081],[80.270422999442346,13.062858880776469],[80.270419874170145,13.062837669347827],[80.270340650040922,13.061942818414503],[80.270338568222485,13.061919306928536],[80.27034555644488,13.061917800356195],[80.270351571894167,13.06191400160159],[80.270355574448146,13.061908766720913],[80.270355867951707,13.061908382359425],[80.270357915016675,13.061901635561849],[80.270357457912482,13.061894599587502],[80.270358201445561,13.061670558735869],[80.270359823835918,13.061430843320965],[80.270360946270429,13.061381842403529],[80.270363032324752,13.061329139692754],[80.270389539224468,13.061248560644431],[80.270386725407391,13.061253529428495],[80.270382209433109,13.061257091898151],[80.270376657831221,13.061258723688887],[80.270390236457004,13.061242918588077],[80.270362541543406,13.060796339585977],[80.270289512394356,13.060796115442988],[80.270206290678573,13.060798113072156],[80.269992177562003,13.060792949760943],[80.269835079139142,13.060795338199513],[80.269835323337901,13.060766213668074],[80.269992499009334,13.060772688425748],[80.270206600115841,13.060777852606138],[80.27028796965439,13.060775910331646],[80.270361258758413,13.060765497281423],[80.270363789924673,13.060369824174327],[80.270354995244006,13.060355201936943],[80.270354826600098,13.060349184906331],[80.270399396712264,13.060344071710707],[80.27042201944839,13.060341476277767],[80.270462933403294,13.060363108974853],[80.270529390272927,13.060395617113029],[80.270596866904214,13.060426039406256],[80.270655727353258,13.060449528381193],[80.270715277147502,13.060471321197245],[80.270775457322046,13.060491395986805],[80.270833009059558,13.060510163110283],[80.270982922553884,13.060559955151257],[80.271096041179831,13.060595952889114],[80.271179018189457,13.060618568448859],[80.271331683591271,13.060650887124659],[80.271336085920396,13.060651474601043],[80.27139720498873,13.060659635425919],[80.271402974439681,13.060659193250784],[80.271408200029569,13.060656759396027],[80.271412192776481,13.060652652912038],[80.271414422594972,13.060647419347299],[80.271426419312675,13.060512378118595],[80.271433875431427,13.06039150739851],[80.271432672555576,13.060348775972745],[80.271432663918247,13.060348576119907],[80.271432170553794,13.060346663248225],[80.271431013168964,13.060345049604901],[80.271429343318729,13.06034394900845],[80.271427382857311,13.060343505851877],[80.2713370001116,13.060339638920855],[80.271295408998867,13.060337859808371],[80.271074816298849,13.060329462005907],[80.270940001218264,13.060320220806855],[80.270940941936232,13.060307028449122],[80.271075757012412,13.060316268743128],[80.271295933433095,13.060325399582755],[80.271337036699748,13.060327158332289],[80.271426242716743,13.060330974929444],[80.27142823479096,13.060330702047581],[80.271429996439906,13.060329747652879],[80.271431293024207,13.06032823857673],[80.271431954248627,13.060326375976265],[80.271432015197746,13.060325405939869],[80.27142518829676,13.060082788565268],[80.271421052315361,13.059845966560825],[80.271420220983984,13.059819332774069],[80.271419201456638,13.059821033417384],[80.271417628997597,13.059822264126648],[80.271415711602259,13.059822862731545],[80.271415246647209,13.05982290030234],[80.271338505919829,13.059825981720181],[80.271258346704656,13.059829199963204],[80.27108440306877,13.059831512790637],[80.270918545625321,13.059833728038159],[80.270886499354617,13.059834549129009],[80.270854011254826,13.059837899829716],[80.270847759260135,13.059839036868073],[80.270832234099998,13.059841515817839],[80.270833743137757,13.059840211693173],[80.270834677952394,13.05983846469926],[80.270834912434253,13.059836505051905],[80.270816124442419,13.059665645736336],[80.270808922222656,13.059569403940484],[80.270813141053011,13.059512120213205],[80.270813121414861,13.059511897724297],[80.270812545905315,13.059510007225075],[80.270811320131983,13.059508443117526],[80.270809603968104,13.059507412914543],[80.270807626674397,13.059507051084283],[80.270740444021897,13.059506962926095],[80.270534653664356,13.059511337592472],[80.270406244540425,13.059518737946139],[80.27018102955482,13.059534371801979],[80.270179887913812,13.05952425870645],[80.270258383743325,13.059517706831118],[80.270286221270695,13.059515382913393],[80.27028564477331,13.059515401179235],[80.270283674037501,13.059515005003851],[80.270281977334548,13.059513944109542],[80.270280780217121,13.05951235928387],[80.270280239788377,13.059510458936431],[80.270266286085089,13.059356855450496],[80.270254017905017,13.059211266133468],[80.270254220117977,13.059209303683085],[80.270255123620856,13.059207541231505],[80.270256612438487,13.05920621263961],[80.270258484994216,13.0592054927537],[80.270258955574889,13.059205423553765],[80.270457581213719,13.059185009149958],[80.270698336299461,13.059165766787849],[80.270746213166717,13.059157340809728],[80.270776405030162,13.059149451786498],[80.270815340320155,13.05913906740159],[80.270854977055791,13.059131658906507],[80.270895078994144,13.059127271749277],[80.270886247689958,13.059014767817436],[80.270873339009384,13.059010384026291],[80.270831075770573,13.058993510025919],[80.270785792723615,13.058972609233804],[80.270545240182784,13.058878262870163],[80.270458907440144,13.058848451982524],[80.270344201326068,13.058807168087103],[80.270289200278484,13.05878648845094],[80.270211252425455,13.058759775424317],[80.270169248004308,13.058741481549889],[80.270099558742132,13.058717518865734],[80.270069924722577,13.058709766704228],[80.270017253037693,13.058698656418578],[80.269965363187239,13.05868984228778],[80.269782422171332,13.058661762189319],[80.269758039431323,13.058657269996729],[80.269695855200624,13.05864581270205],[80.269690774197826,13.058644876070035],[80.269568230016901,13.058622296619609],[80.269502244719305,13.058609986733337],[80.269434015108075,13.058599678722024],[80.269365457609979,13.058591728827524],[80.269295651053994,13.058586063919352],[80.269106075676859,13.058581015405291],[80.268869173563075,13.058578001248504],[80.268616104016857,13.058567893815086],[80.268460901229361,13.058557506872541],[80.268416655836148,13.058550790101686],[80.268407836686748,13.058548929628323],[80.268345947789371,13.058535875125656],[80.268325134965536,13.058530883833232],[80.268278421556332,13.058517564815675],[80.268203639172455,13.058495624388351],[80.268130710768915,13.0584717596213],[80.268052859647952,13.058449592555849],[80.267938693705261,13.058413010994569],[80.267906637950034,13.058399266830078],[80.267882230345847,13.058387895232778],[80.267861608691447,13.058374997208476],[80.267785139154441,13.058335950737035],[80.267740552386556,13.058323034589936],[80.267695379196653,13.058312256114281],[80.267649724651008,13.058303640924818],[80.267603698443267,13.05829720922427],[80.267558676264173,13.058293092400405],[80.267535572592124,13.058291504300257],[80.267473594263336,13.058287243597963],[80.267388202301134,13.058283610085953],[80.267302595331969,13.058282205695944],[80.267217622999951,13.05828327425635],[80.267132979630262,13.058286322112162],[80.267050336764612,13.058291238262631],[80.266906033017193,13.058297781699155],[80.266731449707009,13.058300984091588],[80.266728097868466,13.058301046020979],[80.266567925823438,13.058314792353238],[80.266560289971736,13.058315447946942],[80.266484098638074,13.05831848157994],[80.266409535574596,13.058320441097228],[80.266332882561287,13.058316777770543],[80.266290503554785,13.058315222590915],[80.266250326187347,13.058312072310841],[80.266207899572578,13.058306961665966],[80.266121366979007,13.058298252839188],[80.266034043913407,13.058292377313597],[80.265946055674448,13.058289379749654],[80.26585912167856,13.05829042692454],[80.265773142801692,13.058293479585606],[80.265733541903103,13.058292198036204],[80.26570450156926,13.058288046691061],[80.265664031967034,13.058281421552579],[80.265627346455332,13.058273902951418],[80.265580204017795,13.05826071063418],[80.265530711655202,13.058246859707138],[80.26543609781784,13.058220382771538],[80.265434519216939,13.058219940655308],[80.265432942457963,13.058219499448496],[80.265443334565546,13.058268957983779],[80.265483057671659,13.058412108071142],[80.26551349557711,13.058599092740604],[80.265558277160054,13.059029592186247],[80.26556533602664,13.059090313013536],[80.265614520299962,13.059462619756911],[80.265625198859453,13.05953564798557],[80.265634720189823,13.059608898977862],[80.265638959797556,13.059646133329547],[80.265643078911168,13.059682320274939],[80.265648946454164,13.059742325206241],[80.265652631572223,13.059777436728979],[80.265656457380558,13.059812379565637],[80.265660477136578,13.059869087056075],[80.265662122401636,13.059919707960695],[80.265662323608694,13.059925903208795],[80.265659497571221,13.059972445228011],[80.26565588288139,13.060009959279522],[80.265653519689266,13.060029392877142],[80.265647795332413,13.060062651196121],[80.265638812457112,13.060106208146102],[80.265632073825287,13.060132506666674],[80.265619138707095,13.060175171701403],[80.265607517164071,13.060209650218592],[80.265602069012999,13.060223403910122],[80.265578365689535,13.060279559774507],[80.265548555865706,13.060348465602258],[80.265514127553715,13.060419709229143],[80.26549556522626,13.060458989222507],[80.265471544191442,13.060504040591686],[80.265447714289138,13.060546832000199],[80.265425560294574,13.060584293384707],[80.265416743878276,13.060602714027269],[80.265387276544828,13.060659626586766],[80.26534850170043,13.060725109837172],[80.265311544430929,13.060791625415606],[80.265139853097907,13.061203336237662],[80.264891683576906,13.061445103003496],[80.264891466187208,13.061445321201942],[80.26488661929838,13.061450038198492],[80.264874624834178,13.061463359136615],[80.264639783991441,13.061724184273718],[80.264634594587037,13.06172994645037],[80.264631751687816,13.061733170880947],[80.264621583143153,13.061744703065319],[80.26462155908284,13.0617447301229],[80.264409123450989,13.061985655807753],[80.264378023346453,13.062020709971865],[80.264378004841362,13.062020729811621],[80.264191763031079,13.062230668729882],[80.264173600979063,13.062251142385819],[80.264173581551631,13.062251162222934],[80.264007062638271,13.062438868584834],[80.26383413238085,13.062650874121513],[80.263743249674832,13.062778827274672],[80.263332264095283,13.06244010534828],[80.262943129019661,13.062122024686024],[80.26294131942565,13.062120782582683],[80.262939103392881,13.062119749095139],[80.2629367422944,13.062119114850367],[80.262934306156069,13.062118903557135],[80.262931870607318,13.062119115431052],[80.262929509438365,13.062119748874013],[80.262927294653764,13.062120782390506],[80.262925290911781,13.06212218361364],[80.262923633234479,13.06212382995713],[80.262661104081971,13.062435471619338],[80.261901248851942,13.06331507905613],[80.261710288567997,13.063437963402309],[80.261557031845769,13.063466776589085],[80.261231205090681,13.063522464053586],[80.261230463162008,13.063522592138352],[80.261166567192873,13.063533511317699],[80.261076305731194,13.063560543915617],[80.261076161720908,13.063560586905608],[80.260933585582876,13.063603284380193],[80.260640241310142,13.063697285336632],[80.2606255466725,13.063701993977286],[80.260541079791551,13.063477445912881],[80.260537076845523,13.063478397436615],[80.260246492557982,13.062932176779247],[80.259580953874604,13.062195215824449],[80.25907301788223,13.061741632434527],[80.258699373876752,13.061451243201423],[80.258326339929795,13.061208609578811],[80.257519680954644,13.06103831631415],[80.257193029998348,13.061087652589853],[80.256910470329871,13.061205405657967],[80.25637961402569,13.061635482572413],[80.256045643449255,13.062081386787227],[80.25579092942138,13.062650426305435],[80.255789131785733,13.062654442101655],[80.255630043153786,13.063371761201712],[80.255622723898355,13.063734669947575],[80.255656580371692,13.064643002907102],[80.25559431670446,13.065541971856449],[80.255594304172448,13.065542152659988],[80.255473404066464,13.065826614238889],[80.255189942916701,13.066250064590182],[80.254978577331684,13.066583851421885],[80.254822334569525,13.066819831636151],[80.254648175743426,13.067043623028107],[80.254635978677968,13.067058721416959],[80.254433599694622,13.066861801153905],[80.254341333816939,13.066779809999021],[80.254316160365875,13.066757441671577],[80.254238981934975,13.066682264639274],[80.254195489169533,13.066640215122828],[80.254195430311697,13.066640157988564],[80.254150022556402,13.066693731802834],[80.254137066755831,13.066709018764371],[80.254120869455591,13.066728131074655],[80.254102798810834,13.066777989744537],[80.254102670449356,13.066778349244851],[80.254102647851212,13.066785875721923],[80.254102260013653,13.066790328681025],[80.254102256215759,13.066790364837981],[80.254102057693487,13.06679258859165],[80.2541014709021,13.066798180265849],[80.254099663455534,13.066801450054665],[80.254099503970977,13.066802959604734],[80.254095486610836,13.066810223187547],[80.254094801276935,13.06681115795883],[80.254088923108185,13.066819189261048],[80.254145910431745,13.066946376306925],[80.254445128384916,13.067232905436978],[80.25444191527346,13.067236491259751],[80.254443161456351,13.067237684778489],[80.254083655124631,13.06763890164776],[80.253829098604939,13.067931756280595],[80.253138462110968,13.068683878568345],[80.252449330013363,13.06943213133224],[80.251823101194447,13.069888673917172],[80.250887172397768,13.070485725557058],[80.250184504936684,13.07090164274269],[80.249954292018614,13.070990600446418],[80.249555525390733,13.071078573907148],[80.249546944280183,13.071546031296226],[80.249554320758207,13.071547107011961],[80.249555003409668,13.071569045708216],[80.249557162186548,13.071638478000786],[80.249559862146072,13.071639314990165],[80.249785235758708,13.071702251378612],[80.250107888046884,13.071788413893117],[80.25076737678009,13.071991784686222],[80.250677250824481,13.072159018564989],[80.250634161681106,13.072447093661481],[80.250421828215025,13.073866647012929],[80.252262435108108,13.073970416860071],[80.252258170846503,13.073980586680275],[80.25223186155246,13.074043331425157],[80.252212157838073,13.074122118559199],[80.25218837330911,13.074217227291717],[80.25218831799701,13.074217523708203],[80.252179612049019,13.074263691215975],[80.252159486399165,13.074690156194528],[80.252148609233998,13.074949728668582],[80.252128134336289,13.075046265649915],[80.252016108879047,13.075783643840154],[80.251988825620671,13.075802504145621],[80.251897364906242,13.07578527023515],[80.251569441762982,13.075736475713279],[80.251368959640899,13.075696160778296],[80.251189709347699,13.075728688734436],[80.250953858842692,13.076206010290491],[80.250902633083143,13.076322528416178],[80.251224033159247,13.0763801054526],[80.251622557936784,13.076423404043998],[80.251911649302372,13.076466386935563],[80.252130045274242,13.076507692808429],[80.253303828272195,13.076696872019316],[80.253249332782175,13.077183142587826],[80.253242037429203,13.07724824356589],[80.253233962035551,13.077320299178925],[80.253226181418555,13.07738972081359],[80.253179608741064,13.077725475403989],[80.253112816952353,13.078206988611141],[80.25307134809826,13.078430034404802],[80.253042844589203,13.078583347146672],[80.253033468587148,13.078658445218343],[80.253033062163354,13.078661701863828],[80.25310479320477,13.078658784406578],[80.253149368884465,13.078656971095079],[80.253189107025065,13.078655353561617],[80.253335723252761,13.078655778371189],[80.253660043975529,13.078689614069635],[80.254130476610058,13.078745035902886],[80.25426672162439,13.078764517833516],[80.254667242877048,13.078821787549737],[80.254672202541727,13.079036469996069],[80.254614162426009,13.07931665872489],[80.254609038698845,13.079476014988122],[80.254733715865228,13.080082082810105],[80.254821737189829,13.080480758553016],[80.254830088457254,13.080815882564925],[80.254869463867877,13.081062659303136],[80.254897778725237,13.081479394045109],[80.254894202586414,13.081494151070087],[80.254895818832992,13.081503292643596],[80.254903050840454,13.081509276690221],[80.25491071706395,13.081509807873777],[80.255784900649147,13.08132448458489],[80.255793833735751,13.081367930778631],[80.255803498686987,13.081414931671645],[80.255803316847832,13.081414974549041],[80.255803016857158,13.081415046020233],[80.255799093726409,13.081416039276775],[80.2557883157763,13.081418753356838],[80.255774726862214,13.081428381867829],[80.255772353541005,13.081432999995727],[80.255769766819213,13.081438035247615],[80.255764619539718,13.081444302773773],[80.255759867559348,13.08145009040631],[80.255759846639791,13.081457372749254],[80.255759806866521,13.081470633588921],[80.255759467423729,13.081479860845912],[80.255760532790319,13.081485393985776],[80.255850135370352,13.081950782948844],[80.255909176971514,13.082241348638947],[80.255974812309603,13.082551482960625],[80.256050446967393,13.082884855007505],[80.256096513412984,13.083124118916274],[80.256122794827888,13.083325139765979],[80.2561185654437,13.083620229452135],[80.256118265813697,13.083679860380375],[80.256140201858713,13.083704606351645],[80.256221954948316,13.08373041799789],[80.256572113991552,13.083821401352832],[80.256561051079373,13.083883162323955],[80.256436788992403,13.08433505127204],[80.256435951567923,13.084338090578852],[80.256436311798566,13.084338541002284],[80.256436515044086,13.084340897020837],[80.256437132657595,13.08434318280128],[80.256438144557862,13.084345327758379],[80.256441223754223,13.084348945277066],[80.25644537760364,13.084351312673771],[80.256815066442059,13.084485168434373],[80.256799513559471,13.084509589425949],[80.256465955269718,13.084395371973304],[80.256437011702261,13.08438661555582],[80.256435784806271,13.084386342571486],[80.256430980064295,13.084386329637299],[80.256426459204235,13.084387927895516],[80.256422769784351,13.084390945425033],[80.256421380391359,13.084392878213286],[80.256419983254403,13.084396163657907],[80.25595387828163,13.086091166386957],[80.255912635834576,13.08626022724652],[80.255912810037913,13.08626057857701],[80.256015907830843,13.086312112052212],[80.256069512218886,13.086337453849195],[80.256107889225603,13.086351514395613],[80.256145367876627,13.086365245932715],[80.256183264845788,13.086379130575027],[80.25620953566083,13.086388754592178],[80.256230733270286,13.086396522140223],[80.25626660133851,13.086409663100161],[80.25628382774272,13.086415974295537],[80.25630727038515,13.086423779048463],[80.256321335971904,13.086428461718386],[80.256343858053341,13.086435959101602],[80.256370327786797,13.086444771707283],[80.256411085191388,13.086458340855211],[80.25644118282851,13.08646836106122],[80.256468212835429,13.086477359727235],[80.256474384961777,13.086479414661161],[80.25647881866287,13.086482288310908],[80.256481013063848,13.086486598608726],[80.256481189115675,13.086486949040022],[80.256480880882748,13.086491922139118],[80.256511370959004,13.086510114694731],[80.256534776358208,13.086515886685914],[80.256604476942513,13.086533508589019],[80.25665398287758,13.086546025996405],[80.256708699690449,13.086564020652933],[80.256739059424092,13.086574005412212],[80.25678272562422,13.086588365009382],[80.256805604629108,13.086595888698847],[80.256838190717346,13.086606605022807],[80.256849681767378,13.086611018939795],[80.25688272130688,13.086623708617289],[80.256914081232011,13.086635753284108],[80.256934658622669,13.086643656428839],[80.256949997392411,13.086650724385455],[80.25695276039005,13.086653367168921],[80.256955619046536,13.086656100647417],[80.256955797869082,13.08665645018219],[80.256957242445111,13.086659193153055],[80.256956596581361,13.086666334449701],[80.256956137765158,13.086671387589845],[80.25694932224242,13.086690426633652],[80.256945829374004,13.08670018190587],[80.256930831548061,13.086752345254435],[80.256925123239256,13.086772198549268],[80.256907952629717,13.08683191834389],[80.256895359856259,13.086879962762264],[80.256882297630511,13.086930142445359],[80.256878176848929,13.086945970303271],[80.256866480754098,13.086990899629816],[80.256861795290973,13.087007706010986],[80.256854820712874,13.087032722238721],[80.25684237091312,13.087077372709254],[80.256823231848017,13.087146015771534],[80.256799295554075,13.087249056039127],[80.256799006808947,13.087250297574229],[80.256794296175585,13.087270575092663],[80.256785480351965,13.087306090070678],[80.256777465625575,13.087338377563684],[80.256769697389046,13.087369672053672],[80.256763484662031,13.087394701321346],[80.256756484429189,13.087421191311631],[80.256756464836542,13.087421265399364],[80.256746097448129,13.087460493060519],[80.256741066756859,13.087479530001746],[80.256730802923201,13.08751836644284],[80.256730071010765,13.087520975655657],[80.256730044901659,13.087521069616949],[80.256716407974167,13.087569698741685],[80.256701516066073,13.087622801833861],[80.256701118015613,13.087624196767466],[80.256691563865928,13.087657372264998],[80.25669154988897,13.087657419242985],[80.256677665715586,13.087704209420243],[80.256668646590626,13.087734604243625],[80.256666659938148,13.087741300428974],[80.256659865082881,13.087764196824088],[80.256646963623766,13.087816099445019],[80.256641030144195,13.087839970331661],[80.256634159251433,13.08786761444404],[80.256634139650572,13.087867691244318],[80.256633420734531,13.087870579890925],[80.25663337043143,13.087870744309871],[80.256620635193528,13.087908424391735],[80.256620610964376,13.087908506603869],[80.256610619047279,13.087945240658497],[80.256610594793727,13.087945331008319],[80.256606753981799,13.087959448020785],[80.256606737191504,13.087959510361998],[80.256588712933805,13.088025773143711],[80.256568385852049,13.088100500709846],[80.256560675291965,13.088128844961261],[80.256542424360802,13.088195941658325],[80.256522476858493,13.088269272423675],[80.256522463798433,13.08826932121268],[80.256509659783916,13.08831639117108],[80.256499989609438,13.088351942551926],[80.256499442114546,13.088353956429277],[80.256490766062811,13.088385894790562],[80.25648980503135,13.08838800693823],[80.256490007090676,13.088388297767473],[80.256489979236846,13.088388358268414],[80.256539630219962,13.088459688705074],[80.25657440091922,13.088469139160766],[80.25658354658421,13.088471627631868],[80.256608818583373,13.088478507217348],[80.256651133947784,13.088490036441446],[80.25670833511856,13.08850561140833],[80.256726337960643,13.088510514270249],[80.256773257979717,13.088523292772553],[80.256820294132552,13.088536103247868],[80.256861340403816,13.088547281572495],[80.256868851958032,13.088549327697363],[80.256875203133447,13.088551059437226],[80.256928061445564,13.08856545543849],[80.256959101229668,13.088573907719194],[80.256959179569293,13.088573929645452],[80.256987441459572,13.088581626154586],[80.256992360377524,13.088582965867959],[80.257009650220226,13.088587555614335],[80.257038674003653,13.088595260640695],[80.257070340297474,13.088603036564262],[80.257073597718872,13.088603836208906],[80.257112182575028,13.088613312040394],[80.257146105286864,13.088621642392997],[80.25716603694292,13.088626537213729],[80.257191773707518,13.08863285657508],[80.25721232845828,13.088637905090703],[80.257243427894892,13.088645541924214],[80.257247786793343,13.0886466123789],[80.257271627545109,13.088652466944009],[80.257311402382825,13.088662234609718],[80.257330709381847,13.088666884391564],[80.257330835662387,13.088666914593439],[80.257336898015424,13.088668376040475],[80.257362939327763,13.088674648339081],[80.257384521210128,13.088679846276715],[80.257391710870181,13.088681577704239],[80.257406953869648,13.088685249200603],[80.257417711629401,13.088687839934602],[80.257438923891257,13.088692949097217],[80.25745018769102,13.088695662448231],[80.257468669727984,13.088700113635765],[80.257475644619845,13.088701793808092],[80.257505011619884,13.088708866832956],[80.257515486402909,13.088711389838309],[80.257531628115558,13.088715277303402],[80.257535418356483,13.088716190595576],[80.257537781625828,13.088717409922198],[80.257538907328595,13.088718831845512],[80.257539014841598,13.088718968688536],[80.25753959768852,13.088720857424176],[80.257539453434134,13.088722825445846],[80.257534632000926,13.088740991358677],[80.257515597190078,13.088812719886551],[80.257490822902597,13.088906076564838],[80.257477552726854,13.088956080258567],[80.257452295258958,13.089047830591106],[80.257426038999142,13.089143208396139],[80.257419008420584,13.089168746195366],[80.257401476746651,13.089233808774033],[80.257364512610351,13.089372750704234],[80.257364505147137,13.089372778712848],[80.25735981162677,13.089390420554142],[80.257329338917629,13.089500888105089],[80.257319674808571,13.089532278420807],[80.257301249861968,13.089579582705007],[80.257298879460606,13.089585670169768],[80.2572810633838,13.089631407422743],[80.257265211783874,13.089686781831967],[80.25726145326098,13.089699911706763],[80.257250561844302,13.089738234579873],[80.257246555051481,13.089753258032033],[80.25723667568559,13.089790295336543],[80.25721874812848,13.089859074812741],[80.25720229400568,13.089925585377179],[80.257198630057914,13.089940397328661],[80.257175968814437,13.090023274069312],[80.257164138296133,13.090066539285271],[80.257164108443035,13.090066651319747],[80.257156681841096,13.090093811000525],[80.257142550564652,13.090143003835298],[80.257142542170826,13.090143034553824],[80.257126853719598,13.090197194178394],[80.257108282380045,13.090261310654451],[80.257103424390465,13.090277185214248],[80.257065668052945,13.090400562664268],[80.257053379398329,13.090441864446237],[80.257049180681335,13.090455975910547],[80.257047166115768,13.090462747064811],[80.257026746295281,13.090532372001201],[80.257021697407609,13.09055130671476],[80.257015525300631,13.090574453559151],[80.257008993409158,13.090599460204178],[80.256992570366464,13.090662332348252],[80.256974044596134,13.090739536282525],[80.256971073255485,13.090751920646397],[80.256964428921066,13.09075596135783],[80.256936252558361,13.090803982583081],[80.256980454234693,13.090830746587978],[80.256980487382066,13.090830766575749],[80.256986248642775,13.090831448653097],[80.257005831243276,13.090835603760519],[80.257156701874507,13.090854421333677],[80.257241303343676,13.090865056792223],[80.257295808455339,13.090868446174191],[80.257384203576848,13.09087394310467],[80.257493473891543,13.090880737012693],[80.257511413545615,13.090881852870682],[80.257568228909108,13.090885386280638],[80.257666242458427,13.090887396175042],[80.257725899352877,13.090888619364117],[80.25776520512909,13.090889425037798],[80.257962212067937,13.090891526039377],[80.258015627683776,13.090891570225612],[80.258153258591136,13.090891683816345],[80.258235686640759,13.090890997583582],[80.258238314694466,13.090890975299402],[80.258289921119172,13.090890509686471],[80.25830703070811,13.090890355419432],[80.25832373165035,13.090890205401941],[80.258339402220997,13.090890063272358],[80.258386836540978,13.090890207736431],[80.25840012829191,13.090890336355068],[80.258419005161088,13.090890518999787],[80.258454059963185,13.09089085844538],[80.258477572803301,13.090891086054821],[80.258498602549764,13.090891289347272],[80.258508702804932,13.090891387088893],[80.258536961383712,13.090891659976357],[80.258563148255803,13.090891913345304],[80.258571808648725,13.090891997001235],[80.2586000478573,13.090892269826158],[80.258609127019298,13.09089235739658],[80.258629331217278,13.09089255378557],[80.258630951870671,13.090892569292015],[80.258632926575757,13.090892946590206],[80.258634011206183,13.090893610674282],[80.258634633624297,13.090893992225174],[80.258635847440615,13.09089556630253],[80.258635902196261,13.09089576357478],[80.258636020728389,13.090895917628792],[80.258636449760189,13.090897425253509],[80.258636550163544,13.090897780891369],[80.25863667194416,13.090897774007656],[80.258712856907238,13.090893427580966],[80.258704237683176,13.090671000202686],[80.258698287341204,13.09053301078664],[80.258697573966444,13.090516463740764],[80.258697855610109,13.090514510580118],[80.258698831159293,13.090512784557855],[80.25870037170894,13.090511515873906],[80.25870227383038,13.090510870316121],[80.258721149880827,13.090510391966923],[80.25889583313058,13.090505969434798],[80.258938410047477,13.090505139586694],[80.259114410291318,13.090501718921761],[80.259242493122898,13.090499325199239],[80.259363908311641,13.090497055139812],[80.259443211609948,13.090495572894707],[80.25957731912429,13.090493066994615],[80.259602094969225,13.090492905701971],[80.259802769268816,13.090491597035419],[80.25983380279834,13.090492992613264],[80.25992093426845,13.090496910838997],[80.259965081972339,13.090498897379426],[80.259965169590998,13.090498901247473],[80.26001562859642,13.090501169903801],[80.260045843127429,13.090502528748278],[80.260046176998628,13.090502544172768],[80.260106380100154,13.090505251257026],[80.26018006076616,13.09050856480212],[80.260232390198979,13.090510918347896],[80.260250836190778,13.090511747931449],[80.260345011443718,13.09050881701941],[80.260368249446529,13.090508093355695],[80.26049007506262,13.090504301274009],[80.260490288162174,13.090504294651103],[80.260523575053227,13.090503258887637],[80.260562542755821,13.090502045899482],[80.260600522448897,13.090500864434032],[80.260654336088265,13.090499189426765],[80.260664394206145,13.090498875552697],[80.260664772434254,13.090498863977562],[80.260696632205452,13.090497872025457],[80.260718073159254,13.090497204667196],[80.260784924257393,13.09049276939523],[80.260807401705051,13.090491277657978],[80.260907186144522,13.090484655397793],[80.260910130178743,13.090484460385243],[80.261002627873737,13.090478321760347],[80.261017088797118,13.090477362224966],[80.261017207812984,13.090477354428021],[80.261070528892859,13.090473816180491],[80.261084343993062,13.090472899097733],[80.261084775775117,13.090472869591371],[80.261090344620115,13.090472501253053],[80.261138449329223,13.090467437141122],[80.261209734425989,13.090459932948534],[80.261210097051119,13.090459895106191],[80.261292684453338,13.090451200772343],[80.261292746276723,13.090451193715733],[80.261292824706274,13.090451185802477],[80.261319454195217,13.09044838216057],[80.261327739573403,13.090447705123896],[80.261328309790443,13.09044765160006],[80.261388967571207,13.090442647786105],[80.261389216688031,13.090442626798387],[80.261444004568176,13.090438107095984],[80.261509156573069,13.090432732736065],[80.261516939126409,13.090432090422226],[80.261552871728938,13.090429126209528],[80.261604897193223,13.090424833659227],[80.261640885152673,13.090421865071562],[80.261656313703256,13.090420592703687],[80.26168211329923,13.090419859070325],[80.261718364833698,13.090418828921228],[80.26172455297241,13.090418653126545],[80.261724731937164,13.090418648213349],[80.261727220845472,13.090418577572805],[80.261738428314871,13.090418258807004],[80.261742704108769,13.090418137218016],[80.261744954089934,13.090418073127362],[80.261752545354412,13.090417857040372],[80.26175610436421,13.090417756005555],[80.261758178824394,13.090418089259591],[80.261789820864166,13.090416798163664],[80.261818944232431,13.090415970041892],[80.261880175106626,13.090414280730844],[80.26195949192433,13.090411974929008],[80.261995157671024,13.090410961149539],[80.262024668609754,13.0904100816694],[80.262129526267557,13.090403792622777],[80.262186115967864,13.090400398214481],[80.262186248822601,13.090400389552347],[80.262194609311777,13.090399889020926],[80.262221471071669,13.090397452149251],[80.262286701234387,13.090391535296416],[80.262286732604579,13.090391532673504],[80.262377139724208,13.090383331430457],[80.26252858806096,13.090369593690648],[80.262558594281813,13.090366871905324],[80.262678975312369,13.090355952291111],[80.262744731133338,13.090351932925943],[80.262765673024134,13.090350652733138],[80.262765768051722,13.090350646675226],[80.26290043402679,13.090342415257131],[80.262967148415981,13.090338337087406],[80.263008097610737,13.090335833671729],[80.263129098650481,13.090327031439296],[80.26320502257083,13.090319517331015],[80.263216806434158,13.09031830679886],[80.263223069753494,13.090317663712417],[80.263268100203334,13.090310348915981],[80.263408021838089,13.090287618050841],[80.263421499357463,13.090286066939875],[80.263426133351928,13.090285533126796],[80.263450642210572,13.090282712359576],[80.263493119649709,13.090275618094347],[80.263505697593232,13.090273517371809],[80.263555816081308,13.090264039736674],[80.263592424551092,13.090257116779307],[80.263603464147593,13.090255240424144],[80.263603667183673,13.090255205739792],[80.26364500983496,13.090248178738348],[80.263669399362328,13.090244538406184],[80.263722014640194,13.090236680951362],[80.263738119367034,13.090234768406511],[80.263744912643887,13.090233960446785],[80.263756064057972,13.090232635964727],[80.263785250588711,13.090229169350147],[80.263803429652981,13.090227010447718],[80.263817142224156,13.090225824378102],[80.26382229158672,13.09022537973523],[80.263837893925313,13.090223665578669],[80.263900009051596,13.090218664422016],[80.263945488618418,13.090216345576099],[80.263945606706329,13.090216339583538],[80.263976920326016,13.090214742566026],[80.264006699541937,13.09021452820831],[80.264007902406163,13.090214519884281],[80.264068789156497,13.090214081383328],[80.26407103161479,13.090214065173289],[80.264126075611046,13.090213669673775],[80.264154325779941,13.090213344243512],[80.264281770253092,13.090211874800334],[80.26438061836798,13.090208649205767],[80.264467823457196,13.090205802702798],[80.264493605831291,13.090204961138072],[80.264578092275471,13.090202203598452],[80.264621237254829,13.090200794836768],[80.264642686430435,13.090199525882184],[80.26464295582393,13.090199510374275],[80.264692787401302,13.090196561816542],[80.26474597625824,13.090193416657293],[80.264862808210424,13.090186673244734],[80.26499572166783,13.090180868025623],[80.265064945561946,13.090177844422611],[80.26508395639317,13.090177014256719],[80.265091475114247,13.090176685743803],[80.265126443068041,13.090176746441976],[80.265161329251271,13.090179187656442],[80.265195901449417,13.090183930060851],[80.265230167431938,13.090191153612905],[80.265242092711958,13.090194512303702],[80.265263778311748,13.090200618611155],[80.265325402910221,13.090090000837794],[80.265358181413077,13.090110167352503],[80.265376977664289,13.090126032574529],[80.26539729420503,13.090139984318428],[80.265418929433366,13.090151884571858],[80.265441665087451,13.090161614263238],[80.265465277306504,13.090169076005852],[80.265489529243538,13.090174196789448],[80.265675301674904,13.090206553255197],[80.265728713220085,13.090214804137755],[80.265820732660458,13.090229020438713],[80.265903764143417,13.090265316980892],[80.265926277192236,13.090275159022505],[80.265928341090302,13.090276881061852],[80.265930677297504,13.09027822592086],[80.265930964783394,13.090278330721429],[80.265934059861493,13.090279459827251],[80.265937768308063,13.090279980343894],[80.266086692035458,13.090303568575692],[80.266156044388524,13.090317618120114],[80.266171311804712,13.090320294561053],[80.266225755451359,13.090329838568701],[80.266295775438763,13.090340220737545],[80.266366052710012,13.090348759054333],[80.266565958982412,13.090374192743001],[80.266636864631238,13.090383916368642],[80.266723019743225,13.090394595643168],[80.267008817613572,13.09043002301226],[80.267063933628251,13.090436807333246],[80.26712344985269,13.090444133999402],[80.267453928443402,13.090484495392881],[80.267687449827207,13.090496551084314],[80.267864084863874,13.090497823557527],[80.26788924254177,13.090498004339198],[80.267942098648788,13.090492608836124],[80.267942197328722,13.090492615445456],[80.268070615971283,13.090499627380021],[80.268257553886187,13.090512364207466],[80.268359727556714,13.090522871354731],[80.26864853688933,13.090554793555981],[80.268752642957395,13.090569722132969],[80.268889025996543,13.09058702612224],[80.268924903362759,13.090591216552818],[80.269178756343734,13.090614165325629],[80.269459095721061,13.090786207150698],[80.26954138463077,13.090879134956067],[80.269541616310477,13.090879396925386],[80.269541443019065,13.090879667694537],[80.269536128433259,13.090887973993601],[80.269518044553891,13.090925760816406],[80.269515260717881,13.090932632985769],[80.269514928070492,13.090933453960961],[80.269513724779316,13.090936423560835],[80.269513099438896,13.090937967066624],[80.269511664776488,13.090941509273639],[80.269502324641834,13.090964557086236],[80.269489023554911,13.091004215574401],[80.269478192450734,13.091044592658548],[80.269476684577896,13.091052006437865],[80.269476549783505,13.091052673355088],[80.269475993786543,13.091055414216433],[80.269475653081514,13.091057091445121],[80.269469868680062,13.091085534730933],[80.269468713312961,13.091108242224569],[80.269468628136693,13.091109913847241],[80.269468602685905,13.091110411988794],[80.269466626860364,13.091149229080274],[80.269466585766381,13.091150027371594],[80.269462428437237,13.091231722633305],[80.269467523279431,13.09130238483093],[80.269476429783168,13.091425893778183],[80.269477012815543,13.091431509599776],[80.26948016758908,13.091473751853519],[80.26948175429655,13.091494996881973],[80.269488914909743,13.09156394242768],[80.269497906238925,13.091632679764837],[80.269508721961884,13.09170116366551],[80.269521354844571,13.091769345282293],[80.269524644806836,13.091789813000052],[80.269539571937287,13.091882675794235],[80.269543697977909,13.091908345926354],[80.269557679460576,13.091995316995018],[80.269562997274875,13.092014102313431],[80.269570067545715,13.092032316617916],[80.269578658336215,13.092049471888592],[80.269578832563042,13.092049823210964],[80.269589019795248,13.092066136670324],[80.269589042039968,13.092066100565329],[80.26960095167054,13.092081713624802],[80.269614287078184,13.092096176961851],[80.269628933325009,13.092109366375686],[80.26966873317248,13.092138585191826],[80.269680967581508,13.0921463443914],[80.269681577091234,13.092146731305281],[80.269681808188039,13.092146878439582],[80.269693784801404,13.092154473248929],[80.269698492655763,13.092157058115378],[80.269698726570468,13.092157188077891],[80.269708919561182,13.092162782271362],[80.269708945354438,13.092162794098948],[80.269709475802145,13.092163090369111],[80.269709555925147,13.092163133997422],[80.269719817058544,13.092168768168117],[80.269746724035315,13.092181411780579],[80.269774397037182,13.092192352239115],[80.269799053120039,13.092200354552622],[80.269799266919946,13.092200423876783],[80.269802723655786,13.09220154582378],[80.269830719325356,13.092207225656116],[80.269831016228622,13.092207266281054],[80.269859038614143,13.092211079015195],[80.269876325082379,13.092212297059566],[80.269887553355218,13.092213088358465],[80.269915912588075,13.09221496795813],[80.269982173588431,13.092219360863968],[80.270010258916642,13.092221221594409],[80.270126970771713,13.092228958958822],[80.270170030389906,13.092232231890454],[80.27021098697162,13.09223452866132],[80.27030671787189,13.092243922772289],[80.270400008754251,13.09225244282179],[80.270478362109259,13.092259598666105],[80.270481246666918,13.092259873560378],[80.270492062647534,13.092260968382563],[80.270509680279488,13.092262499269765],[80.270534748439346,13.09226558202829],[80.270583595764364,13.092270929210878],[80.270736389918483,13.092287938687802],[80.270739424643239,13.092288278201785],[80.270739496565724,13.092288287447053],[80.270883326348226,13.092304425171285],[80.270947878111883,13.092319491592695],[80.271011778768525,13.092337026430759],[80.271074930638548,13.092356996858941],[80.271137236020977,13.092379377284312],[80.271242825781542,13.092420536291884],[80.271396706252645,13.092508326451986],[80.271514796767079,13.092580618775315],[80.271669918974453,13.092692920606808],[80.271893284241443,13.092874210033942],[80.272093157445838,13.093037529860577],[80.272158310269774,13.0930905189007],[80.272229075331893,13.093148496852198],[80.272367043914045,13.093252235966236],[80.272443095838653,13.093300373000481],[80.272509649698179,13.09334748861316],[80.272650577447678,13.093448794590966],[80.272725536103621,13.093492317048167],[80.272926108033701,13.093600179174246],[80.272315932411317,13.09488194892316],[80.272234882049375,13.095077057147414],[80.272219946374648,13.095113011180516],[80.272111768745205,13.095373419131437],[80.271987974302476,13.095815838004917],[80.272006741449957,13.095813954174158],[80.273747513077396,13.095711024321865],[80.273750585353611,13.095710842185284],[80.273797061709956,13.095706476443693],[80.273818589072491,13.095704498980028],[80.273855091745048,13.095701147693042],[80.27400385389717,13.095687490731232],[80.274006906316416,13.095847772287337],[80.274008048887723,13.095924099880259],[80.274012713451327,13.09618714461643],[80.274015541574613,13.096389986200883],[80.274022926199194,13.096769626954497],[80.274025352769229,13.096816368232236],[80.274033415802919,13.096971652805214],[80.274033095557201,13.097091686175549],[80.274030831596548,13.097130195982905],[80.274026229950991,13.097208449621744],[80.274024902739384,13.097269788577226],[80.274021976411504,13.097404986169881],[80.274019952614879,13.097498488245865],[80.274019967593063,13.097569893811702],[80.274020042306546,13.097936422960629],[80.273999692144372,13.098390432848566],[80.27399835086581,13.098420354451251],[80.273990816317394,13.0985884645693],[80.273978694962565,13.098823751007739],[80.273931434732077,13.09974111157649],[80.273905453581861,13.10024541425893],[80.273905360673012,13.100247214257754],[80.273677744025434,13.101026981129278],[80.273630345071837,13.101188997623073],[80.273542556718425,13.101490089089229],[80.27353353510432,13.101522768548543],[80.273364956291545,13.102163051385316],[80.273224447662685,13.102661415973621],[80.273147470758047,13.102934438815172],[80.273084890064027,13.103147324165095],[80.273010635022217,13.103399925148786],[80.272975474129979,13.103543520357164],[80.272964014317054,13.103590321013245],[80.27296082862722,13.103782167621327],[80.272957996032488,13.103952711397081],[80.27295680031223,13.104024746437563],[80.272953050103851,13.104250511554998],[80.272905350824345,13.104438693578949],[80.272824952228078,13.104750095247541],[80.272771361133437,13.104957662903461],[80.272720359324708,13.105162723269286],[80.272702637723214,13.105233976561045],[80.272654174274493,13.105434387442976],[80.272643895548114,13.105464377831838],[80.272640312362299,13.105474834723605],[80.272623689777916,13.105523339664163],[80.272575239080112,13.105664715437667],[80.272477364903366,13.105941918749988],[80.272440531795368,13.106046238862493],[80.272402162849787,13.106154910156071],[80.27237939560834,13.106219391191035],[80.272367071052827,13.106254299149272],[80.272350637695794,13.106300841583506],[80.27234073793872,13.106324898770366],[80.272277067252602,13.106479626292558],[80.272121640104672,13.106857334039576],[80.272107328225673,13.106888549047598],[80.272105155933062,13.106893828856546],[80.272096379928286,13.106910595036192],[80.272063471765108,13.106880883277945],[80.272003898435855,13.106827248879952],[80.271642112768802,13.106274104381271],[80.271636443808802,13.106261972105989],[80.271533771857762,13.106042262891227],[80.271498179746189,13.105874151416248],[80.271489320149186,13.105765042993188],[80.27148240670401,13.105679866964525],[80.271480717861451,13.105672265117628],[80.271480360216017,13.105668093944359],[80.271444517995803,13.105498793638253],[80.271440610866193,13.105491724423894],[80.271431551434176,13.105475331022067],[80.271390294442583,13.105400683158603],[80.27129447616727,13.10527470886503],[80.271251850629554,13.105239447607273],[80.270832346949859,13.10489236485515],[80.270611994226712,13.105187822094091],[80.270408588211382,13.105481596440562],[80.270329507172292,13.105583818253439],[80.270180566919137,13.105757906848801],[80.270028540676805,13.105914806844266],[80.269685422915074,13.106250287025023],[80.269636189034571,13.106296894562821],[80.269439610181607,13.106483687299097],[80.269172448274801,13.106737280811972],[80.268951907670413,13.10694733259214],[80.268676691421604,13.10721030724814],[80.268169768354284,13.107660669753811],[80.267733368907713,13.108100997826194],[80.267495975676297,13.108315405584595],[80.267416787772262,13.108386927668162],[80.267080964829063,13.108669028239916],[80.266691269220303,13.108939653594856],[80.266336438456207,13.109138669311436],[80.265877703448027,13.109318518859522],[80.265268811010131,13.109494165382753],[80.265223883540116,13.109665478444789],[80.264757733103266,13.109634899071251],[80.264753402951982,13.109643893421495],[80.264754341728505,13.109640274791703],[80.264109931908266,13.109617228442472],[80.262563503790034,13.109592081056842],[80.261866581449183,13.109571244220062],[80.26168492340507,13.109565812254617],[80.261483939917611,13.109559802155951],[80.259681642123098,13.109313402406498],[80.25941258489199,13.10928012442524],[80.258947423926585,13.109222592420817],[80.258616816115335,13.109181701423227],[80.257206036886714,13.108993062980103],[80.257067798240698,13.108978477687842],[80.256722018058539,13.108933897549242],[80.255953204957734,13.10883433706713],[80.255514208457924,13.108776274999546],[80.254541662380348,13.108648349404612],[80.253383136166249,13.108497832696358],[80.252396310353191,13.108370034063231],[80.252391691437623,13.108369428417548],[80.252391707752622,13.108369829927266],[80.252404818410113,13.108690249418279],[80.252407022282867,13.108774865818672],[80.252409048441237,13.108841348080992],[80.252434969553903,13.109442305761469],[80.252438191128547,13.109492335148062],[80.252437731455984,13.109494869176118],[80.252436595564944,13.109496497048072],[80.252434942752785,13.109497621592567],[80.252432986569374,13.109498092428577],[80.252225624429599,13.109509889142105],[80.252225073608045,13.109509920094828],[80.252223078078032,13.109509673788827],[80.252221302318901,13.109508744549467],[80.252219983965716,13.109507254228348],[80.252219295850239,13.109505400441369],[80.252216275566525,13.109396374756086],[80.252214302078244,13.109323773061925],[80.252212825715702,13.109269529766689],[80.252212283560254,13.10924958708797],[80.252179716172023,13.109251029718568],[80.252181620971911,13.109295364285231],[80.252184487808819,13.109362035247326],[80.252187249422249,13.109426282662577],[80.252189581799996,13.109480542908123],[80.252190698867551,13.109506527273867],[80.252190484384528,13.109507902835496],[80.252190232156693,13.109508947352412],[80.252189457589608,13.109510060880805],[80.252189098103514,13.109510577036907],[80.252188345655384,13.109511086627567],[80.252187443447994,13.109511700670209],[80.252185488189326,13.109512170602798],[80.252081033007997,13.109518113651854],[80.252083132446685,13.10955358858091],[80.252435328718533,13.109533552690138],[80.252435693072371,13.109533868406743],[80.252435898830399,13.109533548918748],[80.252437860545399,13.109533995856212],[80.252439528773223,13.10953509838756],[80.252440684388404,13.109536714822797],[80.252441173068789,13.10953862770759],[80.252465409411982,13.109887950377791],[80.252187356418645,13.109895407999316],[80.252192261698212,13.109929794281658],[80.252465300209039,13.10992411784129],[80.252472473070156,13.11022368200922],[80.252472044177665,13.110225187153102],[80.252471930443889,13.110225581051981],[80.252470731951348,13.110227165340898],[80.252469126555141,13.110228166148218],[80.252467061567074,13.110228618584655],[80.252128406421448,13.110234644393287],[80.252129385148947,13.110287488355574],[80.252467767329819,13.110281455428185],[80.252470335689807,13.110282022574937],[80.252471942784553,13.110283209019032],[80.252473013373276,13.110284878555044],[80.252473402352706,13.110286815563782],[80.252477576995489,13.110629795870029],[80.252482983166161,13.110721948967731],[80.252490136951067,13.110843909383464],[80.252490150889102,13.110844181586431],[80.252490191333337,13.110844840861498],[80.252490067288349,13.110844983364395],[80.252487055181859,13.110848394290061],[80.252171877132653,13.110870173275528],[80.252174769245656,13.11091076191272],[80.252489584332849,13.110889444821039],[80.252490209917383,13.110889401426068],[80.252490452384421,13.110889756573661],[80.252493049718467,13.110893561724843],[80.252498282153496,13.110982763026319],[80.252510880706978,13.11137168455407],[80.252513766750155,13.111460739800224],[80.252514315238074,13.111477675144208],[80.252532412625627,13.111838862885078],[80.252539945014703,13.112134234403921],[80.25254156839182,13.112197854612003],[80.252582005389201,13.112723945385865],[80.252587146620442,13.112790814620574],[80.25258715196432,13.112790877929692],[80.252588510008067,13.112808558868378],[80.252599261931607,13.113132662344707],[80.252600783926525,13.113178534728748],[80.25261552656589,13.113703371862119],[80.252632215145425,13.114016989420682],[80.252590960695272,13.114212439720356],[80.252601878129241,13.114465839274484],[80.252627413042077,13.114569769102483],[80.252556814933399,13.114611970988966],[80.252517396799789,13.114635533848121],[80.252391174061302,13.114710987874806],[80.252355601815438,13.114731508404693],[80.252352240782045,13.114733447188723],[80.252346515842348,13.11473674987049],[80.252321399113271,13.114751239021716],[80.252316989198832,13.114753783283737],[80.252253127688348,13.114790623773594],[80.252161364101866,13.114843561090556],[80.251813282922129,13.115044862901112],[80.251541391577106,13.115203776349841],[80.251452502084476,13.115257377288129],[80.25144326001174,13.115263585753828],[80.251423645974654,13.11527655005489],[80.251377770803998,13.115306872705748],[80.251315773016685,13.11533927244191],[80.251226044201374,13.115382725801616],[80.251089280224676,13.115419105414542],[80.251023670086468,13.115432209928136],[80.250957656720601,13.115443208288893],[80.250891313967571,13.115452088052598],[80.250824434834541,13.115458965258096],[80.250757915323234,13.11546345642037],[80.250691005229697,13.11546593278962],[80.250580756751631,13.115474057245335],[80.250470378433391,13.115480275235248],[80.250359902570779,13.115484585044939],[80.2502493706846,13.11548698498688],[80.250138815070628,13.115487473346736],[80.250078673606438,13.115486553215566],[80.249981543677094,13.115483584979433],[80.249902994986954,13.115479415792636],[80.249824572553038,13.115473768593128],[80.249792238068295,13.115472060442174],[80.249715320077584,13.11546799540884],[80.249606142276875,13.115461328148548],[80.249509473425192,13.1154575147531],[80.249469764859654,13.115455948737292],[80.249380891246886,13.115452443730534],[80.249211557956571,13.115438548301402],[80.249160681057703,13.115434372735933],[80.248888837745369,13.115412065862717],[80.24888276542184,13.115411568934537],[80.248645241679611,13.115385567877921],[80.248595640045338,13.115382500845779],[80.248487764675616,13.115374701246962],[80.248308533877733,13.115366574042588],[80.248241603824596,13.115363485311503],[80.248112465210312,13.115351215560946],[80.248053164700195,13.115345583853657],[80.247971671379929,13.11535115359414],[80.247962720942454,13.115263794146893],[80.247959986728858,13.115229755945773],[80.247926372173495,13.114872772713007],[80.247925282844122,13.114857239108375],[80.247898254929609,13.114471771304665],[80.247888265722636,13.114341326718971],[80.247871288281189,13.114117158364243],[80.247844807585651,13.113784789991223],[80.247835570958046,13.113606456089732],[80.24779609767171,13.113481742995978],[80.247799662629177,13.113487684912934],[80.247804982857858,13.113492194287041],[80.247811497073656,13.113494795682165],[80.247818517927954,13.11349521221665],[80.247825305697788,13.113493401946309],[80.247911011732754,13.113459518850906],[80.247997534361431,13.113427696053453],[80.24808482002048,13.113397953289168],[80.24811842916526,13.113388105246861],[80.248332641212002,13.11332534634065],[80.248372971609243,13.113313103676653],[80.248374752980283,13.113312188404539],[80.248376080350695,13.113310707591188],[80.248376782454343,13.113308859659533],[80.248376832288812,13.113307334430463],[80.248332067552269,13.112906703069539],[80.248320054757087,13.112827702993441],[80.248319963880391,13.112827250631538],[80.248319153869133,13.112825445306457],[80.248317735619878,13.112824045093966],[80.24831590045163,13.11282323500766],[80.248313891584814,13.112823120643629],[80.248312282139466,13.112823317583249],[80.248305710785402,13.112770275598411],[80.248120225349751,13.112796805930904],[80.248033749146757,13.11280917429179],[80.24802765862465,13.112809831044464],[80.247922736451258,13.112821147301119],[80.247895465789227,13.112824961153644],[80.247826094882484,13.112834821412109],[80.247709294904567,13.112852995571107],[80.247689974062794,13.112856002564017],[80.247687196349531,13.112856323579733],[80.247647985379459,13.112860853021157],[80.247551066298513,13.112874465636052],[80.247481855558348,13.112886860722142],[80.247454329021195,13.112891389901042],[80.247453441349066,13.112891463260533],[80.247451573925602,13.112891553650591],[80.247394875910359,13.112894277840349],[80.247391054728652,13.112895547016194],[80.247353460456239,13.112905986421426],[80.247315302748675,13.112914230601957],[80.247276715448663,13.112920253727006],[80.247230381606983,13.112927275951611],[80.247008047231674,13.11295084959745],[80.246671089438209,13.112970299358944],[80.246364205573059,13.112974194105812],[80.246138204140948,13.112974147785682],[80.246032059011128,13.112974127433656],[80.245720782946194,13.112981714847164],[80.245328585235242,13.112995214284698],[80.244988332037565,13.113006243188339],[80.24476540937016,13.113015158001918],[80.244400621652503,13.113032699443393],[80.244357701005683,13.113035187587132],[80.244320249927554,13.113037359927375],[80.243815275792343,13.113066638964206],[80.243612039214327,13.113085249245868],[80.243610036078053,13.113085071568468],[80.24354626855542,13.113111745202378],[80.24355376702006,13.113163549425117],[80.243564839436786,13.113240051311642],[80.243625852289625,13.113585320973749],[80.243670261338707,13.113797978201744],[80.243670375445632,13.113798976765338],[80.243676152945753,13.113826199073094],[80.243676189348363,13.113826361934636],[80.243713152116143,13.114003354023611],[80.243747714248642,13.114138785986235],[80.243758570443404,13.114181316714026],[80.243780884441037,13.1142687534399],[80.243871813423468,13.114640733002782],[80.243888631810151,13.114692936193636],[80.243900600444917,13.114730081193491],[80.243989699446416,13.115006644044616],[80.24406754555379,13.11521836313335],[80.244141147290605,13.115461195673095],[80.244151616547185,13.115495741230786],[80.244198397970067,13.115662524799742],[80.244245653908379,13.115784810820683],[80.244247849539306,13.11579264937841],[80.244248089540662,13.115793507257104],[80.244249982326195,13.116050032238583],[80.244252863607528,13.11614207483443],[80.244255110450581,13.116213796553607],[80.244263699429098,13.116333298137807],[80.24426704798438,13.116366886056024],[80.244269051942183,13.116390968774141],[80.244269113711326,13.116399137430644],[80.244267091323664,13.116407066690728],[80.244263114543088,13.116414254203971],[80.244257432916029,13.116420244989424],[80.24425040830593,13.116424659443622],[80.244242483458805,13.116427215853239],[80.244234160705503,13.116427756554193],[80.244226477576348,13.116427890436581],[80.244219180650589,13.116430247052916],[80.244212920028559,13.116434614017086],[80.244208259639009,13.116440600564294],[80.244205614406212,13.116447670821691],[80.24420522058621,13.116455190739469],[80.244207117125924,13.116462490425254],[80.244250548454701,13.116710727377628],[80.244331659789509,13.116779342196851],[80.244333672612242,13.116779378844527],[80.244335538449889,13.116780119426938],[80.244337011298839,13.116781462857007],[80.244337895191862,13.116783235859067],[80.244338009959122,13.116783717226173],[80.244372366281468,13.116967423348145],[80.244426937341331,13.117343728420481],[80.244484282832488,13.117679761650932],[80.244495074692992,13.117738307219179],[80.244495178611615,13.117738716219003],[80.244590941211996,13.118196409995639],[80.244641226142505,13.118396440073878],[80.244653439625907,13.118445029221167],[80.244653497976842,13.11844525544042],[80.244657750844567,13.118462167270499],[80.244718448293781,13.118710889703166],[80.244750868051199,13.118843738313334],[80.244817014982999,13.11916591702486],[80.244892270564534,13.119131924857056],[80.244892565612787,13.119132884166151],[80.244893645422508,13.119134549237966],[80.244895259949402,13.1191357239969],[80.244897196549744,13.119136257723513],[80.244899201754393,13.119136076435034],[80.245335087413039,13.119015439109653],[80.2454037806164,13.119003334333357],[80.24559748421332,13.118967415843674],[80.245601156823341,13.118967102900864],[80.245604818013504,13.118967509661866],[80.245608323909607,13.118968623046547],[80.245611534426743,13.118970397434916],[80.245614320632896,13.118972760113913],[80.24561657394662,13.118975620346246],[80.24561820062948,13.118978860312291],[80.245618591982421,13.118980004358111],[80.245702030700429,13.119253574426182],[80.245702997313515,13.119256059266041],[80.245704882723643,13.119259162552144],[80.245707359858514,13.119261837175689],[80.245710329416809,13.119263974342697],[80.24571367171913,13.119265492325274],[80.245717252270595,13.11926632743601],[80.245720932784209,13.119266449431514],[80.245724561991594,13.119265849731008],[80.245789302566479,13.119248487152355],[80.245849322683355,13.119234412845197],[80.245877895219664,13.119228659047099],[80.24590979643213,13.119222235039752],[80.245949208628161,13.119215585271718],[80.245970616741275,13.119211973314519],[80.245977834737815,13.119212532442621],[80.245984486853388,13.119215332311507],[80.24598987286906,13.119220077008459],[80.246000031459488,13.119258914699694],[80.246021076096369,13.119406653578485],[80.246023675772861,13.119419369617349],[80.246071675348105,13.119622049296805],[80.246072937317464,13.119628120123975],[80.246072281996319,13.119634281182508],[80.246069768316815,13.119639963003575],[80.246065630363375,13.119644638223907],[80.246060250454292,13.119647875758631],[80.246040510666731,13.119653465554038],[80.246001343171301,13.119664557443],[80.245941931277557,13.119679416591973],[80.245882071097682,13.119692437094752],[80.24582182355249,13.119703608279199],[80.245654608246952,13.119743978983173],[80.245603174417766,13.119756396592514],[80.245299086006753,13.119824314652373],[80.245072470395343,13.119881110046128],[80.245070643103546,13.119881938354792],[80.245069240234244,13.11988335201597],[80.245068445023392,13.119885162590617],[80.245068363358669,13.11988713439492],[80.245068446889675,13.119887574077312],[80.245071850768923,13.119902168679927],[80.245114686145925,13.120272658703477],[80.245118964414914,13.120387075094609],[80.245140105558548,13.120535079221916],[80.245141864370197,13.120538554668146],[80.245143567844679,13.120539606716509],[80.245145834266651,13.120539987695922],[80.24514578629217,13.120571429942],[80.245395091927293,13.120565232709755],[80.245484623113768,13.120995512713426],[80.245571438855492,13.121362198303565],[80.245578557959888,13.121380682771136],[80.24558746784443,13.12140063456442],[80.245598734452699,13.121419795764451],[80.245604582343859,13.121425563561417],[80.245623145438302,13.121453750989961],[80.24564041077268,13.121486395900812],[80.24564753070814,13.121500980587204],[80.245729855237002,13.121829166022701],[80.245729984328094,13.121829792102012],[80.245738951182162,13.121871004334247],[80.245812801789526,13.122246591623316],[80.245812784118087,13.122246638589546],[80.245812099635231,13.122248440448464],[80.245810766669564,13.122249919419579],[80.245808985223846,13.122250834669329],[80.245807833219118,13.12225105643882],[80.245849943557701,13.122501232386711],[80.245849455579858,13.122501217394502],[80.245731889569257,13.122497990445293],[80.245628065955032,13.122509808779176],[80.245588043353976,13.122514364379345],[80.245425795656871,13.122560229691668],[80.245424363720204,13.122561187555702],[80.245398722851377,13.122578355355744],[80.245206180997812,13.122783133947186],[80.245195429871018,13.122794567586734],[80.245286107648312,13.123075320177586],[80.245298214656174,13.123103275315898],[80.245297372101277,13.123102458168878],[80.245297725713314,13.123103273882652],[80.245292681432375,13.123098378266377],[80.245286373755448,13.123095137235154],[80.245279552637058,13.123093876688115],[80.245272778941612,13.123094610023836],[80.245272289998766,13.12309460859054],[80.245253527456924,13.123094570768666],[80.245253039436619,13.123094569338038],[80.245233872761588,13.123096364936087],[80.245214972687322,13.123099978740674],[80.245196520132154,13.123105377827134],[80.245178689617362,13.123112509359848],[80.245174769551497,13.123113779107436],[80.245069142896767,13.123148001414332],[80.24485959890967,13.123216770086666],[80.244898456854898,13.123257711949332],[80.244900583577959,13.123259438864512],[80.244905707259321,13.123275190452276],[80.244875743090674,13.123284553185774],[80.244864150245917,13.123288236317718],[80.244863827234681,13.123288276058956],[80.244799801659099,13.123308281584459],[80.244790810934191,13.123312388274146],[80.244782833183464,13.123317695989511],[80.244777170308694,13.12332293273454],[80.244766951275039,13.123337141071625],[80.244765137622764,13.123340442382068],[80.244737864451693,13.123404499437163],[80.244712674034616,13.123481957300564],[80.244694472913679,13.123537927647405],[80.24468736545731,13.123566381613808],[80.244672631246857,13.123625371280648],[80.244672515453303,13.123627339367147],[80.244674380543302,13.123630758164243],[80.244677641828659,13.123631935948554],[80.244678037165599,13.123632078162373],[80.244650610751435,13.12367047468687],[80.243727350396526,13.126296264359084],[80.243715246369959,13.126330689351757],[80.243713298267025,13.126331184550166],[80.243711658153615,13.126332329863159],[80.24371044009348,13.126334234128885],[80.243661677089193,13.126464688686738],[80.243572057241167,13.126779264881652],[80.243478856233637,13.127058114930403],[80.243463970720072,13.127098839371024],[80.243423128560394,13.127210578676062],[80.243415679113482,13.127219859102029],[80.243399673415496,13.127232906556003],[80.243398386418761,13.127234423623115],[80.243397804310106,13.127235922870049],[80.243379507728676,13.127243298827979],[80.243379530188065,13.127243194911973],[80.243379531428829,13.127243090933575],[80.243379554676707,13.127241222037862],[80.243378861040625,13.127239371831159],[80.243377538942454,13.127237888687192],[80.243375761229245,13.127236966611063],[80.24323478537147,13.127196553430061],[80.24304870664244,13.127135967033324],[80.242904240314246,13.127103871015553],[80.242778472587275,13.127075930437737],[80.242777191109582,13.127075644559966],[80.242762922621054,13.127135362407596],[80.24275485384284,13.12716913101808],[80.242727368865687,13.127290270586846],[80.24272136322034,13.127353456806015],[80.242718315821079,13.127395386049102],[80.242720918327819,13.127447502261084],[80.242733285759712,13.127643404605035],[80.24273291111021,13.127643434245241],[80.242712990039095,13.12764502758993],[80.242700590998524,13.127448607051139],[80.242697953676839,13.127395810784744],[80.242698300106056,13.127342949153585],[80.242701629752517,13.12729019576075],[80.242727063889504,13.127159119426285],[80.242726561812788,13.127159186667654],[80.242629845624649,13.127172126800263],[80.242442942068422,13.127197132829798],[80.242442791834335,13.127197086273849],[80.242416225423995,13.127188808872612],[80.242434385960465,13.127132803359917],[80.242436557547663,13.127125914387547],[80.242471244189389,13.127015891383513],[80.24248282968675,13.126979142972058],[80.242514958912281,13.126880879580042],[80.242515217956424,13.126879437252784],[80.24251493056434,13.126877485161822],[80.242513948704854,13.126875763404286],[80.242512405454818,13.126874498419706],[80.242510499569136,13.126873858972594],[80.242508489106172,13.126873929008021],[80.242448793219197,13.126886905688666],[80.242443541961435,13.126887832400744],[80.242311005180355,13.126911212573598],[80.24226528997724,13.126919277204838],[80.242229722337697,13.126923907745455],[80.242183058382551,13.126929983060117],[80.241961537237501,13.126958824576759],[80.24196035589452,13.126958978426901],[80.241818775055847,13.126989033572203],[80.241773330188451,13.126993170199423],[80.241772842141444,13.126993175091066],[80.24176147821224,13.126993439093631],[80.241720575338761,13.126991777853902],[80.241679864895929,13.126987534804282],[80.241639516575475,13.126980729432855],[80.241510739167538,13.126949357014215],[80.241476741455443,13.126914073839641],[80.24147658100874,13.126914349145155],[80.241476270825871,13.126917723577105],[80.241474607556682,13.126941147175657],[80.241474128112301,13.126941054439417],[80.241376203396825,13.126922131361638],[80.241379365230031,13.126767205699242],[80.241379694543056,13.126733241628948],[80.241382879659511,13.126699416178967],[80.241388901405983,13.126665964382358],[80.24146993922831,13.126292862617902],[80.241548627049738,13.12596396883789],[80.241606715598152,13.12573384244485],[80.241687996402689,13.125401006720807],[80.241739619441162,13.125179904951239],[80.241753062003227,13.12512240722817],[80.241808665149037,13.124860265055718],[80.241884889568013,13.124521779405002],[80.241945719156661,13.124254046580035],[80.241986449202727,13.124074774903695],[80.242070203223264,13.123656406101182],[80.242083426420166,13.123590355855812],[80.2420964397581,13.123525350236791],[80.242168977663752,13.123185678124536],[80.242264627408645,13.122860269802876],[80.24243223465281,13.122271711029734],[80.240974504351442,13.122410626416439],[80.239383607829453,13.122562220128929],[80.238767323131597,13.122384546269995],[80.238683997074588,13.122372746146473],[80.238622641368949,13.122382190736902],[80.238590245018216,13.122387749746412],[80.238557032629515,13.122397071389933],[80.238528979824906,13.122407346838687],[80.238426493887204,13.122444884113113],[80.238352138322554,13.12247211721489],[80.238273344012327,13.122500977364798],[80.238182105361844,13.122534395767488],[80.238108668674769,13.122561004006268],[80.238014043785228,13.122595177272068],[80.237941070960218,13.122621531852001],[80.237825787690113,13.122663164960192],[80.237779221567564,13.122676951647845],[80.237744781460435,13.122685595021785],[80.237696696790636,13.122696102219006],[80.237659564547286,13.122702703181035],[80.237607431556512,13.122709987592804],[80.237576171395631,13.122713255903392],[80.237543968828945,13.122715786312206],[80.237538973617035,13.122720165886925],[80.237506183882459,13.122704283418727],[80.237508036375203,13.122664173575062],[80.237504601410237,13.12263286754977],[80.237499902113839,13.122608292193336],[80.237490952124617,13.122551879443863],[80.237485167108019,13.122493456104969],[80.237482461608536,13.122440391983108],[80.237481933964574,13.122421225191628],[80.237478719824139,13.122416443353591],[80.237435514990551,13.122396869868847],[80.237399839541638,13.122380709393756],[80.237371997878583,13.122373657426657],[80.237359814077223,13.122372709914151],[80.237327200030947,13.122372870099378],[80.237307986115667,13.122377429982777],[80.237307046188903,13.122382470774811],[80.237334815365585,13.122467181673834],[80.237362304880818,13.122551043610956],[80.237381537866568,13.122609716556003],[80.237378524756906,13.122616330828849],[80.23735095902947,13.122628387035402],[80.23727844932101,13.122660102837964],[80.237190309268897,13.122699215609371],[80.237190277858247,13.122699229983356],[80.237089914024679,13.122744360963836],[80.237028933557838,13.122771781589597],[80.236982917118993,13.122792475967286],[80.236802898773433,13.1228628978691],[80.23676300844285,13.122877756634507],[80.236669015383612,13.122912770351025],[80.236618541396567,13.122921139984973],[80.236575272441655,13.12292831393248],[80.236548985055521,13.122932673752221],[80.236523484078276,13.122936902080999],[80.236520268064865,13.122937512819078],[80.236511451178842,13.122937270571931],[80.236503197742849,13.122934410555169],[80.236498379092936,13.122931196335099],[80.236491231214998,13.122922244447569],[80.236443030904539,13.122789393450482],[80.236442483881731,13.122787885446646],[80.236440564550833,13.122785341691532],[80.236438758122958,13.122784476449002],[80.236434815919381,13.122784838188435],[80.236423653102648,13.122790247406078],[80.236364838137604,13.122818740332979],[80.236359250263135,13.122821447181561],[80.236341290892838,13.122826623752102],[80.236316980648695,13.122833629649328],[80.236264583341182,13.122847024425596],[80.236264508560339,13.122847042287585],[80.236222806685291,13.122856112391197],[80.236222737448017,13.122856127557052],[80.236187458179799,13.122862843207303],[80.236166023194656,13.122866656785186],[80.236129533013866,13.122872053237618],[80.236129457327237,13.122872065671727],[80.236092814556116,13.122876685870674],[80.236053599766066,13.122880701666945],[80.235993752645314,13.122884931107206],[80.235921192965421,13.122889746698133],[80.235831985940905,13.12289489985244],[80.235831942570769,13.122894903340471],[80.235761137141736,13.122898360573435],[80.235669552391258,13.122901533669648],[80.235558155966103,13.122905051179769],[80.23552620713275,13.122906067568127],[80.235497192254911,13.122906993203518],[80.235406440427624,13.122916176120047],[80.235381745546093,13.122918676108238],[80.235314815081793,13.12292084088304],[80.235238838212496,13.122923298852884],[80.235143012335868,13.122923257425176],[80.23508379554282,13.122923230692708],[80.235050563644023,13.122929555328083],[80.23502293313966,13.122935070172034],[80.235008834765068,13.122935708233697],[80.234968533381277,13.122933702343929],[80.234727831974425,13.122921722606604],[80.234617263786078,13.122915766256282],[80.234476933059653,13.122907888573513],[80.234450990629881,13.122907495874843],[80.23440325306693,13.122911024939127],[80.234313356885522,13.122917671046341],[80.234251340016996,13.122924853945372],[80.234193191816502,13.122931589007711],[80.234085038809525,13.122944117642863],[80.233985216544639,13.122962531978462],[80.233901496242936,13.122977976000872],[80.233875076360647,13.122983402094848],[80.233843237560038,13.122984037936806],[80.233827535392734,13.122981237046917],[80.233817142675903,13.122977466389292],[80.23376034120605,13.122956857226949],[80.233731397179525,13.122949206630569],[80.233697719551017,13.122943062789924],[80.23366871270116,13.122939611058383],[80.233641246973249,13.122937790548798],[80.233598465381249,13.122938905560146],[80.23349564097964,13.12294904014124],[80.233339038149936,13.122966889138773],[80.233274370710376,13.122975588371832],[80.233210347776648,13.122984101436383],[80.233154207288706,13.122991930885972],[80.233049110457173,13.123006587605603],[80.233018139318716,13.123011830065083],[80.23299557507552,13.123015650861896],[80.232982660637987,13.123017077175971],[80.232976005882492,13.123019016730023],[80.232970201560065,13.123020706548498],[80.232963585135465,13.123023969950461],[80.232958592101397,13.123026430747112],[80.232948189858817,13.123034064574169],[80.232939321209045,13.123043375721196],[80.232932261977666,13.123054071148387],[80.232924098114538,13.123081239432942],[80.232918017573922,13.123108928408218],[80.232917127149648,13.123115230671557],[80.23291405777654,13.123136970910785],[80.23291349491754,13.123144144884934],[80.232912861031636,13.123152208370316],[80.232910850295497,13.123164571697426],[80.232899220390067,13.123236074743383],[80.232895042795718,13.123261761181556],[80.232888184867278,13.12328726422049],[80.232879261667406,13.123310589241306],[80.232779737771267,13.123551548620545],[80.232642455642292,13.123858585717475],[80.232543073412117,13.124057308880976],[80.232525777677864,13.124097704441807],[80.23252565309356,13.124101582140334],[80.232528201172727,13.124104550053838],[80.23253011073966,13.124105176020686],[80.232594598539507,13.124106603382275],[80.232784334080918,13.124104004226519],[80.232878888039025,13.124102009243217],[80.232880940820337,13.124133792207733],[80.232884682568226,13.124227206167262],[80.232885906993118,13.124257771432083],[80.232896999206559,13.124369743184957],[80.232907980381896,13.124487772677861],[80.232928939161297,13.124645270851346],[80.2329544236065,13.124772550017106],[80.232981339197252,13.124898855111246],[80.232983319061276,13.124909834257798],[80.233004557089799,13.125027589593889],[80.233025284435215,13.125126480199144],[80.233032778106192,13.125165502944355],[80.233053428827787,13.125273042798755],[80.23306975895909,13.125398828083652],[80.233071256098071,13.125408099585195],[80.233091307282109,13.125523344963998],[80.233110901562384,13.125660388091346],[80.233116058411582,13.125702692410421],[80.23312673559478,13.125790276915344],[80.233142691334578,13.125940419951238],[80.233158640439882,13.126093004278008],[80.233163926423217,13.126213257370425],[80.23315512916416,13.126283695573255],[80.233154740078177,13.126283621174744],[80.233154080131413,13.126356603596042],[80.232654722764394,13.126466137265718],[80.232614593106788,13.126453810166231],[80.232232154995259,13.126361621449464],[80.232085432979957,13.126355491897685],[80.231997676108477,13.126351062665481],[80.231906047902243,13.126346437396714],[80.231852896055315,13.126343754287703],[80.231713490625594,13.12634036164012],[80.231561903561627,13.126329339168073],[80.231515045801785,13.126326517450728],[80.231511006706512,13.126326273919309],[80.231328916939049,13.126328739357929],[80.231035196565472,13.126309273739292],[80.230839822064354,13.126296325214398],[80.230798281695414,13.126293572603593],[80.229532283888659,13.126209666093475],[80.229280320423044,13.126184860360485],[80.229125013015917,13.126172055826189],[80.229107220671025,13.126170589293782],[80.22907288592009,13.126198466591251],[80.229071153598753,13.126199872841909],[80.229031503334781,13.126196609316738],[80.229031239566794,13.126196583209412],[80.228962671115951,13.126190929183942],[80.228734684386723,13.126176914803677],[80.22858463236436,13.126172233553323],[80.228567422019012,13.126171697329927],[80.228565432077275,13.126171993365233],[80.228564410886023,13.12617256175211],[80.228563681725674,13.126172968260217],[80.228562403856543,13.126174490701271],[80.228526525662815,13.126170421016916],[80.228401897580412,13.126166533783652],[80.228137250597385,13.126161103660955],[80.228124222256554,13.126160836737876],[80.227851474983936,13.126170283061967],[80.227842306611748,13.126170600959147],[80.227836744157273,13.126171024612866],[80.227752461167853,13.126177441062955],[80.227748178594354,13.126177767285416],[80.227740731735352,13.126180732383169],[80.227734324450594,13.12618551440217],[80.22772940522313,13.126191778329854],[80.227726321378526,13.126199085772654],[80.22772528762799,13.126206923795639],[80.227726375801922,13.12621474286761],[80.227733192994734,13.126223749148123],[80.227741519842439,13.126231457925961],[80.227751096945155,13.126237626100185],[80.227761624141635,13.12624206469888],[80.227769726150527,13.126249689615982],[80.227773802206471,13.126255819585271],[80.227775859978806,13.126258913563175],[80.227777116084184,13.126262293572209],[80.227779704224972,13.126269259068913],[80.227711686735248,13.126389080629021],[80.22766719618069,13.126359128804284],[80.227657957812426,13.126352909200287],[80.227337601165615,13.126157181912502],[80.227217046270894,13.126087740904195],[80.227187963594801,13.126070987586308],[80.227147974800829,13.126047953577174],[80.227076741094876,13.126006922810097],[80.226848009361575,13.125875170143418],[80.226790046707848,13.125841781579227],[80.226701424399067,13.125791186418152],[80.226699580441576,13.125790527150341],[80.226691620318789,13.125789172271393],[80.226682587774306,13.125790016773706],[80.226674099703288,13.125793166783806],[80.226666758308355,13.125798398063795],[80.226657472645755,13.125813509899778],[80.226656701760589,13.126059989374765],[80.226657867141455,13.126066414422812],[80.226659012551707,13.126072735429169],[80.226663358274436,13.126084959551099],[80.226669629182808,13.126096354890832],[80.226677661978158,13.126106628904784],[80.226687238571358,13.126115014185725],[80.226589918775545,13.126119156838506],[80.226586055545297,13.126119321547646],[80.226494841599731,13.126118022115952],[80.226292951455136,13.126113704567082],[80.226264978263146,13.126113591550109],[80.226218419620977,13.126113404577751],[80.226117131428595,13.126112995192029],[80.225914269602725,13.126111119350643],[80.225828462727833,13.126110118050251],[80.225793624969739,13.12611910036305],[80.225530682548822,13.126186895668294],[80.225299977790257,13.126246378773166],[80.225263183568273,13.126249671396495],[80.224945914421752,13.12625633496882],[80.224931466340522,13.126256638672778],[80.224931437733218,13.126257229925706],[80.224921476384651,13.126443119100081],[80.224922372914875,13.126465840431196],[80.224922653430312,13.126482890647655],[80.224923447550282,13.12653121827868],[80.224923363014852,13.126550828056642],[80.224920768009085,13.126604642945958],[80.224915820994184,13.12665829884887],[80.224894201411146,13.126845039012784],[80.224864566207771,13.127175520938623],[80.224850097435535,13.127295106873285],[80.224838463648922,13.127414988875298],[80.224829673361796,13.127535100965172],[80.224820826106296,13.127649545430916],[80.224803095817776,13.127845406069016],[80.224793708570417,13.128000831225542],[80.224790100892221,13.128038939117637],[80.224784984790077,13.128092948037388],[80.224763404769604,13.128320818884935],[80.224749150704895,13.128471326864696],[80.224737107394375,13.128597313593636],[80.224726904084861,13.128723455958243],[80.22472688576245,13.128723709075665],[80.224724460224195,13.128787292403613],[80.224703875040319,13.129326819909775],[80.224624762274573,13.129373706023705],[80.224294842917033,13.129479073200201],[80.224208725998366,13.129438928073892],[80.22389678583086,13.129540008824018],[80.223488414091136,13.129761669124832],[80.223277586982277,13.129841934157639],[80.223128641905305,13.129851646718144],[80.222816202705403,13.129872018628962],[80.222792710360721,13.129873550803188],[80.222722986069698,13.129872594258568],[80.222717461954247,13.129877814627084],[80.222712482204926,13.129865121068805],[80.222643948609274,13.129870432310241],[80.222170457892105,13.129907126631078],[80.221832602164085,13.129974335176669],[80.221693077806407,13.129971283848743],[80.221651609610078,13.129970377207735],[80.221106234102294,13.130028535427705],[80.22038136862875,13.130010213321574],[80.219100689961934,13.129977838374922],[80.218586050260114,13.129968865441425],[80.218143330750195,13.130098171159005],[80.217955125153452,13.130236397324097],[80.217810075697344,13.130342928061662],[80.217674857213368,13.130386709122913],[80.217656228016963,13.130394536992009],[80.217530271381676,13.130448720767786],[80.21747713590635,13.130471578872278],[80.217344256161923,13.130526089611065],[80.217119525941484,13.130645818300501],[80.217074471233474,13.130666314754304],[80.217056210986001,13.130673281106441],[80.216979267427249,13.1307026373838],[80.216913617387405,13.130723125387668],[80.21683164187165,13.130740042785975],[80.216526555684382,13.130801012843207],[80.216357059787953,13.130831984096199],[80.2161705590499,13.130854253991913],[80.21610204196179,13.13085716832933],[80.21607903832377,13.130853512247732],[80.215967378434613,13.130835765565706],[80.21570212501419,13.130838471793743],[80.215410340434318,13.13085368945198],[80.215168636034193,13.130869008893997],[80.215086388431914,13.130870173073902],[80.214936587587175,13.130872292110425],[80.214765141948661,13.130850755703792],[80.21467892721887,13.13083075783603],[80.214673150963961,13.130828168702644],[80.214611112839606,13.130800376372214],[80.214608672442878,13.130799282092276],[80.214590211776041,13.130788295947513],[80.214544828632313,13.130755308350558],[80.214504336385986,13.130716688131336],[80.214493994751351,13.130704978098183],[80.214487838428951,13.130697736668738],[80.21440975694172,13.130562843332306],[80.214378772381508,13.130516192209036],[80.214364490877315,13.130498265619583],[80.214267559324682,13.130382647995086],[80.214239637307074,13.130352379204945],[80.21419639022605,13.130314974797741],[80.214151623431277,13.130285198879399],[80.214102597291841,13.130282371861624],[80.213946513551065,13.130273373175909],[80.21371167588255,13.130259834367285],[80.213267116299505,13.130426440740349],[80.21317447643149,13.130467816036079],[80.213055206709484,13.130521083084719],[80.213004920308649,13.130546367651755],[80.212964385664407,13.130572146786008],[80.212948673958678,13.130582138806965],[80.212896785620856,13.13062375527595],[80.212895486622529,13.130624923126998],[80.21274867067315,13.130757324168624],[80.212657422039811,13.130880016017104],[80.212607630917901,13.130841307385371],[80.212342382271899,13.130734866844836],[80.212051186908383,13.130678448407131],[80.211954114783467,13.130655869304032],[80.211912556442542,13.130646201065387],[80.211906702614669,13.130644805158699],[80.211847725838979,13.130626595070593],[80.211818287567439,13.130614504555229],[80.211698046949223,13.130560750417599],[80.21168259600077,13.130549135841338],[80.211678949656772,13.130546360576234],[80.211639669310529,13.130511478833386],[80.211605723553433,13.130471579829697],[80.211579320550101,13.130430275319524],[80.211544260867399,13.130366500595887],[80.211496843722102,13.130221673001834],[80.211480592572997,13.130121100406326],[80.211486147881658,13.129987888438684],[80.211478185337242,13.129949688432706],[80.211473010547536,13.129924862635793],[80.211468870779555,13.129906717418747],[80.211450639565641,13.129848743060533],[80.21142541267217,13.129793344084302],[80.211424222296429,13.129791116140744],[80.211415016226809,13.129774004252939],[80.21136921882804,13.129658231267697],[80.211341406370735,13.129532460661084],[80.211339138414488,13.129439445593738],[80.211304090550883,13.129440265877509],[80.211306439412098,13.129536545301306],[80.211319349779302,13.129594931945046],[80.211319559459554,13.129596874777665],[80.211319417112648,13.129598406031302],[80.211319413295513,13.129598445803756],[80.211319376877555,13.129598583128313],[80.211319006361251,13.129599918378631],[80.211318992370082,13.129599966257574],[80.211318371038317,13.129601263667626],[80.211318307895226,13.129601391868421],[80.211317382147726,13.129602680207867],[80.211316272553617,13.129603760021231],[80.211316241085939,13.129603791571274],[80.211316121811507,13.129603874390769],[80.211314964251144,13.129604662909468],[80.211314920798955,13.129604691710229],[80.211313595006089,13.12960529345116],[80.211313461968416,13.129605352719663],[80.211313044560157,13.129605481643091],[80.211312667796051,13.129605594415759],[80.211205542961423,13.129633056217129],[80.211205342389277,13.12963230693693],[80.210990318083915,13.129678441154702],[80.210891067933105,13.129691524199153],[80.210843955120268,13.129697734341439],[80.210744303801334,13.12970470018969],[80.210606887258066,13.129713761793351],[80.210613303790566,13.129710543589081],[80.210614425571833,13.129709981914413],[80.210617825088576,13.129703373707079],[80.210581260974465,13.129665047064474],[80.210477693964236,13.12960338038064],[80.210452237303372,13.129588222279123],[80.210107266578149,13.129412677631645],[80.209753594181876,13.129209620409386],[80.209664744744074,13.129165679948004],[80.209351278777774,13.128997604720894],[80.209256906234302,13.128947003206731],[80.209239991569362,13.128937933798003],[80.209035627824221,13.128844489389758],[80.208514380008808,13.128606149561787],[80.208472203810928,13.128611542610201],[80.207993432170298,13.128672756794669],[80.207963849800308,13.128672665754888],[80.207962048989913,13.128672660212782],[80.207603553142917,13.128687068859973],[80.207572215329648,13.128694117236956],[80.20756487387375,13.128695769181787],[80.207420233992849,13.128693405098748],[80.207409294744039,13.128689823388864],[80.207408463952419,13.128689401288616],[80.207395803706532,13.128677609707079],[80.207384847667939,13.12867178375838],[80.207367250278139,13.128668508855718],[80.207234025262537,13.128648000290454],[80.207054957628259,13.128659980627493],[80.206889535059759,13.128667783964966],[80.206797274328011,13.128683210734787],[80.206792213016939,13.128681539573545],[80.206785940252374,13.128677323920011],[80.206782855093962,13.128669027560514],[80.206776008844798,13.128650616251512],[80.206764331192588,13.128628174567806],[80.206749951010877,13.128607285176145],[80.206732766953593,13.128587906171209],[80.206677795849629,13.128541831282115],[80.206622784781203,13.128499016748123],[80.206595891874883,13.1284796078049],[80.206566103328797,13.128458107595256],[80.206557507646295,13.128453297055284],[80.206535129777279,13.128440772019179],[80.206524908389355,13.128435438368335],[80.20650907107121,13.128421301442307],[80.206507006710808,13.128414304827764],[80.206453366423275,13.128413224405755],[80.206439813009936,13.128419312985486],[80.206425348351743,13.128422740452518],[80.206266070294191,13.128441132258546],[80.206129543458815,13.128456897867308],[80.206044184764451,13.128466754183341],[80.206036366439491,13.128466366581788],[80.206028879889686,13.128464649948391],[80.206021824593293,13.128461653416043],[80.206015427200199,13.128457469910806],[80.20600989299956,13.12845223659791],[80.20600540043074,13.128446120397822],[80.206002090015858,13.128439317047949],[80.206000002439723,13.128431797739946],[80.2059996286401,13.128428402278777],[80.205975329791613,13.128430318326185],[80.205974025553161,13.12840611200062],[80.205969522725098,13.128322478237964],[80.205968460620326,13.128311352589744],[80.205965557904847,13.128300550385868],[80.205960893002924,13.128290356686328],[80.205954588649945,13.128281047645935],[80.205946819327934,13.128272873357773],[80.205937789133145,13.1282660550724],[80.20592774472658,13.128260774387599],[80.205834406604524,13.128243449746307],[80.205740679627311,13.128228283063889],[80.205646613577997,13.128215284439445],[80.205552261941463,13.12820446036689],[80.205444170877939,13.128194451914373],[80.205399972830435,13.128191123690023],[80.205355664406056,13.128189989572425],[80.205311426396051,13.128191058257379],[80.205056328680044,13.128223131214776],[80.205015445813189,13.128228271806817],[80.20432998734384,13.128340537365409],[80.204272913011337,13.128349884677567],[80.204278856754243,13.12835656056127],[80.204243179396855,13.128369859299623],[80.204211195616764,13.128379246199414],[80.204089444195162,13.128404807126493],[80.204089079565975,13.128404875621019],[80.20404279877954,13.128413746300518],[80.203779399187866,13.128458836955154],[80.203558855805696,13.128497063388343],[80.203257043742951,13.128540704568026],[80.203055238651942,13.128575651228671],[80.202878126546125,13.128604032981592],[80.202816004368671,13.128612090334519],[80.202755095859487,13.128619988678857],[80.202666190874169,13.128631519180539],[80.202621714379774,13.128637288414151],[80.202523917213426,13.128655866551878],[80.202479433912075,13.128664315739591],[80.20234572117819,13.12870020702989],[80.202328894571465,13.128704538358983],[80.202325180347529,13.128705116374555],[80.202251373369904,13.12869735394338],[80.202244139098312,13.128700660722625],[80.202075816122871,13.128744443894108],[80.202063401096893,13.128748224672778],[80.202051837412668,13.128754060587033],[80.202041478077604,13.128761768278091],[80.202032643051098,13.12877111365043],[80.202026891315967,13.128779851929508],[80.202025512082756,13.128781285304767],[80.202023699252692,13.128782145891606],[80.202023257949094,13.12878224579182],[80.201943628889154,13.128797007418024],[80.201735267453103,13.128825200139977],[80.201647855944472,13.128837027870897],[80.201588786457464,13.128836503745163],[80.201583366659378,13.128761028303233],[80.201581382893053,13.12873340567443],[80.201494922851595,13.128752571042458],[80.200684546934781,13.128932198594109],[80.200479674771188,13.128965411201339],[80.200351542189253,13.128986182739466],[80.200155351820527,13.129000668397303],[80.199830542876143,13.12885799490785],[80.199821597644714,13.128858324247433],[80.199820779580648,13.128857964551562],[80.198972392454806,13.128889182438844],[80.198954893205737,13.128889825095996],[80.198890506655957,13.12849542173092],[80.198543718964672,13.128402388436669],[80.198007557161233,13.128346414805778],[80.197976971202337,13.128349155009719],[80.197948975690949,13.128346232248798],[80.197802611754923,13.128359346051729],[80.19750895088147,13.128385656393348],[80.197010523347743,13.128422380319391],[80.196739349887821,13.128035472582463],[80.196692384917014,13.128051865305034],[80.196249698458473,13.128206378714609],[80.195521903927244,13.128307975447727],[80.19551409643978,13.128307671650422],[80.195512140663823,13.128307944929247],[80.19547309584074,13.128306427724167],[80.194731735073603,13.128277625655336],[80.194727343004004,13.128279547766855],[80.194486882171574,13.128384782588689],[80.194514292683309,13.128847539225839],[80.194605828874813,13.130025894364591],[80.194547080599193,13.13002356757813],[80.193882574309058,13.129997259265927],[80.193881949071553,13.129999726627831],[80.193562228432128,13.131261431799816],[80.193322568884184,13.131594989057515],[80.192852718248062,13.132978360797473],[80.192680118152794,13.133486539704517],[80.191957434223809,13.134185837708747],[80.191583641687458,13.134701382027218],[80.191487099198568,13.135003248672779],[80.191183498002601,13.135191514928415],[80.190893854241025,13.135174894824107],[80.190593110424487,13.135203236930627],[80.190248586017447,13.135235704986295],[80.18938662953974,13.135075406018906],[80.189375400908162,13.135162007406914],[80.188654927286407,13.135220464383837],[80.188551215918295,13.135714874000715],[80.189094244755154,13.136488292686108],[80.189110915386962,13.136771186430591],[80.189168709106923,13.137505273746203],[80.188837221240846,13.137790882572576],[80.188413202541867,13.13808328410215],[80.188138196234405,13.138422906846191],[80.188142652186954,13.138927661344114],[80.187515660907493,13.139086227431131],[80.185174659233965,13.138043541583519],[80.183752744762671,13.136581431554301],[80.183343381445823,13.136160490806686],[80.182432475433657,13.135204528170908],[80.182009974123346,13.135344978369202],[80.181593282419882,13.135384422414866],[80.181512293846737,13.135402900224813],[80.180758709952215,13.135618163369392],[80.178452327836823,13.136276973561207],[80.178253303429869,13.136409957263149],[80.177708698235236,13.13653855135923],[80.17765762012246,13.136550611645252],[80.17755586918517,13.136578248021964],[80.176939984248776,13.136745523813646],[80.176923587174358,13.136749976861855],[80.176847108022372,13.136797633652412],[80.176305210451517,13.137135309988858],[80.176294949414185,13.137141703118907],[80.17628660514292,13.137158994112271],[80.176167811114013,13.137405151253745],[80.176158002100721,13.137411828832876],[80.176031198710717,13.137498158588667],[80.175842263976548,13.137626788250753],[80.175717066542148,13.137712025312425],[80.175638356580365,13.137765609582239],[80.175600548114545,13.13779135058512],[80.175132467946426,13.13813407827319],[80.175042087422156,13.138200255367206],[80.174998559553956,13.138232126333905],[80.174989587799217,13.138238642894102],[80.174931879444088,13.138280562595416],[80.174740069019947,13.138419892129349],[80.174641633854336,13.138491395048312],[80.174402037996799,13.138595603699434],[80.174178364950265,13.13869288571026],[80.17413016263049,13.138713849788756],[80.174109711447841,13.138722745412814],[80.173985563934011,13.138776740185266],[80.173827358443305,13.138845548928142],[80.173822999764042,13.138847593737047],[80.173531969681264,13.138984147789067],[80.173505108831861,13.138996751589648],[80.17346630109958,13.139014959959532],[80.173464790541061,13.139015596166166],[80.173399486385946,13.139043093872663],[80.173251260395872,13.139105505618931],[80.173214538566867,13.139120967435552],[80.173122623565476,13.139159669971379],[80.172965870861532,13.139225671740016],[80.172876640612756,13.139263243554391],[80.172848406076838,13.139274437773382],[80.172719518703076,13.139306946975889],[80.172613102384346,13.139333788695691],[80.172606720064309,13.139335398392225],[80.172363184436975,13.139396825708632],[80.172236701085936,13.139451121304184],[80.172188226826407,13.139471930414407],[80.171962606983286,13.139568782784229],[80.171913614361657,13.139589814406612],[80.17184469188625,13.139619400449556],[80.171728425939506,13.13966930997425],[80.17157453240651,13.139735371599983],[80.171554151664836,13.13974412076044],[80.171389376111023,13.139814854355246],[80.171263301650157,13.139868974449177],[80.171229519941349,13.13988442103043],[80.171202979672799,13.139896557247241],[80.170946805187995,13.140027913032473],[80.170896585759721,13.140052396257435],[80.170843577628759,13.140081462792143],[80.170760849799123,13.140126825292626],[80.170748957856759,13.140133345839518],[80.170715173126368,13.140151871059897],[80.170564267567258,13.140234617406875],[80.17047467676268,13.140283742554187],[80.17045172285971,13.140296329687493],[80.170427741550284,13.140307984915014],[80.17019044283127,13.140423310068879],[80.169965355894149,13.140532701421204],[80.169950172913801,13.140540079314539],[80.169950233292496,13.140540506280612],[80.169888654172766,13.140572288208453],[80.169849663338354,13.140581146228369],[80.169672726053534,13.140665339650088],[80.169426865863514,13.140800985797492],[80.16940500320932,13.140813048317113],[80.16931609032396,13.140862102889367],[80.169249910092262,13.140875778131692],[80.169140728758506,13.140928108086248],[80.169056086417498,13.140968677107582],[80.168960085214167,13.141014689598896],[80.168904508958505,13.141041326927994],[80.168894581632273,13.141045778649532],[80.168843005550485,13.141068905320228],[80.168812338252138,13.141072827963415],[80.168698037814991,13.141087446981466],[80.168632825728977,13.141095786934843],[80.168527421157862,13.141108692291263],[80.168494392462577,13.141119605581238],[80.16842684341978,13.141141923716374],[80.16841888817595,13.141121016047164],[80.168151115184486,13.140757627849318],[80.16711252587794,13.139296807043024],[80.167036551698956,13.13908316736741],[80.166691422325115,13.137996952557057],[80.166359605265825,13.136301718692723],[80.165646679663482,13.134986562149845],[80.164436038415971,13.133754061579969],[80.164265027044621,13.133771804802169],[80.163506091573211,13.13384866335319],[80.16350551100804,13.13386782094083],[80.163499605402677,13.134062485153311],[80.163497832843618,13.134120897252812],[80.163451755178428,13.135639540326574],[80.163231341125339,13.136508093764544],[80.162899477808182,13.137229089899064],[80.162482475627854,13.137820330381921],[80.161734895699468,13.138372340203592],[80.161419080048347,13.138886820333662],[80.161211088045192,13.139874929157175],[80.160333616333972,13.140386382411357],[80.159964822709384,13.140524615118544],[80.159209314540092,13.140827179833934],[80.159117314744407,13.140864024267158],[80.158323608691774,13.140777760647254],[80.157320994406277,13.140987171038821]]]},"properties":{"objectid":1,"region":"Central","st_area(shape)":128455067.82088345,"st_perimeter(shape)":78092.293352349123}},{"type":"Feature","id":2,"geometry":{"type":"Polygon","coordinates":[[[80.163147039779261,13.083567415099729],[80.163028694779754,13.083605752927122],[80.163013524385036,13.083611779827743],[80.162681471336114,13.083743683398726],[80.162470584246023,13.083455970592007],[80.162390876103515,13.083347225954544],[80.162288655059257,13.083207767448403],[80.162247010679053,13.083150950277092],[80.162246743299377,13.083148186239864],[80.162246669344199,13.08314741563977],[80.162211115869269,13.083123247317921],[80.161719250281394,13.082788886916441],[80.161626870806145,13.082416537428218],[80.161373505321521,13.082266613802782],[80.161116994255735,13.08183177492144],[80.161116868613675,13.08183156112716],[80.161267189429282,13.081241836111255],[80.161267289448077,13.081241444022659],[80.161098780310823,13.080678773406825],[80.161018803610318,13.080411720351833],[80.161018783538594,13.080411655185783],[80.161029356142279,13.080096410631672],[80.16102937874804,13.080095726241987],[80.160716773696464,13.079588167100981],[80.1607162710023,13.079587350802504],[80.160964232743538,13.079465345568464],[80.160800499036625,13.079050625667103],[80.160134411202364,13.078962172871725],[80.159997181639483,13.078767830943809],[80.160076571279959,13.077635536935579],[80.159990403243086,13.076944827835785],[80.159955018936643,13.076342245958676],[80.160088655862424,13.075002257429118],[80.160149605978418,13.074196385701965],[80.160107154032673,13.073832181939828],[80.160238715253357,13.072777246672025],[80.160661120623573,13.072716473170606],[80.160735558669103,13.072777083381464],[80.161167254632787,13.072619396762775],[80.16155929177954,13.072627694683341],[80.161789638251705,13.072544584856454],[80.161732905132922,13.071770879121022],[80.162370551393849,13.07163966456155],[80.162447613821897,13.071016266561873],[80.162713839545575,13.070645211349795],[80.162740400545076,13.069208914148311],[80.162334501066468,13.068391499068101],[80.161799349291272,13.068087191275209],[80.161728149853857,13.067087961364551],[80.162461227577126,13.067350793921873],[80.162662941555055,13.067389822646653],[80.162789142273937,13.065930306588141],[80.162809511129339,13.065571056905901],[80.162868415784004,13.064532125223897],[80.162875757377535,13.064402632450792],[80.16268032305355,13.064073464880293],[80.162648639002938,13.063913657865209],[80.162614343141371,13.063740678431452],[80.162599959579566,13.063736366828071],[80.16260019905387,13.063742210414551],[80.162427925326071,13.063684810204778],[80.161942763630066,13.063539411965463],[80.161414158572995,13.063501095001911],[80.16144095919762,13.062979521753917],[80.161368423735681,13.06248299217093],[80.16136437313169,13.061609733025598],[80.161435054574426,13.061132913334264],[80.161430722206248,13.061017937333403],[80.161424945895206,13.060906679157942],[80.161417355358765,13.060705237619722],[80.161386149252849,13.059877081208544],[80.161256274872002,13.058180038613054],[80.161248487610791,13.057782980662205],[80.161247310407632,13.057722951946301],[80.1611275253766,13.056381707800103],[80.161257343567584,13.055381226584247],[80.161275027594243,13.055011181239001],[80.161288332425713,13.0547327865764],[80.161186328091205,13.0543645964501],[80.161127242025927,13.053875758715094],[80.161150534994761,13.053792588163381],[80.161155401727953,13.052583808824526],[80.161153248935932,13.052228408305668],[80.161113884433306,13.051469511442313],[80.161105134350805,13.050988702278998],[80.161097473441373,13.050567775986663],[80.161836803808228,13.050472281381108],[80.161938932145674,13.049313884601881],[80.162103453688147,13.049228630423285],[80.162042278687096,13.048936850319661],[80.162141171957956,13.048544573336876],[80.162055626880843,13.048510935740802],[80.162275990973058,13.047696262311959],[80.162046203415201,13.04623974644783],[80.161186999303311,13.046195979963516],[80.161054925548868,13.045493231302792],[80.160940359574568,13.044883637404224],[80.160827370268294,13.044139450390567],[80.160958536967513,13.044036715686698],[80.16096266726845,13.043764368969862],[80.160962027959854,13.043764429286602],[80.16097936170398,13.042621594327757],[80.160762990998236,13.041317420302468],[80.160715198886166,13.041029357875571],[80.160442136078132,13.040973314087863],[80.160252213452466,13.040978464252971],[80.15994756759649,13.04098828115297],[80.159720465990475,13.041000721889747],[80.159281127764828,13.041049702230499],[80.159291513728419,13.041221480570472],[80.158727102432849,13.041161648024314],[80.158550461249931,13.04110712708307],[80.158246710541846,13.041013373703391],[80.157880148768854,13.041088888095917],[80.157075124569957,13.041093437317645],[80.157042679288452,13.041088467215271],[80.156723969287043,13.041171322128427],[80.156137245290623,13.041133725579659],[80.155977684422993,13.041123501011619],[80.15587370225569,13.041151824593559],[80.1550763154479,13.041135618043171],[80.154862043714218,13.041058937891517],[80.154003797628391,13.041056263923112],[80.151901928436942,13.040986570992544],[80.151872401746587,13.040951397561701],[80.150536892443554,13.040957165101208],[80.150072745053663,13.040922086282622],[80.150025548865386,13.040510160180228],[80.150047406681523,13.040116496362355],[80.150002037787345,13.039791192060397],[80.149966395348372,13.039535632773923],[80.149365934561871,13.03958191370393],[80.149329543139885,13.039707691128303],[80.149218252803507,13.039731862258073],[80.149201448986773,13.040821268287953],[80.149133088453539,13.040931983700684],[80.148397275147289,13.040941856426587],[80.14832335117184,13.041225423191397],[80.147443532191389,13.041019799569849],[80.146852765774156,13.040992875145418],[80.146783802078573,13.040674671074216],[80.146640512729547,13.040404610987631],[80.146260302091463,13.040362166211199],[80.145643968085523,13.040293361923636],[80.145631583574541,13.040813074202978],[80.145622525453732,13.041193314428378],[80.14554548644584,13.04201830157464],[80.145446683560223,13.043076332801988],[80.145742671248286,13.043081196571132],[80.146154978540878,13.04316955654801],[80.146118534180189,13.043625417782506],[80.146432661564702,13.043766963715331],[80.146545035237324,13.044481123846101],[80.14677116439303,13.044510072297367],[80.146996366261035,13.044538900859921],[80.147026872348903,13.04571692641556],[80.147206730128346,13.0457365709028],[80.148820929847389,13.045913697173548],[80.149263448784581,13.045962779406628],[80.149260203820717,13.046113184236772],[80.149240232684889,13.047038917627841],[80.149293297547061,13.047079340621798],[80.14927308582898,13.047651662438501],[80.149256672650552,13.048116375993574],[80.14933073061907,13.048229936441375],[80.149692136648397,13.048275852783535],[80.149941054804088,13.048307477578794],[80.150032913810179,13.04831914839041],[80.150127988607494,13.048242023136584],[80.150489191613872,13.048274000701538],[80.150918745615797,13.048312027623437],[80.151164012251016,13.048149755351774],[80.15138821943728,13.048175310246554],[80.152061115144775,13.04825200542121],[80.152673424185409,13.048335288204584],[80.153129167576751,13.048428933700734],[80.153130572448887,13.049527143225866],[80.152873563150166,13.049566018163759],[80.152134636624737,13.049561665301873],[80.151513721594043,13.0495712771143],[80.150918643967245,13.049551276268646],[80.149713797571977,13.049463861366622],[80.149312630240175,13.0494620620329],[80.149324087606146,13.050699280246009],[80.14959443621099,13.050769339325887],[80.149699770777886,13.050877159680793],[80.149913012563104,13.050816681759253],[80.150172532731659,13.050839402596607],[80.150458596715737,13.050864447254424],[80.150444165371141,13.0513893332237],[80.150566069942698,13.051553830012354],[80.150468979969332,13.051969747920801],[80.150784909725758,13.052003205166542],[80.151414939545631,13.052069924445526],[80.152243152964871,13.052084464953436],[80.152493465999314,13.052028441018239],[80.152777667249254,13.052078840217671],[80.153195633703376,13.052079221919122],[80.153617655870434,13.052046665220974],[80.154054195368289,13.052012987993706],[80.154709020821926,13.052098905559786],[80.154642547563839,13.052325614743546],[80.154674011757052,13.052589521722616],[80.154638240588952,13.053037032246975],[80.154580535756637,13.053103431968845],[80.154588709916453,13.05325721612332],[80.154486147262617,13.053449953029615],[80.154512358638343,13.054163727912364],[80.154520375177029,13.054382030130579],[80.154521175428556,13.054403811702834],[80.154528032907322,13.054590581412295],[80.154540732629584,13.054936400807946],[80.154504371638708,13.05505263623188],[80.154483403623914,13.055118873850232],[80.154560163052864,13.055347872917558],[80.154549872342059,13.055763409819155],[80.154425258934637,13.055912440676247],[80.154490585400453,13.056590181568257],[80.154521764103492,13.056913656672394],[80.154573802758819,13.057116228975287],[80.154629271007707,13.057507701740397],[80.154595934389974,13.057636770082031],[80.154548292957415,13.05782122233221],[80.154582421826916,13.058065879856315],[80.154695693573203,13.05829428574109],[80.154709627544406,13.058662304867454],[80.154731634400562,13.059261641971723],[80.154564316858284,13.059436576241477],[80.154617715453398,13.059926032553104],[80.154683164846446,13.06052829828762],[80.154655470540874,13.060684149616897],[80.154610694293552,13.061354670383233],[80.154093216940581,13.061516862230301],[80.153390684019385,13.061737054205608],[80.152798295626184,13.062076402333609],[80.152187418106777,13.062766682079861],[80.149837248608506,13.063519529412694],[80.149840221442489,13.062744680933314],[80.149658046811979,13.062143766905407],[80.149597169768342,13.061987443302687],[80.149538221437282,13.061367786677447],[80.149548065137907,13.060393943134775],[80.14956470596529,13.059713865626485],[80.149495682047529,13.059040266014181],[80.14942888697567,13.058196208202276],[80.149171697561286,13.056595028590602],[80.148933032995785,13.053528922037618],[80.148768014006023,13.053539499656628],[80.14802365213886,13.053572169684772],[80.147136615742099,13.053568629683019],[80.145262815101987,13.053381648799622],[80.143913770243103,13.053140713902994],[80.143772222110769,13.053069858985248],[80.143382226271342,13.052999832601049],[80.143085042387526,13.053099480678503],[80.142743305656609,13.05305520135774],[80.142669457121258,13.053124869405595],[80.142263436866429,13.053289220389795],[80.142042056202044,13.053226453569387],[80.141999625353279,13.053019931908532],[80.141960585090203,13.052654271982041],[80.142017985589177,13.052346290081749],[80.141885357227181,13.052024828784985],[80.141960422921045,13.051060137918656],[80.141857413851483,13.050872717718821],[80.141879217041861,13.050661195548409],[80.141843646595902,13.0500113689254],[80.141985071040494,13.048913915219931],[80.141934436290825,13.048879638195125],[80.14190421645678,13.048816189583688],[80.141459311754716,13.048674603859148],[80.141151442580295,13.048576625786293],[80.141032949792447,13.048560387777796],[80.141020302383438,13.048479386750561],[80.140878349836029,13.048483655295717],[80.140780038584225,13.048415071770672],[80.140328950605493,13.048340262388036],[80.1403339756028,13.048173539022182],[80.140295224084255,13.048105971418142],[80.140118882426364,13.048086989270892],[80.139943872899948,13.048060960665246],[80.139824223184732,13.048077227932838],[80.138820158080193,13.048213629572189],[80.137908237935392,13.048383555405142],[80.137348181047599,13.048490645252091],[80.136473550561249,13.048625623553107],[80.135665237425471,13.048806096893856],[80.135451320432551,13.048818822984334],[80.135209960355866,13.04842957574937],[80.134802161991786,13.047806042750349],[80.134675996079366,13.047568431443949],[80.134570901179288,13.047186462121648],[80.134137922751023,13.045089366793322],[80.134094790882273,13.044880292964436],[80.134347649796879,13.04490903237931],[80.134908403737043,13.045035205565449],[80.135655797129203,13.04520337313115],[80.137199582175285,13.045567522197999],[80.13763004269407,13.045568383252185],[80.138039851081373,13.045669803286351],[80.138230556449344,13.045716998738106],[80.138263231358877,13.045671661811841],[80.138588723017634,13.045649813377658],[80.139121002692193,13.045786674247234],[80.139161875304822,13.04574983207007],[80.139477627541908,13.04575086557649],[80.13953178961134,13.045657441662813],[80.140044881834456,13.045656641127827],[80.140670862790387,13.0453177331208],[80.140625559356224,13.045085327805726],[80.140176794684592,13.044080911586747],[80.139563271892996,13.042472263874711],[80.139810711384712,13.042133518856881],[80.139836210750403,13.041893870174111],[80.139830667025805,13.041766384554149],[80.139818574143192,13.041488259432409],[80.139830930427749,13.041197237870815],[80.140054740259018,13.041131552231763],[80.140527826186968,13.041103927842579],[80.140674878965399,13.041061459320735],[80.140726747918791,13.040958906091612],[80.140744819300295,13.040761297614321],[80.140770293229835,13.040482737415175],[80.14073946045589,13.040436636018205],[80.140782695939251,13.040288259364761],[80.14089405146045,13.040277513743963],[80.141093037243294,13.040293024875259],[80.141120231141642,13.040236179037432],[80.141487540858677,13.040204131358509],[80.1415380367105,13.040170135320215],[80.141514071913619,13.039366012748751],[80.141510763433942,13.039204626050116],[80.141564443102197,13.038538168590222],[80.142333545432706,13.038454980594283],[80.142385968673153,13.037826737303771],[80.142842442331741,13.037805764095593],[80.142862504707836,13.037753841180304],[80.143647860024856,13.037739046067596],[80.143730648570241,13.037458402583004],[80.145874974687132,13.037207450547877],[80.146624689563964,13.036273852746804],[80.146640289772904,13.036166660433603],[80.146634227448772,13.035956689316857],[80.146265256579753,13.034245328549874],[80.146304411097489,13.033958217224797],[80.146719266456572,13.033894502848279],[80.147413708432964,13.033884678372809],[80.147538223311798,13.033894430956991],[80.147499934438841,13.033541062204353],[80.146968787064097,13.031693373402202],[80.144997353623296,13.031469939423314],[80.145024168436962,13.029738149918739],[80.144817730555545,13.025889381226389],[80.144889240248105,13.024646022193684],[80.144903553134228,13.024614002696088],[80.145141866747466,13.02408079134003],[80.145122635646104,13.023678148568839],[80.1450543571125,13.023230366589528],[80.144606577454468,13.023112948708148],[80.144556071781338,13.022378368168306],[80.144425725397085,13.021655811981978],[80.144424315035621,13.021387483169965],[80.144500216882179,13.021406767450033],[80.144661158575047,13.021273987083203],[80.144946249805372,13.021295065121056],[80.145018980805929,13.021243515347328],[80.145356589550204,13.021347028298898],[80.145402796329364,13.021284071578675],[80.146287682348387,13.021207840625488],[80.14647564471575,13.021030571065177],[80.146841672360608,13.020933087913548],[80.14706600856799,13.020942462564189],[80.14710660134547,13.019804259212824],[80.146984640407837,13.019404463868044],[80.147093991904455,13.01867088543108],[80.147170958176119,13.018578292808066],[80.147153324713145,13.018420949138969],[80.147200040198982,13.017628079162693],[80.147208887550576,13.016986117029537],[80.148594887060625,13.016970228053195],[80.148707421122765,13.017465865700293],[80.149023058434324,13.017455160587792],[80.14926933496254,13.017333624668975],[80.149372770096946,13.017407200673356],[80.149673832686815,13.017259491667939],[80.149776975826171,13.017321371889977],[80.150036230862256,13.017174671911327],[80.150100575953957,13.017249130422863],[80.150579481923387,13.017044462698401],[80.150633078905571,13.017119437441254],[80.150769314898213,13.017069413927652],[80.150804959135726,13.016980503180136],[80.15145764563799,13.016795044988051],[80.151641023093134,13.016720397020149],[80.151975150038155,13.016506832432725],[80.152225106587366,13.016352409676049],[80.152127151744381,13.016021228017022],[80.15228213603497,13.016005781132922],[80.152415431556662,13.016078636144119],[80.153125710324161,13.016049974918442],[80.153115843568145,13.015652099353082],[80.153176984359547,13.015469220311861],[80.153079078868004,13.015377956361331],[80.153052693190418,13.015279115549104],[80.153232395571195,13.015058260899838],[80.15341371432369,13.014901736648081],[80.153399674674986,13.014776042177823],[80.153592275365952,13.014659978735544],[80.153576732963643,13.014449922856443],[80.154119121091256,13.01415593757171],[80.154117063905005,13.014074063554462],[80.154837324286248,13.013460264214894],[80.15484381220341,13.013271387311246],[80.15513112525133,13.01320323987102],[80.155265618932305,13.013197954282601],[80.155482460158481,13.013046969142085],[80.155842683077665,13.012987940856444],[80.156107809580419,13.013075161671946],[80.156395729217436,13.013101818263404],[80.15652408457774,13.013182375004227],[80.1567700113537,13.013122245094685],[80.156825083638424,13.013173580877744],[80.156843640775719,13.013436459813878],[80.157012654865696,13.01350433799387],[80.15770983520602,13.013663040113777],[80.157770467238294,13.014332472908359],[80.157867924384362,13.014484313931133],[80.158087856091996,13.014500051585072],[80.158127519144898,13.014737529965418],[80.158386690696489,13.01504473041067],[80.15867144691812,13.015011637734023],[80.158821781985495,13.015048967019194],[80.159284876249714,13.015166509055261],[80.159583167984621,13.014433682443807],[80.159708436676297,13.014424802223775],[80.159973419984496,13.014506172335754],[80.160152143571949,13.014484296448906],[80.160266792037518,13.014528337761165],[80.160546218693455,13.014573313672647],[80.160697731673949,13.014657426298678],[80.160805965564137,13.014684068235651],[80.160899608691921,13.014605730701597],[80.161132740577116,13.014623796064519],[80.161209291819972,13.014594892701618],[80.161258910838797,13.014398084073095],[80.161376736772326,13.014330864600142],[80.161383062323821,13.014329003440757],[80.161375932054767,13.014256442307712],[80.16125531134972,13.014212544927444],[80.161278347955658,13.013702887999989],[80.161474400142509,13.013657184081191],[80.161548154368816,13.013263334192727],[80.161596125737148,13.013206513000259],[80.161729305949478,13.012598133208021],[80.161318200442736,13.012610505000213],[80.161185636324987,13.01256689814927],[80.16119899274905,13.012385171576913],[80.161803077423357,13.011486332739022],[80.161302913667669,13.01143091062527],[80.16061283291323,13.011442779303193],[80.160557730606584,13.010522560384912],[80.160360736705258,13.010475044853878],[80.160328123029714,13.010280661129414],[80.159695440954366,13.010243834923084],[80.159681132125741,13.010104061579627],[80.159572861962431,13.009825967688883],[80.159540882455886,13.008935299921191],[80.15948496970168,13.008811075803514],[80.159449591607256,13.008356826258797],[80.159379962920042,13.008255290677726],[80.159290292777342,13.007831470070403],[80.159247994928279,13.007770533996428],[80.159051507401159,13.007396656182596],[80.158841985299688,13.006876242080809],[80.159173858729687,13.006736846958702],[80.159593926727624,13.006675080750032],[80.159788592359718,13.006604689088375],[80.159861522598817,13.006837515416263],[80.160524735579131,13.006666594823985],[80.162081498270865,13.006398155766794],[80.163316356634539,13.006311143294548],[80.163265346088679,13.005921197816264],[80.163361475401032,13.003865996931419],[80.163926697372446,13.002765366382924],[80.163633575396375,13.002485013207128],[80.16248544544618,13.001562547760408],[80.162370022401461,13.001469811275198],[80.161080981000694,12.998661764101568],[80.160210174630677,12.997013208793017],[80.161171370779314,12.995662742346713],[80.161439214911255,12.99520204439249],[80.16208871163181,12.993612633085021],[80.162144759107065,12.993439372214125],[80.163293759040158,12.991343622203903],[80.164200913187855,12.989638770351913],[80.165108375838571,12.987900620564607],[80.165595624622824,12.986862053124549],[80.166480235613534,12.984830726351479],[80.166976357546474,12.983874338222462],[80.165891164697541,12.980059360976453],[80.166896884426691,12.980582100073246],[80.168697768068569,12.980326048806088],[80.170506475788471,12.980013491766575],[80.171347819175267,12.979902815635461],[80.172941230669906,12.979749623659666],[80.173553106222641,12.980057022239729],[80.173553047291222,12.980056720053717],[80.17483497239526,12.979805539687657],[80.176549466770382,12.978986698699735],[80.176443410974457,12.977896853616658],[80.177027657557062,12.977617631919207],[80.177225759249382,12.975907466246339],[80.17690605800378,12.974108779089933],[80.176660485972405,12.972727140985207],[80.176555878369967,12.972138598849076],[80.176414967895113,12.970976427300844],[80.179753877156855,12.969091046410215],[80.181703334541865,12.968050376582456],[80.181785980576663,12.9680458025609],[80.182586046050133,12.968001523274269],[80.183124460440609,12.968047761031061],[80.183658573981688,12.968262308356616],[80.184095164648085,12.968408735570058],[80.184101440582495,12.968565135955485],[80.184104032811746,12.968629737667065],[80.184109201027027,12.968758550428083],[80.184110644573181,12.968794554407134],[80.18411152205563,12.96881640692931],[80.184111865709156,12.968824967076992],[80.184112800259584,12.968848262866592],[80.184114154444259,12.968881982579271],[80.184115012174658,12.968903389273329],[80.184116374771634,12.968937356760566],[80.184116545016252,12.968938020066066],[80.18444377045688,12.968915839448609],[80.18448360519325,12.969171804165198],[80.184511728113549,12.969291976058313],[80.184568045163488,12.969287991403485],[80.184645652713471,12.969325716845166],[80.184711244437551,12.969381828423769],[80.184780406542956,12.969385682603711],[80.184781986455377,12.969386632431409],[80.184805040013316,12.969408450424597],[80.18502660966837,12.969618157038488],[80.185101569680199,12.969618445981423],[80.185233316916495,12.969807982624214],[80.186273336395004,12.969713644028847],[80.186339122990873,12.969707676773201],[80.186381278125381,12.96971411256852],[80.186423373829641,12.969717842831136],[80.186743007422848,12.969713123603944],[80.186952254430977,12.969683178563615],[80.186958570167363,12.969683370088033],[80.187017064735741,12.96968513603561],[80.187144426009709,12.969673882394193],[80.187511891604132,12.969663564548028],[80.187535262692379,12.969662908721354],[80.187716627814211,12.969640582450973],[80.187794669839832,12.96963097391415],[80.188018765690202,12.969591686117639],[80.188132653860379,12.969560944412382],[80.188236795621364,12.969533432774957],[80.188366814674367,12.96950885541456],[80.188498295814085,12.969470093969992],[80.188546669583545,12.969453498243949],[80.188623008016251,12.969427307595801],[80.188718369188734,12.969394592794991],[80.188738951842254,12.969375567649996],[80.188876409422789,12.969355745750709],[80.189113190796377,12.96927128783026],[80.189331903782531,12.969193274553062],[80.189572113058105,12.969106147751857],[80.189623123220557,12.969087644947031],[80.189695413217052,12.969061424187549],[80.18997739363256,12.968959146180078],[80.189977543248844,12.968959066172575],[80.189977459061296,12.96895887060511],[80.189977429781209,12.968958801795416],[80.18997737487669,12.968958674133484],[80.190243323417192,12.968865143724001],[80.19034235501212,12.968831989433147],[80.190420842461762,12.968805711787798],[80.190692261409438,12.968709102863722],[80.190844684068523,12.9686563785611],[80.190843782095186,12.968652476880493],[80.190906427900472,12.968619492271202],[80.190733149454758,12.967663074147483],[80.19061577566579,12.967227739421348],[80.190218384698142,12.967229338262547],[80.18980604644625,12.965827434560728],[80.189926144615356,12.965688154862589],[80.190378856804216,12.965620845292916],[80.190047460914684,12.964111969908803],[80.190006769097934,12.963926691862167],[80.190106494307599,12.963718337953852],[80.189192247574951,12.95932120292423],[80.188908130443224,12.959285757441773],[80.188506360735516,12.958283166340333],[80.188505694785206,12.958283266439572],[80.188505511878887,12.958282810156797],[80.188411200985627,12.958296861361905],[80.188394107715879,12.958299408564748],[80.188362418419516,12.958372317041484],[80.188288347998466,12.958382460049148],[80.188272350916563,12.958317548864219],[80.188079804409838,12.958346237410664],[80.187639916321615,12.958411775328976],[80.187598050415843,12.958269493988821],[80.187597603774719,12.958253418769923],[80.187650520122702,12.958234078554067],[80.187760687258518,12.958193815703947],[80.18831285804562,12.957992011193433],[80.188490490452025,12.957904657200315],[80.188548790459137,12.957875986926258],[80.188851606419405,12.957727070917915],[80.188920804168674,12.957693040978603],[80.189132896967507,12.957588739830632],[80.189350675219956,12.957555921771506],[80.189389909022708,12.957550009271346],[80.189783894311176,12.957490636792148],[80.189782219273681,12.957474357017112],[80.189843393791051,12.957469861738678],[80.189844896868109,12.957481444601502],[80.191086056549864,12.957294401852588],[80.191181554575749,12.957280009740485],[80.191724607430046,12.957410467632846],[80.191762577598297,12.957419589391064],[80.191878565438444,12.957447452958379],[80.191983217892201,12.957472593151429],[80.191930133308347,12.957016177123315],[80.191863908961579,12.956446788393386],[80.190660413438067,12.956234079103147],[80.190577882127258,12.955407623558456],[80.190300887242913,12.954397864316794],[80.190446478018728,12.954105088660452],[80.192036405963378,12.95400859631776],[80.192287295872546,12.9527888990853],[80.192268063866024,12.95196119489424],[80.192688737189272,12.951679910669979],[80.19292798605359,12.951693040921169],[80.193099094996327,12.951576927923021],[80.193562903079837,12.951578564192994],[80.193516858720145,12.952960231590311],[80.195191055709714,12.953391560394872],[80.198055577548331,12.953552145993042],[80.199242957569112,12.953554115552752],[80.199318727964297,12.953349486731135],[80.201037053880185,12.952963645559919],[80.201561888405223,12.952402450292004],[80.201600560293571,12.951774274056053],[80.201929332680379,12.951216093902181],[80.201602163928385,12.94976635713269],[80.201375644013766,12.948693079200385],[80.201323182999857,12.948698899729502],[80.201172174411496,12.947983405415675],[80.200892724250693,12.946615800219803],[80.200432196449725,12.944401117909656],[80.200142947682011,12.943805409270377],[80.200208556307729,12.943756500010752],[80.200161492852345,12.943546643725222],[80.19988253477311,12.943012724790382],[80.19978202709656,12.942036460020534],[80.199693976567914,12.941758350362667],[80.199402082124877,12.941377827914511],[80.199360634774692,12.941029853850816],[80.199353472571971,12.940997873064495],[80.199328427382369,12.940859818615223],[80.199310101803633,12.940773425222856],[80.199305591698874,12.940752164584524],[80.198824970551598,12.940612307905745],[80.198733127681635,12.940381955896276],[80.198593559301301,12.940031903570613],[80.19824375406813,12.939949401265602],[80.198237174790123,12.93992689640945],[80.198207650576421,12.93982590736991],[80.198165700112085,12.939682408251866],[80.198097581300104,12.93944939830793],[80.198087356237295,12.939429164430789],[80.197824495625298,12.939459994926846],[80.197700098228125,12.93936104237388],[80.197696100939467,12.939337152082516],[80.197678655450119,12.939232882650384],[80.197674691625494,12.939209195001419],[80.197668990144706,12.939175116417257],[80.197652217651907,12.939074875436273],[80.197124986260192,12.939056108811922],[80.197033051423574,12.938975010656712],[80.196873136038576,12.938514709658056],[80.196873953836189,12.938447262809545],[80.196874228273714,12.938424590048436],[80.19687532909137,12.938333804072505],[80.19687789813338,12.938121820633826],[80.196871115815796,12.938118164888282],[80.196715648967839,12.938034362807832],[80.19643384225941,12.93804181895999],[80.196329179623774,12.937837354550089],[80.196182837326859,12.937801412214657],[80.196149880687813,12.937627184337984],[80.195940860433964,12.93761109837156],[80.195926260119123,12.937578621694009],[80.195898766569599,12.937517467602058],[80.195804266056911,12.937307251096922],[80.195812454207456,12.937228599586282],[80.195875309435735,12.936624824260685],[80.195859807210908,12.936611754259582],[80.195780137445581,12.936544588292627],[80.195757820681834,12.93652614444413],[80.194756235834319,12.936699333448004],[80.194681024289238,12.936561512642443],[80.194225863540908,12.93663152067343],[80.194088040825534,12.936163519447403],[80.194063452409893,12.936080024268385],[80.194055458718509,12.93605287914961],[80.19350378031848,12.936046577567867],[80.193270991910836,12.93564673180286],[80.193237269238381,12.935570148015664],[80.193205084964021,12.93549705826989],[80.19312710443964,12.935319962940229],[80.192770698088438,12.93531580260125],[80.192447371732854,12.934686381312371],[80.192495206989207,12.934681106889338],[80.192592045868096,12.934670431427698],[80.19275813790469,12.934606595550886],[80.193103739912544,12.934473771259931],[80.193551031903823,12.934301862282812],[80.194644734112444,12.934100389124545],[80.195855911343898,12.933782597715508],[80.19584561884993,12.933674745195045],[80.195801139172318,12.933208633632782],[80.195746786385797,12.932639054360711],[80.195642453285501,12.931545728439231],[80.194393381560204,12.931511482431796],[80.194331338252681,12.93076099133002],[80.194334839913623,12.930760807736368],[80.194614789315693,12.93074612766325],[80.19549141869922,12.930700156421935],[80.195664033434326,12.930697770557218],[80.195644711567056,12.930588853982922],[80.195658529330785,12.930588663280609],[80.195608198730099,12.930304947865078],[80.195593071669407,12.930297759005722],[80.195581764171436,12.930234016332715],[80.195419844442782,12.929908743732868],[80.195227122720652,12.929521594200848],[80.195205466371746,12.929372619955831],[80.195154203186178,12.929019984696007],[80.195079488134098,12.928506024646873],[80.195063395916094,12.928395326781141],[80.195010895618111,12.928034174671652],[80.194996327012589,12.927831778862833],[80.19498727767639,12.927706061409712],[80.194889989566377,12.927627673248292],[80.194892252248891,12.927524821621615],[80.194896559815675,12.927328971620186],[80.194898147099153,12.927256801794227],[80.194901066016754,12.927124061281265],[80.194972824597116,12.927033859346457],[80.194969527057651,12.926785117549748],[80.194965435203343,12.926782516220362],[80.194878193552015,12.926727050572826],[80.194875150341531,12.926681997766636],[80.194847061654187,12.926266221555919],[80.194848786668629,12.926264108344295],[80.194931139413967,12.926163223445029],[80.194914675676245,12.926067541303222],[80.194911606086791,12.926049702903148],[80.194894744172899,12.925951710215962],[80.194873657073458,12.925829161004907],[80.194877842550454,12.925776367963541],[80.194894674556693,12.925564111941164],[80.194939029928349,12.925487256413053],[80.194977483413084,12.925420623603831],[80.195557162148589,12.924416164582855],[80.195623970123776,12.924402973808808],[80.195945146602654,12.92428707205289],[80.196082247989764,12.924368081554624],[80.19623527370689,12.924238963187605],[80.196811738898148,12.924019948364682],[80.197595606163816,12.923869324625816],[80.197577950009943,12.923762550760378],[80.197590101190102,12.923760216388853],[80.197574538882662,12.923741920075161],[80.197553112577225,12.923612351581262],[80.197492062294657,12.923243145968641],[80.19747846212411,12.923160898234956],[80.197374608552465,12.922532843274931],[80.197368206551246,12.9223946533077],[80.19734362767602,12.921863994252707],[80.19734130199916,12.921813777966767],[80.197346538407245,12.921824540436784],[80.197305488225695,12.920938292446005],[80.197362263942182,12.920826511984449],[80.197365230180907,12.920164949235023],[80.197120610297446,12.918243313579925],[80.197204563651411,12.917371022419008],[80.196676800716929,12.91569231566541],[80.195754933705686,12.914636595143346],[80.194857017434103,12.912059093652717],[80.194697291886584,12.911040790556118],[80.194607242288356,12.909999367425922],[80.195996235338129,12.910348143248747],[80.200226197739326,12.910002264809879],[80.201412394877735,12.909704453251733],[80.201953845559046,12.909691752609445],[80.202020146893474,12.909548412595651],[80.203125406183432,12.909393889296647],[80.203798731786918,12.909324169215154],[80.204281743423408,12.909282577388714],[80.205934745903846,12.909438322760185],[80.206008044550188,12.909395482905918],[80.207843936193314,12.909558948352062],[80.208780805737106,12.909439775607661],[80.213953891052412,12.909283133016572],[80.213952588969448,12.90928184332784],[80.213735397883639,12.90520208383767],[80.213712282621003,12.904767881168421],[80.213632614001497,12.903271369562665],[80.213613836286711,12.902918662879449],[80.213608372276013,12.902816014187456],[80.213606625776222,12.902783216270567],[80.21360637245995,12.902778445847476],[80.21354685400479,12.901660445380745],[80.213502596896944,12.900829101750404],[80.213475002610181,12.900310773067933],[80.21343267673457,12.899515702692478],[80.213315668121652,12.897317794099669],[80.213257924164481,12.896233124744461],[80.213268799656433,12.893615819978621],[80.213272451636826,12.892736633948243],[80.213274029944245,12.892356697596849],[80.213274422616379,12.892262247658794],[80.213275033855766,12.892115223558957],[80.21327631268619,12.891807257143851],[80.21327691693061,12.891661876856935],[80.213277050978945,12.891629577359211],[80.213277139684564,12.891608255640545],[80.213276291577188,12.891597387297123],[80.213129230727063,12.891619919216344],[80.21311767880232,12.8915536887739],[80.21186854729001,12.884392387062496],[80.211310146409943,12.88224501368231],[80.211125633873834,12.8815354469178],[80.210943459977258,12.880834871239895],[80.210658766858487,12.879740037438932],[80.210608014337055,12.879564229678049],[80.210537592969246,12.879471240005053],[80.210442550594365,12.879345737862126],[80.209444783346541,12.877534688361816],[80.208855438101295,12.876464952930938],[80.20830895354807,12.875451418130419],[80.208029585047413,12.875015092244613],[80.208086987326055,12.874771948560859],[80.208251851786329,12.874284210112735],[80.208717300290118,12.87290720291057],[80.209927954336663,12.869731253561525],[80.210257523573389,12.868866667643864],[80.210328062276005,12.868666761926868],[80.212755138568454,12.861788194032357],[80.213222646132294,12.860527459026434],[80.217253364374557,12.855872677643983],[80.217397147864546,12.85493745303941],[80.219973309886669,12.854153972992478],[80.219890130868365,12.852477652847092],[80.226405103703001,12.852342078256324],[80.229612936282976,12.852375331752601],[80.230210303552312,12.852265189412044],[80.230951841969784,12.852258478183685],[80.23215351156928,12.852092938839165],[80.233272290570369,12.854234109329255],[80.235512957753684,12.857434944995445],[80.236837041564698,12.858919987175868],[80.236983226327638,12.859083939385604],[80.236991203101653,12.859092886218711],[80.239692063028542,12.858661599313711],[80.239861075657075,12.858804486599867],[80.240817418543287,12.858659725578111],[80.248585606657926,12.857100807702782],[80.249088755113888,12.857140157038049],[80.24966179101358,12.861451931721204],[80.250108471327678,12.865047121784334],[80.250266050171632,12.866479603436959],[80.250733651000147,12.870665050837223],[80.251278216732601,12.874379336569335],[80.251803737180822,12.878896862395028],[80.252768383825384,12.885946082189143],[80.252949944629222,12.887253340775056],[80.253092385276773,12.888278933868765],[80.253556267149477,12.892456159441682],[80.253775470259598,12.894020144714151],[80.254068625642873,12.896316008755322],[80.254225034986746,12.898170034951406],[80.254551089629729,12.901014686020046],[80.254892421098887,12.903883003347616],[80.255112172634426,12.905739846579774],[80.255480843442257,12.908945289036236],[80.255603295164221,12.910148379189534],[80.256015791431423,12.914085513348601],[80.256264230043456,12.91570384507342],[80.25628325228567,12.915702756295447],[80.25641110307231,12.916636743444665],[80.256829092792401,12.919339475102912],[80.256858859282531,12.919671827413751],[80.257216742085276,12.92284256099911],[80.257212473908879,12.922963637706646],[80.257712058334064,12.925171300775729],[80.258424614012299,12.931765451243885],[80.258391427824364,12.93215814661902],[80.258306701556847,12.932190662591116],[80.258932616439935,12.936066480632382],[80.259281874883243,12.938229134331142],[80.259331521559062,12.938536549416993],[80.259400826133614,12.938769612162108],[80.259517036282887,12.939160407791436],[80.259513574811876,12.939161302173174],[80.259677626441558,12.939913011424947],[80.259686038149766,12.939946869838032],[80.260289915756161,12.942377412769607],[80.260477604064917,12.94336166575359],[80.260581240853512,12.943818312191187],[80.260633568303987,12.944134043400954],[80.261485622930053,12.949097690813586],[80.261753500609544,12.950543689149775],[80.261887319798674,12.951086422432098],[80.262007374365794,12.951564672028418],[80.262099672443213,12.952101491670287],[80.262164197366005,12.95238330412133],[80.262452569995276,12.953746635695179],[80.262459474895238,12.953778685868564],[80.26263055402417,12.954688882779894],[80.26277328494325,12.955616349294884],[80.262783112805977,12.955669269593679],[80.262910165775935,12.956344900767798],[80.262756941730345,12.956355773442723],[80.262508027447964,12.956373435228034],[80.262399920992962,12.956372292804714],[80.262941928388926,12.959034486141103],[80.263329803916818,12.960268096796215],[80.263453868252469,12.960486523340787],[80.263886446422163,12.961248107324613],[80.264570705386106,12.965414037385555],[80.265638533438874,12.971214160609755],[80.265733822880094,12.971223354884636],[80.265643179930407,12.971239405601095],[80.266652941037094,12.974336134645156],[80.268432492079796,12.982563957707255],[80.268453612191848,12.982661603572643],[80.268542989814449,12.983074834881862],[80.268572685079079,12.983212126268519],[80.268762657371042,12.984090438571695],[80.268998758107202,12.984977664800537],[80.269000399734978,12.98498383338903],[80.270037855023432,12.988882335025],[80.270990355911948,12.992918582839293],[80.271561352418274,12.994912388558031],[80.271917722206453,12.996245599233111],[80.271993166362421,12.996630084590066],[80.272004171107753,12.996711489435114],[80.272017737208287,12.99679169162963],[80.272017741742218,12.99679171786431],[80.272033863006143,12.996871893762517],[80.272062520135009,12.997005163586206],[80.272074314988487,12.99707111324291],[80.272075275883026,12.99708437340156],[80.272074185175839,12.997097625098849],[80.272071067725776,12.997110564591216],[80.27201248170465,12.997127288273607],[80.271904144987104,12.997158211404587],[80.271644947582942,12.997232193908365],[80.270753395551836,12.997486667008252],[80.270768111445932,12.997598971771062],[80.27120279562449,13.00091624521999],[80.271509418103918,13.001390479649858],[80.271586235432849,13.001509534843523],[80.271912398741321,13.002014387613034],[80.27266195012065,13.001924324167149],[80.273037292687405,13.001951210113189],[80.273611258154304,13.002243342947533],[80.274629827618398,13.00546741708594],[80.276577671748896,13.011330570699231],[80.277037383056481,13.013830792366472],[80.27773492897974,13.017624441597889],[80.278225904968096,13.021827993426577],[80.278220446262324,13.021826528792207],[80.277913635887728,13.021944698804669],[80.277796474906111,13.022091748036761],[80.277641931234911,13.022195336439097],[80.277460475971935,13.022190947346845],[80.277306623455559,13.022219556258754],[80.277196616008624,13.022260122433224],[80.277060763634594,13.02232169895178],[80.27686234719819,13.022416992343214],[80.276668167679986,13.02252034391304],[80.276478568646795,13.022631570170731],[80.276322540655613,13.022712177751329],[80.276165290953045,13.022790469770428],[80.275940624429609,13.022908512172814],[80.275689171000977,13.0230355306349],[80.275412723563704,13.023169218033843],[80.275241438972813,13.023260422068365],[80.275054139835632,13.023360153972877],[80.274878683552473,13.023453091204594],[80.274683910950003,13.023555626660496],[80.274505556447195,13.023643655633229],[80.274358375661507,13.023716297166388],[80.274124407738938,13.023817099436231],[80.273920179404584,13.023898443102743],[80.273683909797796,13.024034869585263],[80.273573237434462,13.02406043244002],[80.273478049001739,13.024071248564868],[80.273421184834959,13.024091437433748],[80.273273429350681,13.024121564643634],[80.273145368540582,13.024147677156533],[80.272993780971618,13.024174136859154],[80.272841262323581,13.024203953882751],[80.272641518747321,13.024247069385291],[80.272542969456552,13.024276329633619],[80.272446637428473,13.024317155409729],[80.272406846310929,13.024337997773539],[80.272368096571284,13.024360652365692],[80.272330476888001,13.024385067895855],[80.272294068564833,13.024411192148868],[80.272258953851619,13.024438964774378],[80.272225208540476,13.02446832630819],[80.272192909364236,13.024499210959313],[80.272145856564379,13.024547659944297],[80.272129121135308,13.024562713168809],[80.272105639052498,13.024582810993481],[80.272086775754516,13.024600209171364],[80.272055250686819,13.024627156360008],[80.272029082141358,13.024651405972511],[80.271988103078385,13.024674489165813],[80.271927143834191,13.024696691611153],[80.271865404365528,13.024716700964271],[80.271800864342126,13.024735091144997],[80.271700454215349,13.024763897345712],[80.271600718958624,13.024790228787962],[80.271500441194206,13.024814435595705],[80.271440951228982,13.024828326992559],[80.271238736131437,13.024876592912403],[80.271217956747577,13.024881591715296],[80.271049405316646,13.024924040423681],[80.27088133092856,13.024968268929756],[80.270440857614247,13.025076167207889],[80.270373703698482,13.025091176083629],[80.270306129398108,13.025104247858428],[80.270238192848794,13.025115370036852],[80.270169953097749,13.025124533742879],[80.270101468264798,13.025131731906344],[80.270032798316748,13.025136956558127],[80.269914669884884,13.025139028209466],[80.269796596325676,13.025143145269746],[80.269678616372858,13.025149306039635],[80.269560765071475,13.025157508809427],[80.269510206016875,13.025160161252531],[80.269459577099539,13.025160849558963],[80.269408958549889,13.025159573954829],[80.269358430598345,13.025156334666283],[80.269308073459385,13.025151137344753],[80.269257966417356,13.025143990351703],[80.269208188748635,13.025134904761192],[80.269025573628198,13.025112877143558],[80.268843197275999,13.025089002784744],[80.268661083659254,13.025063286274117],[80.268092994884356,13.025008877692416],[80.26796693342267,13.025008612207067],[80.267948609690634,13.025008291920757],[80.267930440382756,13.025005944845667],[80.267690896917443,13.025062866086994],[80.267679770090751,13.025070010414112],[80.267109248818159,13.025447494429521],[80.26706152058614,13.025479072613271],[80.266973387556362,13.025537385951361],[80.266870874647864,13.025615214694652],[80.266827645606185,13.025643999813184],[80.266731124268304,13.025708272450494],[80.266729282177465,13.025709065651462],[80.266727272459818,13.02570916033363],[80.266725360739414,13.025708544589465],[80.266723800378045,13.025707299609667],[80.266723372301158,13.025706735080449],[80.266545606785854,13.02543653290882],[80.26647754286806,13.025333561406926],[80.266419383002855,13.025218138104853],[80.266238435961895,13.025339727792693],[80.266215064208126,13.025353495947348],[80.266367097718955,13.025584497940685],[80.266451906794956,13.025720639611066],[80.266529035231159,13.025836990035192],[80.266529641102323,13.025838871587116],[80.266529520034709,13.025840840598448],[80.266528687549481,13.025842636702659],[80.266527257771543,13.025844023321497],[80.266383368565215,13.025939836026149],[80.266315615820886,13.025977054777513],[80.26624399697711,13.026019380355477],[80.266173782553452,13.026063913429919],[80.266107911941418,13.026103319292298],[80.26607318294225,13.026121937972754],[80.266034022425075,13.026142262087037],[80.266005942949064,13.026157554033762],[80.265987193444971,13.026167447177659],[80.265908765635288,13.026213652300052],[80.265843731872579,13.026242555433257],[80.265841292766325,13.026233764196402],[80.265828179132939,13.026208771063772],[80.265692941402889,13.025973747433319],[80.265651091799995,13.02590518074703],[80.265623741209225,13.025860887759338],[80.265555620777079,13.025757163575282],[80.265506508171597,13.025681071410043],[80.265449011929846,13.025593121278151],[80.265397330619095,13.025514065977967],[80.265270159558682,13.025319539835158],[80.26512392977196,13.025105999390082],[80.265028259716686,13.024989719899647],[80.264964396334747,13.024905768090548],[80.26496417309194,13.024905480825398],[80.264919111229148,13.02484683668942],[80.26490403385435,13.024826417734474],[80.264777510046684,13.024664064741753],[80.264700895555876,13.024565833715378],[80.26462549363346,13.024465467668685],[80.264551948277855,13.024363796679065],[80.264479945444819,13.024260365947381],[80.264459960762167,13.024229792415968],[80.264449998067917,13.024221178749061],[80.264438822712577,13.024214126816229],[80.264426689656929,13.024208800097107],[80.264413877966206,13.024205318738028],[80.264400679733356,13.024203763137393],[80.264390354094886,13.024204079247614],[80.264387399170246,13.024204169422124],[80.264315198937254,13.024215154979615],[80.264192365287087,13.024234677172728],[80.264069710912565,13.024255004555755],[80.263947279175838,13.024276130018325],[80.263879733413717,13.024287023778365],[80.263829354795448,13.024295148769298],[80.263539020786212,13.024341972103747],[80.263294962609294,13.024390015259755],[80.263282899745334,13.024392459402636],[80.263244088749872,13.024400323280606],[80.262820125005817,13.024486229043113],[80.26272751776267,13.02450936918718],[80.262670330167339,13.024519519891781],[80.26255534385048,13.024551567823787],[80.262397868747243,13.024601785031978],[80.262323036258266,13.024626542576682],[80.262219633941129,13.024662440854977],[80.262092627117241,13.024708433334023],[80.262017163939689,13.024734077822753],[80.261988930301627,13.024749714297865],[80.261949245312991,13.024757158651843],[80.261833392392774,13.024786257895405],[80.261686058146594,13.024828408206632],[80.261475255847827,13.024893242204941],[80.261246191331523,13.024955336701439],[80.261074576356691,13.025000130072666],[80.261014390062044,13.025024456071266],[80.261036433547218,13.025103258613035],[80.261053277559768,13.025163474930483],[80.261052993066585,13.025162697410179],[80.261051852539268,13.025161071116989],[80.261050194080383,13.02515995422166],[80.261048237660461,13.025159492023448],[80.261046243150005,13.025159746748765],[80.260916486755335,13.025200798367679],[80.260736847436888,13.025253751654025],[80.260497086820322,13.025325533321798],[80.260188503830207,13.02541092644282],[80.259953149743978,13.025484980669603],[80.259793139587785,13.025538254242402],[80.259787541939914,13.025540118095448],[80.259785786013225,13.025541080577725],[80.259784497832513,13.025542596862721],[80.25978384768473,13.025544463087037],[80.259783920218197,13.025546433549541],[80.259784707901346,13.025548249627043],[80.259717981353845,13.025565708213493],[80.259557815819463,13.025607616281826],[80.259551342599664,13.025609310351594],[80.259450715436842,13.025521322610166],[80.259428378277079,13.025501792247749],[80.259317647448555,13.025400882586416],[80.259153226875242,13.025281198337954],[80.259031547431888,13.025163771874452],[80.258906797131999,13.025081430450255],[80.258814903362492,13.025015182748309],[80.258632882315482,13.024894654890071],[80.258498876213196,13.024785088434326],[80.258335695703749,13.024681262421277],[80.258241333893736,13.024591043418582],[80.258169746836927,13.024561982822046],[80.258116807682171,13.02454049309714],[80.257984375092576,13.024494791023885],[80.257758870688974,13.024389061077841],[80.25756576456314,13.024287304550763],[80.257285592437484,13.024148951413528],[80.257039104395105,13.024026565955165],[80.256755658023081,13.023902819302618],[80.256240577829459,13.023658653810683],[80.25602983909944,13.023537128606295],[80.255598919294343,13.023396272338934],[80.255303889289095,13.023288226720462],[80.255054804553268,13.023186179236568],[80.25488184289442,13.023123207411127],[80.254729914688014,13.023094321008561],[80.254551966853882,13.023036949726208],[80.254382863775348,13.022973063674279],[80.254213710883661,13.022912912626422],[80.254048841104094,13.022845826819067],[80.253919730675591,13.022789445555743],[80.253775274343596,13.022746660841291],[80.253665875652558,13.022699753432731],[80.253468330967777,13.022589230363314],[80.253275633708895,13.022461974410062],[80.253132989352238,13.022355605755864],[80.253062391700482,13.022296534429604],[80.252980920905514,13.022215881949588],[80.25292980497133,13.022072825784985],[80.252907988252758,13.02201622507561],[80.252902455735708,13.022002521347448],[80.252879505377763,13.021963871177503],[80.252865356844069,13.021953929417187],[80.252813921822181,13.021928150750105],[80.252757891628846,13.021924839971689],[80.252732156080626,13.021916432699477],[80.252586666732014,13.021789364748212],[80.252381312867172,13.021463762433241],[80.252352607041544,13.021426770208711],[80.252317674269605,13.021410853218772],[80.252287415437507,13.021414789668961],[80.252262561928944,13.02139979869974],[80.252247086082946,13.021378912254495],[80.252235797163237,13.021355468143323],[80.252213219703705,13.021321983789582],[80.252181970045214,13.021281483148211],[80.252147032228834,13.021227291313673],[80.252122162899326,13.02118960756582],[80.252101294844039,13.021148851127251],[80.25208966506294,13.021109315779094],[80.252058883744965,13.021056881028334],[80.252030243659149,13.020992780125455],[80.252004786655746,13.020924763266189],[80.252004736056421,13.020866626643008],[80.251971146139695,13.020782443631489],[80.251929140562737,13.020727468240349],[80.251882394797633,13.020689800938667],[80.251847127665741,13.020632617927815],[80.251813145955509,13.020571469180808],[80.251764890991865,13.020491590330355],[80.251700941577383,13.020401027365933],[80.251656615649807,13.020338167845713],[80.251603228705847,13.020247003301307],[80.25151818598529,13.020131837618178],[80.251391779910662,13.019992385955174],[80.251319901430747,13.019911849304329],[80.251242462134286,13.019827707810036],[80.251134633328647,13.019716174410204],[80.251093873289932,13.019682296586453],[80.250999438816407,13.019600285074841],[80.250597427943717,13.019337484398044],[80.250480094423395,13.019272766288978],[80.250404184713162,13.019216485589496],[80.25029257861641,13.019142326017572],[80.250116127984583,13.019024144207057],[80.249958978121043,13.01893543625337],[80.249889865674547,13.01887461337852],[80.249790657008546,13.018814666412901],[80.249174430549644,13.018470357852017],[80.249090923039915,13.019222498324904],[80.248928328424185,13.019945937330199],[80.248850037355197,13.020311047176383],[80.248815818422401,13.020470627972292],[80.248213597775148,13.021328053639817],[80.247786239930349,13.02202467571691],[80.247155717377012,13.022751543072276],[80.246180852840453,13.023789214591703],[80.245570377227935,13.024351931443666],[80.244874485546049,13.0250426124264],[80.244817105001403,13.025109843375034],[80.244751766366093,13.025186397830218],[80.244507401118611,13.025472710206625],[80.244339150163881,13.025617598738336],[80.244071501364658,13.025848083557513],[80.244034169571336,13.025867267587902],[80.243992044172444,13.025888918754804],[80.243369087395919,13.026209070182551],[80.242857633850733,13.02633434644998],[80.242319448369415,13.026364737451035],[80.241700557110676,13.026415144401422],[80.241248357686388,13.026404593018258],[80.240825163773408,13.026304717784337],[80.240794067431025,13.026314229300631],[80.240007424951216,13.027074066403218],[80.239812934429096,13.028464071817424],[80.239626711295671,13.029261567728378],[80.239853462561584,13.030857864065663],[80.239519450006128,13.031207648557311],[80.239376385161293,13.031459682421291],[80.239260196703555,13.031668210060472],[80.23918779459818,13.031792051575476],[80.239160185379745,13.031833836661244],[80.239145621259084,13.031852791086214],[80.239143242860337,13.031855220010605],[80.239143034949834,13.031855355933958],[80.239142922215791,13.031855429747148],[80.239141241379755,13.031856527028557],[80.239139265831582,13.031856891948967],[80.23913728970129,13.031856541647558],[80.238991463313781,13.031802365234769],[80.238720992937459,13.031725645353973],[80.238495471853852,13.031663666405663],[80.238268831044905,13.031599673040601],[80.238011661856717,13.031527536033911],[80.237784275648693,13.031462209087298],[80.237638119576303,13.031416804393404],[80.237663296273411,13.031251744938826],[80.237674221008973,13.031218775689412],[80.237457515447758,13.031149741037499],[80.237282774846747,13.031089076904378],[80.237181754721561,13.031042311072223],[80.237181350450513,13.03104212361764],[80.237180533617035,13.031041745971484],[80.237177600892636,13.031041789782298],[80.237172355192655,13.031040059983658],[80.237167996056513,13.031036716090282],[80.237106950054155,13.031075019014448],[80.23700974411328,13.030977386987768],[80.236803138040813,13.030777674442596],[80.236631862041648,13.030604919562139],[80.236498631001666,13.030475951184942],[80.236288179371471,13.030275305559043],[80.236049593237126,13.030050172572052],[80.23598295598967,13.029985046662782],[80.235930039551505,13.029933330644118],[80.235809462636666,13.029815491032236],[80.235567934078361,13.029590246789599],[80.235418143970648,13.029440959683775],[80.235287136565077,13.0293183330045],[80.235261934116281,13.029293955642268],[80.235182021887454,13.029216657863163],[80.234951704346855,13.028988199207051],[80.234816143765542,13.028854118973204],[80.234702852411218,13.02874704316136],[80.234701173677436,13.028745955881208],[80.234699209806934,13.028745527822746],[80.234697219757507,13.028745816714991],[80.234696072353884,13.028746482432709],[80.234602278171124,13.028746835699891],[80.234603115641605,13.02874589509578],[80.234603934545973,13.028744093641563],[80.234604042037802,13.028742123714347],[80.234603424403872,13.028740246586494],[80.234602162960087,13.028738709343836],[80.234541968050422,13.02868795443416],[80.234502968261097,13.028655070263452],[80.234300800348237,13.028482856580478],[80.234140927346616,13.028351637412936],[80.234040736045415,13.028275208001329],[80.234026470065245,13.028266123877559],[80.2340198262972,13.028262931418304],[80.234012529967174,13.028261726263031],[80.234005184802015,13.028262607849069],[80.233998400589726,13.028265503834362],[80.233992737837667,13.028270173550643],[80.233989637090332,13.028274788448675],[80.234008519355385,13.028223932554628],[80.234004541613416,13.02822194603416],[80.233990854869973,13.028214929709696],[80.233978126190379,13.028207942437605],[80.233963213863206,13.028200325719993],[80.23395804655307,13.028197122251379],[80.233933442743862,13.028183277717925],[80.233898384335788,13.028158859350299],[80.233893840162466,13.028153041881428],[80.233892491071217,13.028150620072273],[80.233890756650567,13.02814725133455],[80.233890554792254,13.028146618704511],[80.233890284705282,13.028145381869454],[80.233890288007743,13.028144307693642],[80.233890290651374,13.028143447810466],[80.233890462584753,13.028141215857191],[80.233892472453277,13.02813087959669],[80.233896838235694,13.028113133174406],[80.233926562451785,13.028014046930753],[80.233931807917216,13.027992726105476],[80.233934683745758,13.027968880993312],[80.233934652433703,13.027944869054842],[80.233931711086811,13.027921032067898],[80.233926186264625,13.027898835796092],[80.233909024023802,13.027847958372112],[80.233889292927643,13.027798767819304],[80.233866819437196,13.027750719297824],[80.233842324198221,13.027705176657239],[80.233809994217808,13.027646393310137],[80.233775186707277,13.027588090902283],[80.233738316189772,13.027531019332935],[80.233700257632435,13.02747643892536],[80.233681134410574,13.0274482121464],[80.233658415576116,13.027419392433634],[80.23363365268078,13.027392236727067],[80.233606970706916,13.027366886450331],[80.233578507585975,13.027343470406583],[80.233549152148157,13.027322638628055],[80.233493357123521,13.02728640705506],[80.233436069376978,13.027252483991406],[80.23337739016327,13.027220929412531],[80.233318676730832,13.027192409203566],[80.233208276569982,13.027138187117217],[80.233096309237283,13.027085604179014],[80.232970001812362,13.027030690242215],[80.232968341622126,13.027029576784866],[80.232967197574638,13.027027954887924],[80.232966721171863,13.027026038390048],[80.232966774397866,13.027024924577439],[80.232985080754545,13.026905935846804],[80.233014983639208,13.026716193684875],[80.23301564687813,13.026714333906504],[80.233016945325573,13.026712830452574],[80.233018706850714,13.026711879928637],[80.2330206986653,13.02671161185023],[80.233022657847059,13.026712058894722],[80.233023299608192,13.026712383591656],[80.232957758274225,13.026677347358776],[80.23284874046044,13.02659985882182],[80.232726135711417,13.026539611935963],[80.232657046223338,13.026508669277298],[80.232628241065456,13.026495767026042],[80.232586658287374,13.026478936188919],[80.232520949991141,13.026452940417681],[80.232456812424047,13.026428662733345],[80.23241617862378,13.026413917948334],[80.23236917357562,13.026397048417673],[80.232302824204666,13.026376508424674],[80.232215768265107,13.026350565096747],[80.232139004586287,13.026328879344577],[80.23202969257747,13.026297621172475],[80.231973567012716,13.026281718265354],[80.231931638363235,13.026270318714184],[80.231931290072353,13.026270223645858],[80.231882918980006,13.026257061708726],[80.231832637799016,13.026243385944591],[80.231697380661956,13.026205747602686],[80.231598140574235,13.026178155781293],[80.231549107672564,13.026164904114969],[80.231482780048495,13.026149917556587],[80.231342476933918,13.02609581041637],[80.23124067416326,13.026081983581141],[80.231246720831109,13.0260852909779],[80.231251530565501,13.02609018790038],[80.231254689689436,13.026096251766447],[80.231255923163772,13.026102959135178],[80.231255125804282,13.026109730104844],[80.231249492100005,13.026142354883419],[80.231213434790121,13.026351659804831],[80.231197126038495,13.026448817958448],[80.231190042625229,13.026491016585229],[80.231157737318924,13.026649879372027],[80.231112691623892,13.026829498161712],[80.231101591056131,13.026873822388072],[80.231074143553698,13.026988493413141],[80.231018196370314,13.027243798126509],[80.230990243546444,13.02736470478105],[80.230963787417579,13.027487696425627],[80.230938843123468,13.027612947615506],[80.230924238131664,13.027708683061965],[80.230912472027086,13.02780368639287],[80.230903522961455,13.027897567835454],[80.23089879554648,13.027950848028668],[80.230894601239441,13.027998124133113],[80.230878398251463,13.028180739932408],[80.230826850099987,13.02871812607367],[80.230784335433171,13.02912497218165],[80.230768051235103,13.029280657137416],[80.230765629098954,13.029303808215154],[80.230761773028931,13.029340676210316],[80.230753792954275,13.02941696214145],[80.230748016386798,13.029474300856798],[80.230739674345713,13.02955879942767],[80.230729553219575,13.029676507449382],[80.230702191278027,13.029951452785891],[80.230689744147199,13.030084453794776],[80.230686674974748,13.030123913738203],[80.230673644869483,13.030396425912233],[80.23065492467093,13.030675540804319],[80.230654854656066,13.030676114760821],[80.230654155455824,13.030677963574002],[80.230652828446395,13.0306794470367],[80.230651046693836,13.030680365835414],[80.230649049415973,13.030680600422247],[80.230544523197707,13.030674018595171],[80.230434689096555,13.030664066398169],[80.230325190782423,13.030651097851063],[80.230274768348011,13.030644088866859],[80.230224661719575,13.030635155778292],[80.230174948317213,13.030624313282694],[80.230125704635967,13.030611576978924],[80.230078623570051,13.030592852273259],[80.230032424130584,13.03057561938904],[80.229925340124467,13.030527466552551],[80.229844829309187,13.030498670095524],[80.229691538106962,13.030437325069697],[80.229539132250366,13.030373905651539],[80.229467486848506,13.03034293733803],[80.229445884740187,13.030333600584573],[80.229387640290952,13.030308424586382],[80.229369836438835,13.030303646320519],[80.229343061554061,13.030296460630067],[80.22934262295459,13.030296342684597],[80.229297120226931,13.030286153621518],[80.229251216894937,13.030277874828711],[80.229204995903928,13.030271522828119],[80.22915854113819,13.03026710871938],[80.229154106112389,13.030266874000183],[80.229121842921259,13.030265164047011],[80.229111935570927,13.030264639982672],[80.229065267722476,13.03026411959376],[80.229018618727238,13.030265553219113],[80.228856762675619,13.030283724316238],[80.228615288748514,13.03031299876494],[80.228611570403245,13.030313315920427],[80.228574907202656,13.030316443811154],[80.228289576058188,13.030340783413381],[80.228208366081304,13.030350523898365],[80.228160015934023,13.030356323182325],[80.22807185739866,13.030366898298412],[80.227774164764071,13.030399376241427],[80.22762768611571,13.030410423016638],[80.227613932234974,13.030411405574984],[80.227600168342235,13.030410560724146],[80.227586646155203,13.030407901873092],[80.227354064686239,13.030442248852644],[80.227041646959776,13.030479572834642],[80.22700995876896,13.030483358222446],[80.226627225253182,13.03052046382232],[80.226293387716566,13.030551204627962],[80.226085746984083,13.030568849381391],[80.226077049423694,13.030567179581665],[80.226068945970269,13.030563659764601],[80.226061841846359,13.030558464745802],[80.226019257024376,13.030564317010386],[80.225830260422228,13.030630882642869],[80.225830222573279,13.03063089518853],[80.225725625727549,13.030250083031516],[80.225550898634879,13.029610167679591],[80.225402206955863,13.02906330026288],[80.22520581515731,13.028344608891524],[80.225132924789918,13.028077661631897],[80.225036563610246,13.027723974386745],[80.224932434210686,13.027339155056493],[80.224819358936216,13.026927385629913],[80.224734679122079,13.02661571589597],[80.224684628445445,13.026430844602968],[80.224622974562394,13.02620372444648],[80.224548833135529,13.025933474800834],[80.224462154751748,13.025616142368632],[80.224376816980978,13.025298354591273],[80.224373553410118,13.0252862032973],[80.22454542413081,13.02530265206113],[80.224733102119785,13.025313092587766],[80.224978733091092,13.02532121969455],[80.22518326143252,13.025333631683687],[80.225220515881659,13.025335865166543],[80.225605298753209,13.025312445100363],[80.225766436179143,13.025307004791632],[80.225977307568414,13.025294683656316],[80.226134490609141,13.025279768907575],[80.22621227371603,13.025272202389202],[80.226410437057254,13.025252895132178],[80.2266394077554,13.025233196781354],[80.226784638461922,13.025222137637446],[80.226928882730363,13.025203252370744],[80.227062561948145,13.025185750590742],[80.227198631088513,13.025168358038787],[80.227242580075441,13.025163005997017],[80.227353507903445,13.025149496992185],[80.227529196232595,13.025130073061982],[80.227687805833952,13.025113339656862],[80.227776406968005,13.025101284815406],[80.227877899039015,13.025084807033533],[80.227899207916565,13.025080873949342],[80.22794939274597,13.025071611626641],[80.228028891290307,13.02505621209662],[80.22808998454083,13.025043068867614],[80.228163865792695,13.025027175155174],[80.228198262748236,13.025019775442658],[80.228232028540347,13.0250125031466],[80.228278971409864,13.025002209366786],[80.228360999148919,13.02498422312329],[80.228416341339653,13.024972087152371],[80.228490711667774,13.024955778869932],[80.228521936460581,13.024948932083479],[80.228581810657516,13.024939627940416],[80.228644356082484,13.024927442824998],[80.228706369396804,13.024912877171882],[80.228729108392372,13.024906608213595],[80.228767755545761,13.024895953303504],[80.228799415083358,13.024887780416497],[80.228852212970651,13.024874150283896],[80.228891142273056,13.024864100196904],[80.228943615286255,13.024850554073305],[80.22896586490927,13.024844184176647],[80.229011657104337,13.024837386076848],[80.229056261825406,13.024838544978655],[80.22905699310104,13.024837951288051],[80.228888062098648,13.024709431041581],[80.228793206438937,13.024637901886182],[80.228740639437433,13.024599579409939],[80.228698578273296,13.024574528317871],[80.228655085635594,13.024551948648909],[80.228610313439901,13.024531918615148],[80.228566679966974,13.024514624442006],[80.228523644932721,13.024495859107484],[80.228481283840395,13.024475659908628],[80.228439675887429,13.024454062345084],[80.228398894729821,13.024431104612669],[80.228295947893457,13.024352223604476],[80.22820650744687,13.024289658287932],[80.228093523636758,13.02420577425057],[80.227999263555276,13.024138895971866],[80.227969333687938,13.0241171251437],[80.227839229100752,13.023984393291897],[80.227795149442514,13.023944478306772],[80.227769109399617,13.023920898896169],[80.227727222983987,13.023882970621353],[80.22764897466935,13.023786654997505],[80.227701291800429,13.023746274834824],[80.227460673018726,13.023493914031686],[80.227418355295185,13.023438977410105],[80.227351569747398,13.023367664320734],[80.22728116032242,13.023290930613568],[80.227225734080406,13.023232716069876],[80.227139372381345,13.023188333923727],[80.227095614945839,13.023143616703766],[80.227040755695768,13.023087553991257],[80.226998634566883,13.023044508971005],[80.226970141458139,13.023010013958396],[80.226928331542354,13.02295939992973],[80.226847673655911,13.022867124989039],[80.226802815452004,13.022820860076102],[80.226730282135605,13.022741898291585],[80.226678666431823,13.022680445326163],[80.226547457586221,13.022524235772901],[80.226494636541304,13.022461348741965],[80.226477099049589,13.022440470090951],[80.226420478924268,13.022373060681955],[80.226368329560628,13.022310974036431],[80.226310976643759,13.02224436896222],[80.226251181447907,13.022174928265567],[80.226182489048952,13.022095155889991],[80.226110978745695,13.022011166058258],[80.226031089007023,13.021914930996831],[80.225978024151246,13.021857886055344],[80.225922581352677,13.02179569907948],[80.225888657361025,13.021756335835798],[80.225872938457499,13.021723284871657],[80.225849811314944,13.021674661436656],[80.225824908284693,13.021631620626529],[80.225801156395448,13.021590569768547],[80.225771695632062,13.02153964975034],[80.225739376983526,13.02149055038408],[80.225718191547315,13.021461062800617],[80.225656861884488,13.021375698134086],[80.225612920030699,13.021314536438831],[80.225561419068498,13.021236512426571],[80.225532083301829,13.021192583093198],[80.225479005896091,13.0211182895902],[80.225429626898134,13.021049171888471],[80.22537558788332,13.020988782925231],[80.225325084725043,13.020947003814683],[80.225275924574035,13.020877815309145],[80.225224462662808,13.020805388324309],[80.225181471419887,13.020744928347309],[80.225122675251654,13.020662242131426],[80.225035416386618,13.020536055909844],[80.224967534775857,13.020438384408834],[80.22492101073351,13.020371443413744],[80.224814418966631,13.020220967814877],[80.224664601194675,13.020025745434765],[80.224496523821017,13.019773972444417],[80.224476666598477,13.019743290683849],[80.224437375444268,13.019678070222763],[80.224400228334474,13.019611658109248],[80.224377296904336,13.019576752694174],[80.224361817814554,13.019555647693194],[80.22436156429545,13.019555327754066],[80.224242509155658,13.019316592333315],[80.224240581449138,13.019307238091695],[80.224232880890696,13.01927719215645],[80.224227319285731,13.019246695095795],[80.224223923844875,13.019215892566656],[80.224222709779625,13.019184933806827],[80.224223684007839,13.019153966220811],[80.224226841456627,13.019123138081435],[80.224232166904017,13.019092599439453],[80.224255293911042,13.019018964931748],[80.224281105368021,13.01894619291399],[80.224309568705522,13.018874377324225],[80.224377401972845,13.018708389058631],[80.224529783201632,13.018331300573262],[80.224654209193105,13.018020308283635],[80.224828347694327,13.017587996646627],[80.224935186965922,13.017320825895583],[80.225019531398559,13.017110574812932],[80.224901490679642,13.017036922614915],[80.224787690310379,13.016905926292287],[80.224598523130538,13.016739395821762],[80.22441152983059,13.016555918056675],[80.224177594374225,13.01646312623169],[80.223939531543763,13.016318782713119],[80.223734863908078,13.016140495958192],[80.223470671303559,13.016036627014238],[80.223306417249091,13.016028540068492],[80.2231277006791,13.016015616571089],[80.222744141353601,13.015969710932497],[80.222360857441501,13.015935198419523],[80.22199940317546,13.016007506421536],[80.221825931777047,13.016040721658749],[80.220679247961286,13.016325392209666],[80.220268462372189,13.01646422215231],[80.219573525890326,13.016517583106475],[80.21899503262901,13.016594192404652],[80.219000253460663,13.01663847206178],[80.219051268578397,13.017071262832884],[80.219074311212097,13.017086537136791],[80.219263848243713,13.01789167983523],[80.219266768825833,13.017914903819509],[80.219269848277349,13.017950711052547],[80.219273978615632,13.01797602917557],[80.219278443240881,13.017997368040511],[80.219280567259943,13.01802024332059],[80.219283955732919,13.01806750672346],[80.219289337816534,13.018090343887277],[80.219301283054136,13.018128718590466],[80.21930783970717,13.018156937437949],[80.219311835905444,13.018196239428601],[80.219311551010108,13.018231867450691],[80.219295394709278,13.018305893148128],[80.219286873759089,13.018358717668393],[80.219288033315593,13.018407481653703],[80.219294390888138,13.018445389249949],[80.219306889057265,13.01849124692208],[80.219319715439028,13.018538307255991],[80.21934851942531,13.0186129131353],[80.219423617154106,13.018700480714974],[80.21952240266414,13.018882180193755],[80.219556219569469,13.019023371552207],[80.219588146851322,13.01928247955151],[80.219438602218474,13.019427514426683],[80.2194315134427,13.019496511157419],[80.219334447391859,13.01948660290587],[80.219266219892546,13.019484030355992],[80.219198127210774,13.019479043995082],[80.219131730957812,13.019471808567364],[80.219058956748455,13.019467337933374],[80.218986467342475,13.019469390994667],[80.218916258435144,13.019480270414892],[80.218892257035108,13.019485157638407],[80.218830579256732,13.019496232716008],[80.21876752206451,13.019505205892914],[80.218704189364544,13.019512048846774],[80.218605012406201,13.019518370580903],[80.218521139025285,13.019522188560332],[80.218444865871078,13.019526053828125],[80.218325966548136,13.019532469736331],[80.218189970882861,13.019539654159935],[80.218108926747902,13.019545796174866],[80.218076103725039,13.019554307863197],[80.217923714539751,13.019565740357098],[80.217768378164081,13.019590101985287],[80.217655469568982,13.019622530326624],[80.217554282848496,13.019651590593929],[80.217395175145157,13.019697288636676],[80.217350594998777,13.019710093130509],[80.217286836155949,13.019728405052197],[80.217170548401484,13.019761803123616],[80.217050835416927,13.019796186318572],[80.216890024642424,13.019842371685353],[80.216792965345377,13.019870247859428],[80.216754743593285,13.019881225084527],[80.216525125962519,13.019947172439663],[80.216360889809849,13.019994340828571],[80.216251763280326,13.020025682274266],[80.216161939148037,13.020051479626103],[80.216014515999717,13.020093819571853],[80.215907838998234,13.020124457576213],[80.215837039414978,13.020144791320853],[80.215755942973161,13.020168082269329],[80.215695851869071,13.02018534064138],[80.215613500139654,13.02020899213769],[80.215472460207394,13.020249498377618],[80.215386297421901,13.02027424409968],[80.215346978917452,13.02029378231372],[80.215335720400361,13.020294934553021],[80.215281142656892,13.02030051828363],[80.215188564708143,13.020322532850795],[80.215060511657953,13.020352982837908],[80.214924823878988,13.020385248778354],[80.214763270553462,13.02042366532118],[80.214636204853264,13.020453881183665],[80.214412322426341,13.020507118356337],[80.214285611025403,13.020537249217078],[80.214150649573412,13.020556982109634],[80.214001213741867,13.020578832085144],[80.213874789810575,13.020597316698122],[80.213788487037263,13.020609935313558],[80.213776636442148,13.020692983895907],[80.213741014711474,13.020709587201088],[80.213734317196369,13.020703414764991],[80.212674065419577,13.020456977448044],[80.212025017331868,13.020151475006692],[80.212048141106791,13.020112413599811],[80.211732453024766,13.020618548255726],[80.211562503942204,13.021352445953651],[80.211425599256316,13.021991035331553],[80.2113306418333,13.022387735049044],[80.211151323226204,13.022847248218332],[80.211059899925701,13.023305041247708],[80.210956207847516,13.023758431433903],[80.210823290710522,13.024189462330511],[80.210706819223518,13.024589856705711],[80.210594329914315,13.024917251399714],[80.21041453542864,13.02527235526998],[80.210018953105546,13.025623899969572],[80.209747514898098,13.025843304062315],[80.209749513140721,13.025845664669717],[80.209637271431362,13.025932410665289],[80.209239195920816,13.026299731822879],[80.209042565949375,13.026432555423611],[80.208846989313926,13.026564666861349],[80.208531117147899,13.026756649951095],[80.208363521799072,13.026858512598308],[80.207829477290346,13.027081557412052],[80.207370116210654,13.027146338232635],[80.207192201805967,13.027163589549085],[80.207190996148597,13.027163706119133],[80.207025612457286,13.027179742434528],[80.20656233090304,13.027272034297859],[80.206234628321468,13.027317237016078],[80.205835372255763,13.027363510385189],[80.205335642609114,13.027451803937023],[80.204923890965546,13.027544245351187],[80.204529373040145,13.027683969394944],[80.204075581088432,13.027773037975747],[80.203686782432939,13.027834920192385],[80.203495392155503,13.027939996783449],[80.202865569029143,13.02809625241937],[80.201125247880057,13.028528003585279],[80.200801010910453,13.028600662081612],[80.200206890374247,13.028753300405681],[80.19988367200429,13.028818177598254],[80.199580168757862,13.02886298257085],[80.199244479788689,13.028907379418087],[80.19896454891267,13.028927603749022],[80.198652023655086,13.02891020313084],[80.198466510056591,13.02884052861492],[80.198242163682124,13.028792287020261],[80.197944325384256,13.028813557064819],[80.197650693147281,13.028874056291045],[80.19718939327332,13.028837521814866],[80.196769315890663,13.028813332586882],[80.196349187566582,13.028804403430227],[80.195835817079853,13.028757036577893],[80.195618232155681,13.02867244542745],[80.195369425570192,13.028618269944253],[80.194957104620059,13.028601732337343],[80.194762762639684,13.028547726345373],[80.194436274312238,13.028455165431554],[80.194164299898006,13.028347516324061],[80.193962424737464,13.028217198114305],[80.193838453785077,13.028056606596369],[80.193644754346025,13.027804251721122],[80.193489983452551,13.027544389201973],[80.193330501568312,13.02731953931006],[80.193142928435762,13.027194737178293],[80.191905592346984,13.02623528582197],[80.191226917804102,13.025545246558112],[80.191013504760164,13.026274016566669],[80.191088926741784,13.027045554397578],[80.190548890545102,13.02734194240538],[80.190451987315186,13.027879914736497],[80.188611547452709,13.028587265913087],[80.188612075225194,13.029090419975292],[80.188612093400181,13.02910862675482],[80.188614289273389,13.031205451868063],[80.188482568283106,13.031670614584934],[80.188556557274651,13.032232941640963],[80.1885613924225,13.032236877338697],[80.188884390961078,13.032223423397028],[80.188911698866505,13.032975115618724],[80.188914474811142,13.033051541710375],[80.188923675423439,13.033435902613302],[80.188923673184533,13.033436023767402],[80.188923653421753,13.033436428781506],[80.188922486046451,13.033458480066818],[80.188916159978817,13.033578494760198],[80.188880669191107,13.034430302673298],[80.188894882930384,13.034486982754656],[80.18890322367595,13.034551437639919],[80.188909598574071,13.034607310153584],[80.188911356291328,13.034632229634266],[80.188916916439908,13.034674647097773],[80.18884442441896,13.034692635900859],[80.18883666403012,13.0346949190898],[80.188834519340304,13.034695094116566],[80.188833298281111,13.034695396813005],[80.188808247132698,13.034697234351029],[80.188709365445092,13.034705289366437],[80.188700924212739,13.034705952828149],[80.188700887242561,13.034736553122796],[80.188701377679948,13.034868248632272],[80.188701414562317,13.034871647587755],[80.188714535162845,13.034921060916687],[80.188714660074098,13.035221303019529],[80.1887087784485,13.035484236719666],[80.188706771967134,13.035684872295395],[80.188706479169454,13.035714170661242],[80.188707036951243,13.035739128879531],[80.188707347663495,13.035753021785029],[80.188706893563761,13.035754269045491],[80.188702226033953,13.035767083036564],[80.18869759657764,13.035782080758871],[80.188696830570677,13.035785371409798],[80.188695618407635,13.035790584773894],[80.188694906787958,13.035810867081267],[80.18869487124438,13.035811869713571],[80.188694744804536,13.035821241218056],[80.188694735819951,13.035823432939722],[80.188694714725159,13.035824529652755],[80.188694707754735,13.03582525388488],[80.18869464637018,13.035831640871105],[80.188694618448011,13.035831719447952],[80.188694265301265,13.035857178445481],[80.18868442141715,13.036048045948194],[80.188678522909939,13.036162426142553],[80.188669462560497,13.036406884553891],[80.188668439029499,13.036431473430806],[80.188668218418002,13.036432102054118],[80.188667214937254,13.036434968801318],[80.188663952739262,13.036441302361338],[80.188660752561461,13.036448130705914],[80.188656404119627,13.036456692397609],[80.188653743957659,13.036462227637418],[80.188650061549112,13.036470162100734],[80.188640630741148,13.03648950206013],[80.188639663234085,13.036491517175536],[80.188639645559107,13.036491564137913],[80.188640139560377,13.036491657008069],[80.188640952454037,13.036491808745003],[80.188639738078919,13.036553175740353],[80.188625475577282,13.037386577301039],[80.188639092270833,13.037627357052088],[80.188652045708594,13.037905838418309],[80.188651958918513,13.037909265919589],[80.18865154722765,13.037925515584071],[80.188619834580408,13.037929057407849],[80.188601289311322,13.037930332990253],[80.188594360089951,13.037930808586838],[80.188528578405794,13.037897749779919],[80.188512198627194,13.037973689054978],[80.18850298994434,13.038209794069981],[80.188452765172144,13.039227219572773],[80.188404163373022,13.039243329080033],[80.18838995477482,13.03936666357227],[80.188374799924048,13.039498213251179],[80.188132631886887,13.041600275308054],[80.188126708246713,13.041630583158257],[80.188078757112436,13.041761180019869],[80.187304435559511,13.043870049908325],[80.187302958841599,13.043874070710828],[80.187381210746395,13.043905078553612],[80.187392386694057,13.043909507976156],[80.187589927150498,13.043998130551444],[80.187231571342124,13.044880489925411],[80.187188453887842,13.044986654315299],[80.186935293191326,13.045500475145081],[80.186864589675153,13.045601470391244],[80.186859138065216,13.045609445369367],[80.186755216921881,13.045514388252441],[80.18675307818053,13.045512432108476],[80.186753248945351,13.045513514955744],[80.186753428746343,13.045514654795127],[80.186754549106226,13.045521759792697],[80.186757283099041,13.045532904337936],[80.18676035394121,13.045553290723863],[80.186761555699562,13.045573867446649],[80.186760858847421,13.045594638934478],[80.18676048189981,13.045597666773967],[80.186760500283839,13.045601918314999],[80.186758449454899,13.045613980045145],[80.186758332021938,13.045614920934026],[80.186758140086141,13.045615801008379],[80.186726141041859,13.045804018948715],[80.186699366366099,13.045961506444334],[80.186693346428299,13.045996916255948],[80.18669333139475,13.045997001202201],[80.186692096381535,13.045997040723062],[80.186689025101359,13.045999362065684],[80.186237688571495,13.04593838856969],[80.186235459568437,13.045938088606576],[80.186229923435107,13.045977822838024],[80.186263846406462,13.04598343415779],[80.186679661262573,13.046052217587974],[80.186680304612651,13.046052332632522],[80.18668214093519,13.046053137702371],[80.186683562158109,13.046054534614161],[80.186684380751487,13.046056337420533],[80.18668446692223,13.046057907358353],[80.186684488674786,13.046058306172768],[80.186644965126902,13.04635564475174],[80.186602033553555,13.046670257024477],[80.186571745288646,13.046866560098666],[80.186541518397433,13.047111774394519],[80.186528001367989,13.047228729967566],[80.186527820541073,13.04722931440763],[80.186527416023793,13.047230617876775],[80.186526359982736,13.047234023339209],[80.186526216438523,13.047234487639685],[80.186410049419479,13.047218047922648],[80.186141979442638,13.047181164362526],[80.1860342790294,13.047166320766159],[80.186033961918469,13.047166277272259],[80.186025001725014,13.047219445969397],[80.186024010429179,13.047225329102353],[80.185954863390677,13.047635637353974],[80.185939278209787,13.047728116388958],[80.18593146532028,13.047780699157505],[80.185910831909609,13.047934845868488],[80.185880483909358,13.048161573564171],[80.185841400193851,13.048402133130347],[80.185814819441887,13.048565739691764],[80.185790643937807,13.048728484890489],[80.185784669068639,13.048768655342291],[80.185740260051318,13.049067535276629],[80.185741176817345,13.04918304607647],[80.185661461541585,13.049685705147571],[80.185618170916513,13.05000878997433],[80.185580039932447,13.050303222908767],[80.185554164455965,13.050478599593783],[80.185531772443852,13.050642951650479],[80.185522750872678,13.050703232433692],[80.185519498773019,13.050729771798693],[80.185511075146394,13.050796430779165],[80.18550510842519,13.050843653885821],[80.185488554142296,13.050946923063202],[80.185454360917433,13.051160229441168],[80.185441406613023,13.051322223227606],[80.185431869955437,13.051441485112479],[80.185431847849344,13.051441758106916],[80.185428458032035,13.051484151927131],[80.185418197248893,13.051612465139005],[80.185419087545796,13.051652075786087],[80.185421363195289,13.05165194641765],[80.185566018588361,13.051643749588795],[80.18568425358319,13.051637050053991],[80.18568425867268,13.051637185697823],[80.185690922286511,13.051817673959219],[80.185692246414192,13.051853523656542],[80.185714690736106,13.052223084266103],[80.185716943947199,13.052222767658328],[80.185836958328252,13.052205907910947],[80.185837024617058,13.052206224584436],[80.185849896034583,13.052267561627628],[80.185851962046101,13.052276817945915],[80.185868062108639,13.052348927667028],[80.185927979261663,13.052646111283147],[80.185953337603735,13.052801466840268],[80.185974071566449,13.052947850984795],[80.185976091349488,13.052961653401393],[80.185976333268599,13.052963820590932],[80.186014731827726,13.053234926687928],[80.186016960873744,13.053234669678289],[80.186017552292981,13.053238821750224],[80.186425696098325,13.053201743553178],[80.186427124691818,13.053203154053772],[80.18643275540353,13.053208715320483],[80.186432908993211,13.05321110194914],[80.186445301311068,13.053403442196068],[80.186449806574743,13.053531725028916],[80.186453251599261,13.053577855653536],[80.18646287000017,13.053695407413144],[80.186467996547478,13.053749083327768],[80.186471940737476,13.053790356428204],[80.186471197949558,13.053793003356263],[80.186469396957307,13.053799424644112],[80.186464099598069,13.053807265359616],[80.186462757981104,13.053808304571195],[80.186455937430381,13.053817431673954],[80.186450817172883,13.053823290971346],[80.186450686081827,13.053824457862662],[80.186442879920662,13.053834902880904],[80.186439832338891,13.05384742711766],[80.186439538462253,13.053860294561963],[80.18644193928408,13.053889004576538],[80.186442225965536,13.053894405273946],[80.186440001857207,13.053899353216943],[80.186439641219081,13.053899644134857],[80.186325029563804,13.053912015551342],[80.186325056945179,13.053914076276206],[80.186322940364931,13.053914347204651],[80.186318408219392,13.053945663882898],[80.186323547349446,13.053972090399302],[80.186338885596143,13.054038353044715],[80.186351590946643,13.054078062331604],[80.186379451069115,13.054165137111793],[80.186426932189903,13.05429349088632],[80.186489896981158,13.054457219868263],[80.186523196874546,13.054551873443756],[80.186550249725002,13.054620176587923],[80.186583044283651,13.054702979217215],[80.186602544304279,13.054752214654927],[80.186604096860464,13.054750411165235],[80.186604604196788,13.054749821422998],[80.186606049035007,13.054753881237566],[80.186632678552201,13.054801053132673],[80.186745379693164,13.054745807257063],[80.186828944580554,13.054704843588915],[80.186869531296765,13.0546932420611],[80.187127176770403,13.054658716138039],[80.187142936399866,13.054854019110595],[80.187143882705982,13.054877702704689],[80.187165557359933,13.055134375059597],[80.187165631023404,13.055135257776172],[80.186995381774295,13.055163905394023],[80.18680194140984,13.055197472912722],[80.186725100661775,13.055210806803339],[80.1867091846824,13.055411923570524],[80.186662027143754,13.055871657594889],[80.186596973275385,13.05654314977919],[80.186608062238889,13.056743476173819],[80.186645829134562,13.056820907297528],[80.186915039777745,13.056842140315103],[80.18717887864338,13.056862949291856],[80.18787321187537,13.056917710354771],[80.188332038694242,13.057021508828193],[80.188504394351,13.057060500097045],[80.18881030326412,13.057108580352963],[80.188991381358477,13.057137039576302],[80.189405689363355,13.057161960097122],[80.189405588861391,13.057318943632735],[80.189403693843062,13.057450107035985],[80.189402977997943,13.05749965417869],[80.189405272946544,13.05759686677699],[80.189404268539988,13.05772472997748],[80.189401865651092,13.05788492700086],[80.189400387989508,13.057983407196364],[80.18940019616393,13.057996415116881],[80.189399167055868,13.058020689281493],[80.189399656424555,13.058032964233719],[80.189400039214533,13.058042568791135],[80.189400020560626,13.058062714897295],[80.189398951041966,13.058095139266225],[80.189398475251608,13.058128198425873],[80.18939331854574,13.058155409108457],[80.189389270343682,13.058172746843137],[80.189372863975436,13.058261202557684],[80.189358641236637,13.05833788357279],[80.18940778418569,13.058529473619753],[80.189413783701866,13.058606967583014],[80.189420935110164,13.058744722809896],[80.189421077442717,13.058747459322181],[80.189427543540091,13.058898523823176],[80.189425818980325,13.058903293423452],[80.189377079203553,13.059038019865335],[80.189377641167511,13.059038497228396],[80.189432215001588,13.059084899290353],[80.189554924693596,13.059187147604964],[80.189677223656091,13.059438619595763],[80.189693999551423,13.05947446163978],[80.189800544382138,13.05970209057169],[80.189866650041807,13.059940303775942],[80.189888353326239,13.060056946629361],[80.189953475181369,13.060247577572289],[80.190027166066358,13.06041589019685],[80.190159886726136,13.060687008236382],[80.190271365770542,13.060910408209857],[80.190326035452586,13.060990979591006],[80.190561080138536,13.061349703394912],[80.19068335016874,13.061591407877881],[80.190775553605505,13.061810938906126],[80.190793544146416,13.061856512826866],[80.190831339205062,13.06194376025878],[80.190849536189987,13.061982304777235],[80.190862234815029,13.061990129554147],[80.190873541259506,13.061999784567259],[80.190883179579941,13.062011040194298],[80.190912191690529,13.062062844981304],[80.190942866035272,13.062113729080153],[80.190975168657843,13.062163640845498],[80.191009064691187,13.062212525012306],[80.19105254738804,13.062277209977504],[80.19109629560235,13.062345901310445],[80.191139238972127,13.062411382067701],[80.191164754561143,13.062442832614057],[80.191195245549167,13.062472153088175],[80.191227575573819,13.062499504569326],[80.191262294891231,13.062525281194571],[80.191276971730943,13.062534009092825],[80.19129453481645,13.062540645593582],[80.191313018431288,13.062544143830342],[80.191315005015056,13.062544446616489],[80.191316750540835,13.062545419554651],[80.191318024834686,13.062546938955647],[80.191318657919055,13.062548805367021],[80.191318566671143,13.062550770781813],[80.191317763928211,13.062552574834653],[80.191282361134114,13.062603897819368],[80.191210269806675,13.062707110290722],[80.19101424685789,13.062943846742861],[80.190760059046596,13.063170401590623],[80.190572267658453,13.063330456824458],[80.19042928071201,13.063480091313151],[80.190349035671005,13.063603081446681],[80.190253553827219,13.063775367047265],[80.190243814836734,13.063789332434309],[80.190232661660161,13.063801969663908],[80.19022012009539,13.063813286954352],[80.190206349258531,13.063823137421577],[80.190191527566313,13.063831395038248],[80.190176186149472,13.063837813720951],[80.190010365195533,13.063882706090689],[80.189980803323479,13.063894581274567],[80.189952975824511,13.063907738598896],[80.189923875632061,13.06392369490756],[80.189897613131649,13.063945387215396],[80.189790307630062,13.064035391758175],[80.189781643280199,13.064094840119761],[80.189767554362732,13.064113413146409],[80.189755120148021,13.064133093560033],[80.189744435173964,13.064153739700014],[80.189736313738734,13.064175666062614],[80.189729961341357,13.06419814409716],[80.189725411621509,13.064221040089739],[80.189722696392025,13.064244214895666],[80.18972182903147,13.064267525695605],[80.189722816459437,13.064290830554208],[80.189724091242567,13.064301249861984],[80.189725650820932,13.064313992914823],[80.189728908864765,13.064337050813565],[80.189730032039847,13.064360304558928],[80.189729011747659,13.064383562436646],[80.189725855985188,13.06440663459278],[80.189720591186742,13.06442933394367],[80.189713259453953,13.064451477071476],[80.189708086282565,13.064463331004504],[80.189627429579829,13.065280150773782],[80.189637660570341,13.06534470280133],[80.189651327439549,13.065343856827846],[80.18967679122855,13.065344837214459],[80.189699085434242,13.065347952391509],[80.189709874235788,13.065348373199406],[80.189724723429578,13.065352078076296],[80.189750495322457,13.065368032731749],[80.189760290461066,13.065379584562333],[80.189767421792411,13.065392882163447],[80.189771717175077,13.065407823727011],[80.189772731450333,13.065440431831693],[80.189775387282594,13.065468565746739],[80.189779811897353,13.065496484584141],[80.189785859027012,13.065523506129619],[80.189798217456783,13.065560178838169],[80.189812556434262,13.065597033165327],[80.189828582688904,13.065633212832351],[80.189846266021092,13.06566864540944],[80.189867790631837,13.065707243822256],[80.189871793611346,13.065724177292722],[80.189872277224282,13.065740484887915],[80.189870781902627,13.06574904555014],[80.189869468905101,13.065756565162125],[80.189863477701834,13.065771786431409],[80.189854541685548,13.065785548158267],[80.189846398206882,13.065793853801319],[80.189778723005816,13.065885248338553],[80.189738715279518,13.06595407340496],[80.189869356929989,13.065951561434034],[80.190244292095016,13.065958103419526],[80.190634837329043,13.065963297674479],[80.191119311284083,13.065972250106677],[80.191258534705611,13.06597213958184],[80.191231158115258,13.066005956373104],[80.191257869927568,13.0660140067236],[80.191251260416962,13.066378413551631],[80.19124453918937,13.066686178215145],[80.191278686871044,13.067359721584268],[80.191269579780439,13.068060618634671],[80.191268313780242,13.068307818994541],[80.191263041267263,13.068794072551025],[80.191279260214088,13.069231226448064],[80.19128050841492,13.069264847064742],[80.190449913786878,13.072699416126291],[80.190472553457369,13.07276227457306],[80.19045909935727,13.072832396274796],[80.190450952217603,13.072874854786471],[80.190439095987244,13.072905536420489],[80.190403359056205,13.073003347682764],[80.190361832219338,13.073151323062113],[80.190337668107802,13.073254440164581],[80.190313047197364,13.073378270709069],[80.190270002574493,13.073457358688156],[80.190238773256041,13.073480143925385],[80.19023776827558,13.073480876782163],[80.190160873549729,13.073488119709056],[80.190156909931474,13.073488493372196],[80.190151709067294,13.073488983413727],[80.188477560656025,13.073779610318638],[80.187791736194583,13.073454382869834],[80.187294050855144,13.073178965728179],[80.186729008917482,13.072911692150543],[80.186219523881562,13.072879356573683],[80.185875781647169,13.072918086736044],[80.185079698807897,13.073007782178756],[80.181256234954532,13.072626425292778],[80.181209567849706,13.07262177005974],[80.181199569270717,13.072620772707261],[80.181178690549075,13.072619558230112],[80.180853224693578,13.072600625595737],[80.179528094914005,13.07232730197922],[80.177732110667478,13.072256851572297],[80.177122298581992,13.072098557227822],[80.177121514345473,13.072098354001842],[80.177171629344116,13.072682118104504],[80.177133250255963,13.072884330187312],[80.177114128060353,13.072939501264276],[80.177077434169988,13.073045369031048],[80.177031155845455,13.073178889610851],[80.176976543717174,13.073336455675856],[80.176976426385281,13.073336792562083],[80.176889514625373,13.073356639173429],[80.176763371729081,13.073385443266053],[80.176549953321413,13.073434176719028],[80.176399898941227,13.073468440726401],[80.176230914765824,13.073507026860009],[80.176194201663776,13.073515410017688],[80.176193324774772,13.073515609758498],[80.176254601581718,13.073712996399729],[80.176255802552788,13.073716864703076],[80.176228103902119,13.07380880042453],[80.176226844872559,13.07381297915645],[80.176309477128527,13.074065322250327],[80.176310838556702,13.074069478594947],[80.176263839343576,13.07419768914593],[80.176263452144852,13.074198744900213],[80.176261116199228,13.074197247360187],[80.176254862359841,13.074214305610912],[80.176241613772561,13.074250446925435],[80.176221814420487,13.074304456593049],[80.176143120422054,13.074351529640266],[80.176096880867732,13.074379189395659],[80.176080322312401,13.074389094344653],[80.176024418580354,13.074422534442947],[80.175929185353482,13.074479499767024],[80.17592903101405,13.074479592405471],[80.175928372073116,13.074479986335302],[80.175577275066502,13.074690004401418],[80.175324366569853,13.074841287816794],[80.175296230693689,13.074858117954285],[80.175201462890499,13.07499977014152],[80.17510797059964,13.075073130798323],[80.174501627402293,13.075548906584709],[80.174414219258409,13.07565394270752],[80.174381728866862,13.075673806815084],[80.174170274094735,13.07580308711348],[80.174173854903415,13.075813550899259],[80.174224667692371,13.075962038890461],[80.174223204149868,13.075970565164582],[80.174181207192319,13.076215232625426],[80.174167914870736,13.076292673058886],[80.174167426708266,13.076295516957364],[80.174160441930354,13.076336210823241],[80.174146547630954,13.076417154841142],[80.174137549069385,13.076469575830235],[80.174135780769291,13.076479877845395],[80.174111526828653,13.076621178112822],[80.174083206789533,13.07695218705075],[80.174071066849734,13.077094082111012],[80.174071084618461,13.077094563192331],[80.174090643608693,13.077621117901771],[80.174090614967739,13.077621132277084],[80.174010467309813,13.077662508110627],[80.173803441417746,13.078348244353329],[80.173699559299422,13.078359970186797],[80.173622569423003,13.078741548741307],[80.173622569838813,13.078742254908155],[80.173624401203313,13.079301395564112],[80.17362490798611,13.079455564594948],[80.173626307266318,13.079579922010693],[80.173625324457433,13.079583116050387],[80.17353991478609,13.079861056556593],[80.173539791446331,13.079845192304244],[80.173529480450085,13.079878386153791],[80.173501303740892,13.079968471768067],[80.173469320436041,13.080070731746938],[80.173469825324759,13.080070902444728],[80.173468376026719,13.080073749593295],[80.173465594394429,13.080079220027811],[80.173466571102551,13.080079520629424],[80.173331667726231,13.080510843409302],[80.173314303652518,13.080566362405033],[80.173152884995318,13.081082460253782],[80.173061250566391,13.081362726928239],[80.172815101455839,13.081444446844147],[80.172424100162331,13.081574255915658],[80.172423279265075,13.081574528155672],[80.171875029697986,13.081756540650179],[80.171871764569929,13.081757624237047],[80.171827897302435,13.081749093652796],[80.171809073976476,13.081743427360028],[80.171742874444604,13.081723499366223],[80.171736320191656,13.081721526216565],[80.171695983846121,13.081709383884748],[80.171631566412216,13.081689992334008],[80.171577259102961,13.081673644125196],[80.170310111657557,13.081292187983097],[80.170253191325088,13.08127505260995],[80.170205815550887,13.081433658162609],[80.17002154398125,13.082050563185943],[80.170008344619234,13.082095014563039],[80.169994836446989,13.082140511987063],[80.16999460043624,13.082141304194463],[80.169994376552339,13.082142055752742],[80.169973186069853,13.082213426010007],[80.169927150366675,13.082367544724756],[80.169909512568807,13.082426587047593],[80.16974414483694,13.082377152771336],[80.169743881300718,13.082377074164432],[80.169331379132032,13.082253761777954],[80.169251578607884,13.082229905940229],[80.169249743071262,13.082229358430709],[80.169248554398763,13.082229002880229],[80.169215561808997,13.082219139720484],[80.169189256195992,13.082211276418937],[80.169175085187263,13.082207039946891],[80.169174683436054,13.082206919302415],[80.169169398908224,13.082205339875275],[80.169143300627525,13.082197537816398],[80.169087271749589,13.082180789325164],[80.169079730590639,13.082178534445296],[80.168950152727518,13.082141349848811],[80.168298853731059,13.081954691595676],[80.168057814670362,13.081885612441276],[80.167811105851527,13.081814907164503],[80.167809327380837,13.08181439780455],[80.16780787419485,13.081813981719291],[80.167727162868431,13.081790894659941],[80.167701153942204,13.081783430911319],[80.167444325916222,13.081709726968205],[80.167188025144625,13.081636174572193],[80.167045949816384,13.081595402550189],[80.166916292454474,13.081558193200609],[80.166913761138019,13.081557467115207],[80.166848246987357,13.081538224566202],[80.166847181824522,13.081537897433092],[80.166838388131964,13.081574374407323],[80.166829743177743,13.081610230689533],[80.166813977004438,13.081675629762012],[80.166783926894979,13.081769617204468],[80.166752936201547,13.081866548327437],[80.166752862563669,13.081866777751415],[80.166752630451143,13.08186750486694],[80.166749297968579,13.08187792744112],[80.166755669765209,13.081877638773472],[80.166735601242053,13.081926391570937],[80.166733961079089,13.08192589711685],[80.166565145924267,13.081875565444305],[80.166563042254069,13.081874938387068],[80.16656238065076,13.081874741852985],[80.166531395982801,13.081865504202643],[80.166499205141648,13.081855906408467],[80.166486331570013,13.081852068202815],[80.166458209945304,13.081843656260032],[80.166400793701413,13.081826481373806],[80.16623468369707,13.081776792055368],[80.165994461913058,13.081704933303033],[80.16598841882815,13.081725426903073],[80.165982258175177,13.081746321578798],[80.165971174789163,13.08177765357218],[80.165953286979359,13.081828218086695],[80.165938683574907,13.081869499148413],[80.165938020072204,13.081871514229443],[80.165877165735836,13.081852277444055],[80.165872617304657,13.081861120996344],[80.16587555109264,13.081861752549063],[80.165816477442007,13.082048957407459],[80.165838605165263,13.082044843447349],[80.165820534690226,13.082109395917833],[80.165807282434955,13.082156738431664],[80.16580129257315,13.082178128238796],[80.165789017576117,13.082185001936409],[80.165781243444016,13.082250404141435],[80.165778015598519,13.082262063051378],[80.165765496354609,13.0823072876293],[80.165736984401235,13.082410292747614],[80.165731233647065,13.082431066674291],[80.165731222423631,13.082431112751163],[80.165731022617649,13.082431831832322],[80.165727071133077,13.082446106002191],[80.165695236341961,13.082511652886231],[80.165650311863303,13.082604153548264],[80.165614744690174,13.082724676925382],[80.16561472512285,13.082724735633803],[80.165613219586589,13.08272918927652],[80.165562468020241,13.082712919117274],[80.165469947455918,13.082683259584398],[80.16542392557642,13.082614696108241],[80.165319060824089,13.082533794762272],[80.165312749734213,13.082530290557765],[80.165257380589992,13.082499559342969],[80.165192849328619,13.082460385106899],[80.165181175620972,13.08245329838245],[80.164889109437155,13.082268331746816],[80.164858992891112,13.082294128221582],[80.164826735727218,13.082280674585263],[80.164826482430257,13.082280568881192],[80.164822320066975,13.082278832956518],[80.164811926594197,13.082274498157771],[80.164717366695825,13.082426286958647],[80.164711915227571,13.082435946752089],[80.164684128975395,13.082485181639759],[80.16464561421671,13.082553425633806],[80.164628283629753,13.082584135160898],[80.164624461568422,13.082590906850676],[80.164623742437243,13.082592181224864],[80.164584454689532,13.082661796154387],[80.16458400201212,13.082662282042234],[80.164583724422585,13.082663090384344],[80.164583276241203,13.082663884611794],[80.164567420841408,13.082658612580001],[80.164546939369032,13.082651804749458],[80.164546294429059,13.082651590180529],[80.164501535555701,13.082636711751846],[80.164265624933819,13.082861077983546],[80.164239304561235,13.082886109070767],[80.164196074943945,13.082908201087093],[80.163880863664232,13.083052837405024],[80.163572329144941,13.08331100736283],[80.163572375750277,13.083311683839581],[80.163581494666815,13.083444562565848],[80.163440527411055,13.08347965724969],[80.163365670795386,13.083498293037296],[80.16330333576424,13.083517929619745],[80.163293421872055,13.08351360535479],[80.163217983161061,13.083546478218389],[80.163214607702031,13.083545526028214],[80.163147039779261,13.083567415099729]],[[80.194083648171031,13.021943263599693],[80.194181557200181,13.023021369565196],[80.194557802783578,13.027056030415368],[80.194559132118499,13.027172009442186],[80.194560141034131,13.02726015743991],[80.194431669652204,13.027437698087345],[80.196925691045664,13.028498347288906],[80.200267727930495,13.028330839867436],[80.200221775543099,13.028078606280303],[80.200148432976476,13.02767601720435],[80.199087861839303,13.021769636352831],[80.198890893548565,13.020668239595263],[80.198866967638253,13.020552499855668],[80.198659183053721,13.019264645361917],[80.198535166431427,13.018504545165872],[80.198452817825924,13.018053885449005],[80.198349078112187,13.017841191336391],[80.197972705817364,13.014901825001498],[80.198863460182039,13.014490651211034],[80.199267982751337,13.01436766867254],[80.199645770344972,13.014252813969568],[80.199681934154427,13.014245700132085],[80.201015006854604,13.013923504138585],[80.202377769839742,13.013557192775579],[80.202379265416226,13.013556651241331],[80.202380642822945,13.013555864307961],[80.202381861405783,13.013554857167815],[80.202382885106772,13.013553659548391],[80.202383683386174,13.013552305715079],[80.202384232133056,13.013550838090776],[80.202384514610586,13.013549300025202],[80.202384522375127,13.013547736702019],[80.202384256195629,13.013546196045692],[80.202272591425171,13.013125395594921],[80.203847009715105,13.012662678932218],[80.203853204422643,13.012651446175349],[80.203810849061057,13.01251142056509],[80.203745625048882,13.012267393352239],[80.203673559544555,13.011879026167195],[80.203615755137349,13.011509911379637],[80.203583282776336,13.01112333480539],[80.203557562990355,13.010334349344307],[80.203717784573485,13.007638381138703],[80.20384246712868,13.007007555148549],[80.203984337250404,13.006481008884153],[80.20395805457234,13.006464829149602],[80.203923247038446,13.006446637665013],[80.203877936146597,13.006423731154189],[80.203868589620043,13.006421165327845],[80.20383427965011,13.006403383148539],[80.203785746808151,13.00637878856042],[80.203754782179359,13.006361311398038],[80.2037093112436,13.006331351669031],[80.203627730267741,13.006280774084221],[80.203616315072168,13.006275156583955],[80.203551564833361,13.006236549668682],[80.203503224222189,13.006206347820457],[80.20340961457633,13.006153448372592],[80.203294808195636,13.006079030980983],[80.203234771143741,13.006042950301371],[80.203219915902167,13.006032043553102],[80.203229866424934,13.005974505985877],[80.203217719380746,13.005951758111031],[80.203174067724291,13.005863207705866],[80.203158572999683,13.005834253124911],[80.203082973254794,13.005825487309352],[80.202938855911526,13.005805804582728],[80.202739794223746,13.005778113708487],[80.202695935273965,13.005773872177443],[80.202601320132686,13.005763065836],[80.202521672644934,13.005740088899181],[80.202506350941846,13.005730892315194],[80.202397529129314,13.005676200702171],[80.202264196037916,13.005608856420368],[80.202168330085073,13.005564173242202],[80.202160274693512,13.00556156159408],[80.202151379169479,13.005561578562537],[80.202080356820773,13.005525415044579],[80.201985584115334,13.005478557867951],[80.20198785290674,13.005388712574904],[80.201993398373233,13.005204969783591],[80.202000566162781,13.005004955615643],[80.202004045318404,13.004845401740479],[80.202009396071674,13.004702078436779],[80.202088781850833,13.0046908400815],[80.20230160368277,13.004661172857567],[80.202304463381722,13.004659063121544],[80.20231540124108,13.004638001020991],[80.202330393203894,13.004574910060265],[80.202353458206844,13.004485805879916],[80.202368389121219,13.004425942693469],[80.202339501764456,13.004422489449823],[80.202301582055711,13.004438225247362],[80.202299935568064,13.004345760218911],[80.202298777154454,13.004255513768392],[80.202297403943177,13.004166694376691],[80.20229416874821,13.00402024329267],[80.202374001142886,13.004020955108004],[80.202376287902439,13.003944765862217],[80.202381565681435,13.00378725733786],[80.20238361976557,13.003688071056796],[80.202387675018016,13.003579862563383],[80.202386304057313,13.003563062982749],[80.202384273705235,13.003482215637499],[80.202494326326885,13.003490483436757],[80.202612031186717,13.003492748248103],[80.202725569819762,13.00349393055456],[80.202897834890024,13.003500765268173],[80.202899535061377,13.003391927438962],[80.202902343940821,13.003317347432475],[80.202901538258686,13.003288682968222],[80.202901696913401,13.003243029882823],[80.202900396547221,13.003200929410925],[80.202899431776316,13.003170396396831],[80.20290100193715,13.003136651335454],[80.202896997555712,13.003087471778969],[80.202893852271529,13.003035494576004],[80.202826129076456,13.003024662416856],[80.202742489660636,13.003014719020742],[80.202673920598741,13.003012074398917],[80.20263565119528,13.003011785091124],[80.202630445774332,13.003003774238939],[80.202561714564766,13.003003686145407],[80.202550563771808,13.003001372432598],[80.202526867750208,13.002997974945496],[80.202493402645985,13.002992709230366],[80.20244981633239,13.002987273179169],[80.202423282048883,13.002984766636491],[80.202362749673199,13.002980178191384],[80.202284464347841,13.002973858822642],[80.2022509725698,13.002970884217724],[80.202248531403171,13.002962928868843],[80.202169066603645,13.002963000289089],[80.202142009359775,13.002963424406323],[80.202103148797335,13.00295999656154],[80.2020321729876,13.002955084799906],[80.20196947265525,13.002950542949044],[80.201968791272421,13.002889079299905],[80.201964195426584,13.002728145199011],[80.201961105239278,13.002618887591764],[80.201958146661582,13.002537116020989],[80.201955883426791,13.002431946998096],[80.201955273330285,13.002421170769489],[80.201975610296017,13.002418457398271],[80.201974645696538,13.002355591378487],[80.20197635287407,13.002159849871401],[80.201975975542965,13.002138561315512],[80.201978922042684,13.002124574379595],[80.201979753600185,13.002055379107677],[80.201980989570018,13.001979378319373],[80.201982153888963,13.001924354569205],[80.201982331691923,13.001872757388213],[80.201983099631903,13.001809040419923],[80.201984722207015,13.001714492219225],[80.20197632294385,13.001507039290821],[80.201987863575312,13.001490638347779],[80.201985743147645,13.001419544239518],[80.201961197446764,13.001316790552448],[80.201955486761804,13.001290030614575],[80.201951848941462,13.001232966714504],[80.20194506118581,13.001161798586098],[80.201936279351955,13.001039441623755],[80.201929075396009,13.000970979367038],[80.201925916574211,13.000928783666668],[80.201810270075043,13.00093662566805],[80.201503823951626,13.000959204397649],[80.201508055251523,13.000926079668687],[80.201514526557105,13.000883352072229],[80.201510402918586,13.000821668966999],[80.201505565238975,13.000733564979228],[80.201499702286867,13.000599872085676],[80.201493432889862,13.000490055848728],[80.201487355241653,13.000406208600394],[80.201471201737917,13.000398592654795],[80.201462548276538,13.000316619110178],[80.201434103348447,13.00031885090392],[80.20143496655912,13.00033927925961],[80.201379942377869,13.000343066813553],[80.201379057007955,13.000322072365492],[80.201334532432753,13.000323006014179],[80.201225755957992,13.000325286413759],[80.201124533649605,13.000327408261263],[80.201044493300401,13.000328955062948],[80.200964903435818,13.000317373452425],[80.200868336429963,13.000320156923848],[80.200812754000779,13.000321474195331],[80.20073523454657,13.000323619096212],[80.200644243727041,13.000325706236804],[80.200624319042049,13.000325842930208],[80.200601804581339,13.000329042286996],[80.200541808365969,13.000332025903608],[80.200484437405251,13.000333825862809],[80.20048582258751,13.000303801910613],[80.200486110884839,13.000245718407999],[80.200485990546255,13.00016089668943],[80.200485346423193,13.000091930173337],[80.200486326881219,12.999982963586072],[80.200486742113,12.999935057154028],[80.200487135121975,12.999861256402006],[80.200487663603568,12.999825210605033],[80.200487866630667,12.999760349014258],[80.200487674865514,12.99969668426235],[80.200487706289479,12.999632140418305],[80.20048822575734,12.999574714067686],[80.200487997693926,12.99953275704601],[80.200486907459378,12.999469494605393],[80.200487380783983,12.999343524928365],[80.200486669057085,12.999294809389848],[80.200487308451656,12.999278266451491],[80.200486511993702,12.999270134408947],[80.200487433847897,12.999247159013402],[80.200486234031416,12.999212943404647],[80.200486806067033,12.999148310803136],[80.200486361543696,12.999059617233376],[80.200484401229886,12.998935750445826],[80.200527668245556,12.998934691896977],[80.200553597200312,12.998933450678452],[80.200558127365412,12.998868336567881],[80.200560856319029,12.998818904646317],[80.200565414443005,12.998741308248624],[80.200570819193871,12.998646661392325],[80.200571015104174,12.998592365257672],[80.200539397980023,12.99860079267159],[80.200506081713598,12.998612026889186],[80.200460900753725,12.9986271315958],[80.200395912983481,12.998630075423659],[80.200310836594753,12.998631985382715],[80.200206363835676,12.998635524621999],[80.200155389984317,12.998637803556877],[80.200124580764893,12.998639262086282],[80.200076417371022,12.998641257606083],[80.200017022007046,12.998642459003317],[80.199945617544614,12.998645401943602],[80.199916937264078,12.998646898652334],[80.19983946809846,12.998649916918586],[80.199772401601109,12.998652402090128],[80.199719953099489,12.998654185419804],[80.199678242440754,12.998655003595921],[80.199614196543777,12.998652053893617],[80.199550440982208,12.998648853704955],[80.19941529890184,12.998642999402232],[80.199324657152317,12.998639652996431],[80.199199003904923,12.998634440872872],[80.199092336385988,12.998630290882749],[80.198985674104023,12.998626522434112],[80.198893756729547,12.998622444974583],[80.198850936848302,12.998621532590612],[80.19882879371653,12.998621409137584],[80.198769149455956,12.998619146427128],[80.198750897241084,12.998617080106872],[80.198704252080773,12.998615758958751],[80.19864486945329,12.998612708571777],[80.198594531282154,12.998609988076346],[80.198593843669968,12.998588068347086],[80.198590429276507,12.998543513710677],[80.198585629443414,12.99848704207338],[80.198583029812141,12.998442021579153],[80.198634232178591,12.998442652441383],[80.198634971449863,12.998427778959279],[80.1986386276362,12.998397545928732],[80.198639902116923,12.998378521144929],[80.198638098286494,12.998319397713939],[80.198635018831851,12.998238269553124],[80.198634568583884,12.998202718056094],[80.198634602241839,12.998124973942472],[80.198633278951633,12.99805344738586],[80.198632598208377,12.998007254648344],[80.198611280583762,12.998007356157647],[80.198609122074174,12.997982335936895],[80.198602864960506,12.9979219690648],[80.198598027562866,12.997862548740278],[80.198590567929273,12.997775212445841],[80.198585634630547,12.997720968322927],[80.198581584583508,12.997674512016191],[80.198578298796463,12.997623786665068],[80.198573887558197,12.997599379769259],[80.198572577783793,12.99757278887256],[80.198568337040697,12.997525417839128],[80.198566770562294,12.997513024674312],[80.198563891971915,12.99747879303758],[80.198561138243988,12.997456800022174],[80.198557351969043,12.997423546633062],[80.198554862980131,12.997348640225082],[80.198551597446098,12.997296202396088],[80.198546635020037,12.997216553103929],[80.198545631288255,12.997181366999111],[80.198544339422781,12.997165001662351],[80.198516441957324,12.997059649579965],[80.198064571947853,12.997081815575752],[80.197621498142382,12.997079661685607],[80.197621487850256,12.997079421138842],[80.197494010705753,12.997078800415865],[80.197351172735324,12.997082245337291],[80.197225296226193,12.997086238996545],[80.1970226031886,12.997094036900982],[80.196990877580717,12.997082316356828],[80.196816025554995,12.997078011657461],[80.196800037816033,12.997065986209723],[80.196707041048839,12.997060857618312],[80.196625369040873,12.997053161753323],[80.196568430219429,12.997040391179102],[80.19627689942449,12.997011975743163],[80.196128646940764,12.99699944064734],[80.19593563400386,12.996976815400354],[80.195870919772972,12.996968822769739],[80.195588232845566,12.996948952330657],[80.195275504184636,12.996920792938674],[80.19517769217228,12.996913768170414],[80.194959824097282,12.996895778750583],[80.19449218304122,12.996889476356998],[80.194219209987153,12.996850561553776],[80.193866442937221,12.996792691161343],[80.193520408898678,12.996729990216803],[80.193207168603905,12.996682012336521],[80.193159017213731,12.996660715578411],[80.192687046627128,12.996568307614607],[80.19264962754086,12.996595688671626],[80.19191095612814,12.996411914650636],[80.191360154575307,12.996272357845434],[80.190500618866011,12.996068681312821],[80.19030968360947,12.996021670605696],[80.190024472763625,12.995959504585194],[80.189773306689844,12.99587732620445],[80.189481601248914,12.99575972244225],[80.189121852049055,12.995572479579687],[80.188844869438469,12.995438795762785],[80.188092503023242,12.995087347025777],[80.187552941461078,12.994832039654781],[80.187297045995749,12.994712281438577],[80.186920188328344,12.994530224665464],[80.186845189934516,12.994482761421221],[80.185947407734616,12.994023602105832],[80.185500454827107,12.993803455406633],[80.185405316971767,12.993152301720656],[80.185269493438867,12.992692013284678],[80.185146353705463,12.992256416383611],[80.184842723254789,12.991182332316766],[80.184880256073328,12.990874389061869],[80.184786287367118,12.990442732640291],[80.184947537642259,12.990179863326944],[80.184980727275814,12.990335380412663],[80.1849955511952,12.990404839722185],[80.185256075402634,12.989481945451104],[80.184185807847442,12.988914650826089],[80.184268609427875,12.988641887955378],[80.183962476225844,12.988512690389776],[80.183733033336267,12.988424954408307],[80.18354579169592,12.988318087936355],[80.183160009826835,12.988176758237048],[80.181479314974396,12.987425621269164],[80.181446089826565,12.987477701017818],[80.180910090447654,12.987199629269165],[80.180908712285841,12.987199266868005],[80.180905528950476,12.987199702603013],[80.180905211632052,12.987199745908445],[80.179836263374028,12.987346112899047],[80.179161489710154,12.987321042052297],[80.178824020599762,12.987665927811486],[80.178319011198383,12.988585737024389],[80.178319035881884,12.988585801299779],[80.17831944271822,12.988586855965234],[80.178375721891612,12.988728694856677],[80.17834580570495,12.989002468080312],[80.177844634055759,12.988834800251164],[80.175675169156648,12.990215434203172],[80.17398633557886,12.991382073564257],[80.176353789974627,12.994238206227237],[80.176632553806272,12.994567666988354],[80.17689478238006,12.994809492776808],[80.177236803285012,12.995273597008071],[80.175963126745359,12.999588532830042],[80.176260888344558,12.999878587577157],[80.176764236745342,13.000368908444178],[80.177356559370025,13.000945893618416],[80.177234138293144,13.000973590768599],[80.177363739548341,13.000953176986151],[80.181749155316709,13.005067472321947],[80.181749462233114,13.005067233679441],[80.181754996322397,13.005072952025408],[80.181756689607298,13.005074540594967],[80.181756600859273,13.00507460993774],[80.182758878025084,13.006110260028947],[80.183732292392492,13.007145957837981],[80.185119510569791,13.007714755783963],[80.185656826625802,13.008264403721615],[80.18626044764116,13.008320130328009],[80.186398144346541,13.008059374420814],[80.18785168735495,13.008959210755151],[80.187898989268319,13.008988494435838],[80.188635012962365,13.009552947752562],[80.189517790361322,13.009424340770128],[80.189869813733111,13.010120234154336],[80.19021697335819,13.011403611606704],[80.1903716269792,13.011863423161559],[80.191130347688258,13.012631337353227],[80.191480183687446,13.013091756702275],[80.191748910820507,13.014489720124265],[80.192705365676218,13.014473558922377],[80.193146140768562,13.014940913146742],[80.193621103621467,13.017462473659604],[80.1938689247242,13.019593460888796],[80.19400419169871,13.021068347360673],[80.194083648171031,13.021943263599693]]]},"properties":{"objectid":2,"region":"South","st_area(shape)":161740473.01015043,"st_perimeter(shape)":113900.82529991967}},{"type":"Feature","id":3,"geometry":{"type":"Polygon","coordinates":[[[80.325156391404747,13.212575602689414],[80.325308684452992,13.213115005353224],[80.325817521221083,13.214705569141424],[80.326125404387284,13.215664568601325],[80.326489840380816,13.216799708367592],[80.326767891771325,13.217665773548818],[80.32684921535899,13.217919076851247],[80.327382467128075,13.219580008192521],[80.327410480406655,13.219667262138449],[80.327562797099162,13.22014594028461],[80.327581085131158,13.220203413221546],[80.328977570971475,13.224591982448469],[80.329298124561333,13.225772317411048],[80.329719929383089,13.227325458804639],[80.329845050225558,13.227730333221862],[80.330271037546765,13.229108773425745],[80.330481686719764,13.229551855328674],[80.330893900310329,13.23068274824756],[80.33149353038425,13.232327801574645],[80.331074538764469,13.232936355336458],[80.331379552288951,13.233849210200821],[80.327329355579252,13.235049055200307],[80.326041095017018,13.234092762309716],[80.323759171102608,13.232398842738268],[80.322736091226332,13.23217730860425],[80.317793131744835,13.231106946589213],[80.317712716998358,13.229647903732427],[80.316528478198947,13.227103014048897],[80.316308371046276,13.226623695137778],[80.313582019656934,13.220686542939136],[80.313246541588754,13.2200695390116],[80.30634360310377,13.21159386898182],[80.300963521286874,13.210866861225044],[80.300404555244853,13.212692625228165],[80.298473264439181,13.213297819055624],[80.297751580919481,13.217179898951624],[80.293799027354012,13.220262375391055],[80.293526673708072,13.220250700404888],[80.293295210082817,13.220314906003084],[80.292673742225674,13.220249895893467],[80.29241771230663,13.220388998558835],[80.292102123655056,13.220393366685609],[80.291927362715811,13.220395782564832],[80.291895852345462,13.220520610611652],[80.291855485945092,13.220680517648377],[80.289157164434869,13.221003531379999],[80.286826911917714,13.224233369715458],[80.286403959289345,13.22423157456093],[80.286112748361504,13.224354412557753],[80.286116558924306,13.224531803201057],[80.285930255098393,13.224582342613131],[80.286011150778691,13.225497318560212],[80.285528270000995,13.225669827438388],[80.285546988357382,13.22620371862136],[80.285441665194256,13.226347430411142],[80.285326034184777,13.226505206071186],[80.285029015640973,13.226541600999106],[80.284623987766409,13.226696290771065],[80.283867172078374,13.227406238962761],[80.283468625396083,13.227293433411766],[80.283052903938639,13.227208800718111],[80.28200729728124,13.227102793057854],[80.281630382673569,13.226965195568971],[80.280872326429048,13.227122718715453],[80.280032972743641,13.226725043178647],[80.279793051640539,13.226823130257932],[80.278291966005,13.226610053208766],[80.277845954650275,13.226426571806757],[80.277460812281817,13.22638635176785],[80.277096347226731,13.226306760581734],[80.275999652847361,13.226334560806027],[80.275531305325643,13.226217922309552],[80.273925778786037,13.226426243744102],[80.273435099448974,13.226568762129585],[80.273203101669537,13.226299482078616],[80.2730930538591,13.226373283797706],[80.270533431662543,13.224752910547727],[80.269657500210826,13.224623740603336],[80.269163345110059,13.224653401681158],[80.269056818442124,13.224543314012982],[80.268826942560068,13.224589707015465],[80.268420965893426,13.224567635194488],[80.268117374676933,13.224350467778697],[80.268100607865946,13.224224549366397],[80.267826218059341,13.224224711214939],[80.267794820361033,13.224005055158502],[80.267159047328619,13.224003233378513],[80.266809886648346,13.223568980869526],[80.267249072202389,13.222583679011347],[80.268212716543758,13.222068745288436],[80.268850748595909,13.221428720692193],[80.26990511836965,13.220417791129979],[80.270315018144402,13.22053269924071],[80.272416030167221,13.216712393684841],[80.272098550281981,13.214383656561262],[80.271898054326513,13.214107960594708],[80.271635669981734,13.212690335724227],[80.271562688010349,13.21244094558242],[80.271821138311395,13.212408848319185],[80.271363890556884,13.210229604562299],[80.271153323013976,13.208891906151475],[80.270834781538738,13.208954934078532],[80.270465663052505,13.207467818825448],[80.270123974846882,13.205543606708281],[80.27039303966005,13.205552656170775],[80.270073269838051,13.20373713767453],[80.270073843562812,13.203570692166032],[80.269075490924351,13.20355991576379],[80.268267474388352,13.203600462551874],[80.265518259966584,13.203470298042001],[80.265506474099993,13.203592331746105],[80.264717899664632,13.203943901235705],[80.263786434794,13.20403171914548],[80.26065209458784,13.204990901174011],[80.259997409157549,13.205028869691134],[80.25880027087716,13.205143549282417],[80.25662026235112,13.205397632174508],[80.256219353699038,13.205593819387882],[80.255723016676413,13.205913426886308],[80.25342324718315,13.205680601016347],[80.250486682448127,13.206030193129507],[80.249898491538303,13.205585558415953],[80.250177410871103,13.20437177058565],[80.249574571788756,13.199576806119458],[80.249486535186946,13.199578199162975],[80.249441596717247,13.198536089584437],[80.247172392103181,13.198513331765561],[80.244499850432177,13.1988133552644],[80.243420877004809,13.198959660874282],[80.24263622544234,13.199016231188585],[80.240690953013456,13.199218475166289],[80.238913768672475,13.199386888161428],[80.238915368577906,13.197688089558833],[80.238796981050754,13.196327569919415],[80.233718289437775,13.196865038866985],[80.22870711021524,13.197586283357197],[80.228647888952821,13.197521099601271],[80.228602153345193,13.197470757942503],[80.228619951821372,13.19738453974084],[80.22865635739322,13.197279673626163],[80.228683495882308,13.197187204892204],[80.22867464355393,13.197006797141979],[80.228589179349868,13.196946340986578],[80.228592028883781,13.196875783433294],[80.228598860560396,13.196706620331675],[80.228637335813659,13.196512645873439],[80.228644908808917,13.19635896101037],[80.228634612262951,13.196285352929456],[80.228605448552841,13.196208889577854],[80.228612073817573,13.196166402934407],[80.228673987669168,13.196095035877379],[80.228791247857316,13.195927802057438],[80.228859108357582,13.195828719717571],[80.229476361781209,13.19548063264072],[80.229765120310176,13.194795812894819],[80.230049064929176,13.194141874218456],[80.230073764351133,13.19410779921412],[80.230203582081046,13.19367930569665],[80.23037362392877,13.192928276450768],[80.230372814746019,13.192860704303772],[80.230320144359624,13.192394375608824],[80.230255865015124,13.191752983569723],[80.230304231242044,13.191598829753538],[80.230338424870823,13.191309674740832],[80.230419423868994,13.191259591114314],[80.230524986297127,13.190843516597814],[80.230670557777458,13.190682099203032],[80.230737568287935,13.190512372409495],[80.230933352646147,13.190089261771288],[80.231005166460378,13.189951243692686],[80.231110237902996,13.189814867920155],[80.231222064070309,13.189718348944272],[80.231418946964453,13.189648498090138],[80.231709676203508,13.189552992813798],[80.23173769713118,13.189394740446788],[80.231731611648883,13.189288553690067],[80.231708021772278,13.189170269804059],[80.231648216879265,13.189067742168747],[80.2315077476227,13.188957540237075],[80.231222714254287,13.188776094251764],[80.231237734250342,13.188680755018121],[80.231293552682047,13.188634346073185],[80.231310329794809,13.188541904591025],[80.231374379575868,13.188433114362908],[80.231385066719028,13.188042461584015],[80.231485486565106,13.187879693839953],[80.231467535330395,13.187383153732224],[80.231348408701606,13.18733512242212],[80.231336961007287,13.187196771264659],[80.231405727862338,13.187140201895316],[80.23149752181196,13.187064687440611],[80.231488086985109,13.186990927366013],[80.231488933594207,13.186894762570928],[80.231438403083061,13.18660258815469],[80.231405144437772,13.186544654927632],[80.231326077626605,13.186451180046154],[80.231290953605608,13.186323391093616],[80.231319715971864,13.186104952051377],[80.231295199676836,13.185897568738278],[80.231248834452643,13.185695353319719],[80.231206014345887,13.18552689091268],[80.231261828442271,13.18545740710481],[80.231387005333005,13.184702449549953],[80.230751013453613,13.184615250033236],[80.230658262562159,13.184665918908935],[80.230432186621144,13.184639720588208],[80.230329327366775,13.184310999057979],[80.229678417201654,13.184154376749236],[80.229573938977836,13.184129236570909],[80.229223107458708,13.184446612416785],[80.228621080288377,13.18496193923743],[80.228448052101598,13.184927066712811],[80.228284584433254,13.184904373290898],[80.228180883290293,13.184893277769625],[80.228037531856131,13.184740022617557],[80.227725024755244,13.184464839405997],[80.227516490584378,13.184471200439138],[80.227299058234792,13.184707681107595],[80.226809245550442,13.184793910088198],[80.22647016609082,13.184811708622071],[80.226307056374125,13.184886601845195],[80.226088258874228,13.185031460800989],[80.225774499807727,13.185038139228242],[80.225302141625406,13.185166448079018],[80.225067604992319,13.185236726651301],[80.224620613422402,13.185381333760448],[80.224566974416106,13.185357375186973],[80.224435215975163,13.185361962240192],[80.224354365561268,13.185424328728283],[80.22381401235296,13.185378315731711],[80.223616034637658,13.185146359032007],[80.223344879556578,13.185013632575517],[80.223185836827042,13.184984611905493],[80.223028830756306,13.184977200974185],[80.222899954986758,13.184960249286618],[80.222629465676832,13.18491113308135],[80.222541201266083,13.184510840073472],[80.221834810863555,13.184486077681836],[80.221692558443692,13.184270005284278],[80.22150846190317,13.184204096421432],[80.221314395353488,13.183856309591583],[80.221000937985124,13.183684806582795],[80.220135009733042,13.182527737005898],[80.219803815187618,13.182058284651085],[80.21973051481028,13.180781983998873],[80.219787081302471,13.180744742823039],[80.220973409248657,13.180581957404897],[80.223362298452585,13.18016089466852],[80.223513588731308,13.180122368031773],[80.223436919269929,13.178393785904566],[80.223364199125058,13.176854932412418],[80.222798905997763,13.176907972966895],[80.220772096295946,13.177454366448817],[80.219761686689779,13.177803762565114],[80.219247817148585,13.177835885901734],[80.218786651763182,13.178015477404232],[80.218663527161468,13.177987960549602],[80.218105851458105,13.178159128133927],[80.21804691432402,13.178225584938748],[80.21705508973983,13.178689296410324],[80.216977803721576,13.178695883410736],[80.216769579444048,13.178552460790668],[80.216722283086554,13.178428947806426],[80.216362730050221,13.178273138276381],[80.216261568859977,13.178123246553959],[80.215803504970381,13.177881588668198],[80.215734419004434,13.177772756123725],[80.215509851583377,13.177648796647121],[80.215338275556846,13.177616326998312],[80.215208455351004,13.177433308381033],[80.214671753084332,13.177186275808149],[80.214596903548085,13.177176659387076],[80.214413691798867,13.177027475976654],[80.214286039816301,13.177008534746003],[80.214235066804733,13.176865402003278],[80.214103300293971,13.176824820034081],[80.213717396953726,13.176983804188064],[80.213198277935291,13.177410668096448],[80.212718171110254,13.177684974006093],[80.212397097318316,13.177933978308552],[80.212590258672236,13.178568136410295],[80.212965772612236,13.178945180257296],[80.213032457105143,13.179594904187423],[80.213089868940315,13.180202828224258],[80.212907876808401,13.18027561511138],[80.212669442091368,13.180294069868536],[80.212377994748678,13.180253305831819],[80.212029465911698,13.180324520796164],[80.2117555412038,13.180286790084246],[80.211668155173541,13.180133996813648],[80.210873608444871,13.179879846794492],[80.21073698013987,13.179526017837006],[80.210724433443772,13.179256614437676],[80.210849470861163,13.179027176129351],[80.210688229366198,13.178239358180745],[80.210688130369164,13.177924214342717],[80.210514909024155,13.177029342260294],[80.210431138332552,13.176045305568774],[80.210306317573412,13.175017560871227],[80.210009358447593,13.174962886565078],[80.209830126557932,13.175040002848879],[80.209758330278348,13.175012569422776],[80.209425336565758,13.175032173183821],[80.209306165098539,13.174840763118219],[80.209039325114944,13.174892445408926],[80.208811824771345,13.174706233777243],[80.208647201311507,13.17468026241802],[80.208446578745551,13.174572125393352],[80.208082024094139,13.17450752579275],[80.206216289898052,13.17436758791168],[80.205439304827664,13.174884496163648],[80.205087457092546,13.175197468816393],[80.203669419567163,13.175433228159136],[80.202760364583852,13.175939370286173],[80.202468577871002,13.175944994104084],[80.201909055823535,13.176393502087533],[80.201650552896012,13.17658459538346],[80.20132312014654,13.176605054805753],[80.201177100099329,13.176862588862498],[80.201255397803678,13.177147086117085],[80.201347393748406,13.177461441343963],[80.201466387234134,13.177808277373652],[80.201386472435686,13.178016601165851],[80.201525462178083,13.17811181460462],[80.201499587210762,13.178507488203202],[80.201365161213602,13.178672859149714],[80.201326618544542,13.178760980750784],[80.2011681132836,13.178768508946868],[80.200744922541901,13.179001146901468],[80.200373371438971,13.179375562282202],[80.200131970391794,13.179272818873123],[80.200131891010329,13.179036209273558],[80.200003056166963,13.178951774749304],[80.200001063266043,13.178523124980501],[80.199924926875369,13.178430026404364],[80.199990565435755,13.178327094105708],[80.199959343215227,13.178229518903185],[80.199961516821915,13.178054394213017],[80.199924665096958,13.177878692072808],[80.199973763905859,13.177748345881362],[80.200012295965564,13.177374136561454],[80.199911981915832,13.177236874772884],[80.19998676999117,13.177140186322426],[80.199846437429116,13.177069262320925],[80.19986326762961,13.176924852217192],[80.199676322091847,13.176828183574013],[80.199667611959242,13.176469701567719],[80.199391346356762,13.176428105186103],[80.19940415842585,13.176293862735003],[80.199209097646701,13.176008904677229],[80.199007260263585,13.175977756591315],[80.198690681365562,13.175741572592843],[80.198680112718478,13.17506760205087],[80.198897202438303,13.174849518353913],[80.198923224073738,13.174560743125816],[80.19857067942317,13.174302373003972],[80.198168996210498,13.17421483825756],[80.198148680375439,13.174143476577111],[80.197990242764959,13.174096571567397],[80.197716433647514,13.17384931110888],[80.197561407017048,13.174047041379037],[80.197297102758512,13.173987138130256],[80.197140882172874,13.173951731667122],[80.196949412692405,13.174118138825913],[80.196756997553749,13.174090877596452],[80.196456427321181,13.174242676589081],[80.196310613457229,13.17428241781059],[80.196187171087573,13.174442867349121],[80.196021324604502,13.174516568982941],[80.195989038373526,13.174720417155493],[80.195824365162977,13.174837135932851],[80.195539617090574,13.17481835844784],[80.195391840257443,13.174932348664298],[80.195266801010675,13.17488905856303],[80.194857578016013,13.17499510682215],[80.194689888106282,13.175123280348574],[80.194680199800175,13.17545224173532],[80.194446354563453,13.1754980111886],[80.194236547698679,13.175609075252593],[80.194103886249636,13.175605378129621],[80.19405625956793,13.175674767970747],[80.19396837429737,13.175725239751699],[80.193876930124759,13.175686594413449],[80.193545100152875,13.175473339731738],[80.193343300798006,13.175084180572341],[80.19324775011863,13.17482911329785],[80.193297772996786,13.174626227361195],[80.193206723963996,13.17454936161352],[80.193199275792907,13.17436848528757],[80.193331046543804,13.173973071966691],[80.193284343020025,13.173901211983013],[80.193524738896627,13.172889617655732],[80.193390970044902,13.172726350007704],[80.193344088126523,13.172491481418675],[80.193103578991881,13.172549909048136],[80.193015491248786,13.172785022258683],[80.192793897626061,13.172988991415338],[80.192956429852373,13.173618466584829],[80.192872949232253,13.173659097239877],[80.192715012945271,13.173838370885294],[80.192665422426899,13.174026935875743],[80.192755655598361,13.174133026802945],[80.192670181426024,13.174280438205402],[80.192709727650012,13.174460574654821],[80.192679270969407,13.174765291842688],[80.192405426101757,13.174920787624407],[80.192262379083914,13.174907751973665],[80.192156321374341,13.174687365390128],[80.192162179230834,13.174336681971768],[80.191913441646363,13.174264139340888],[80.191929402270333,13.173979399650072],[80.19167703702567,13.173769058550862],[80.191714739377048,13.172895039378929],[80.191485520650616,13.172516054090922],[80.191490351576135,13.172296876577287],[80.191201791442936,13.171967853415127],[80.191135805448951,13.17093158624871],[80.190583283271096,13.169475098668153],[80.190721737960743,13.16935734294128],[80.190337236707052,13.16810829242799],[80.190022278432025,13.167083402406965],[80.19143773642584,13.166594386368264],[80.191385099703894,13.165944355591314],[80.191383631062507,13.165937237789855],[80.191387009830819,13.165936432864543],[80.191320759583647,13.165697124910528],[80.192510776072936,13.165255667031067],[80.192702714181735,13.165351636325974],[80.193508854564385,13.165217279432792],[80.193566436449416,13.165006148205386],[80.193720310022641,13.164881864755133],[80.193796443736474,13.164820371930888],[80.193846935550283,13.164779591066516],[80.194032478822947,13.164629728168229],[80.194065475429767,13.164603077998159],[80.193932778108064,13.16434127212248],[80.193780281583926,13.164040402229196],[80.193625477914864,13.163734978797704],[80.193530044350609,13.163546689267433],[80.193384349318748,13.163259236862107],[80.193355302575142,13.163201929125888],[80.19335006896695,13.163044901925893],[80.193336109760907,13.162626115390101],[80.193063741109853,13.162451943662935],[80.192851652544221,13.162316318274785],[80.192720850765113,13.162232673707951],[80.192576929800822,13.1621075275831],[80.192260183857314,13.16183210022489],[80.191958298409702,13.161569592980133],[80.191849859128055,13.161475299332908],[80.191796243075331,13.161428676556973],[80.191810761886103,13.160951362633885],[80.191818097883313,13.160710156119869],[80.191823975697957,13.1605169108184],[80.19182591770803,13.160453069213869],[80.1918266590787,13.160428715669456],[80.191831333221273,13.16027503255712],[80.191847056998299,13.160170975741218],[80.191867871749693,13.160033224426464],[80.191879403316563,13.159956909100927],[80.191893784984487,13.159861733424298],[80.191898013000113,13.159833752432588],[80.191928844551839,13.159629712879136],[80.192413054947522,13.159686119802737],[80.192515192252714,13.159705347384151],[80.192516657405221,13.159705361033081],[80.192414520129489,13.159686124410541],[80.19193030973625,13.159629716585517],[80.191955672094323,13.159461868580815],[80.19196178159288,13.15942144205226],[80.191964584555436,13.159402887164784],[80.191967176238435,13.1593857367072],[80.191978864285602,13.159308386577065],[80.19202245978461,13.159019876218538],[80.191967573275051,13.157778747950386],[80.191988992120983,13.157319606966899],[80.192099410072203,13.155476505652706],[80.1924497983169,13.155192702201735],[80.192519227664079,13.154700300691742],[80.192519265439742,13.154700034981611],[80.192407541972059,13.15471943286656],[80.192151732590617,13.15437207088938],[80.191099665066915,13.152933327221024],[80.191059491212116,13.152888908586123],[80.191057075418485,13.152885627849287],[80.190750855310242,13.152548239955669],[80.190237791813985,13.151982953370407],[80.18996860003142,13.151691741147488],[80.189797228449478,13.151497541848661],[80.189475545305726,13.151143113393982],[80.188285181543762,13.150108538941808],[80.18814333563202,13.150108705679894],[80.187843404604649,13.150109874596851],[80.18730109059652,13.150312320045497],[80.187298983056735,13.150311835069266],[80.1872929166977,13.150314092606076],[80.186695278811456,13.150180623818059],[80.186687747427285,13.150171088018247],[80.186687076262203,13.150170933087724],[80.186324674377346,13.149717766883585],[80.186343448566689,13.149302018844667],[80.186350348975751,13.149149189238361],[80.1858861086681,13.148873115325605],[80.185592256660243,13.148681338338845],[80.185052278421693,13.148360438836411],[80.184479467781188,13.148036607625967],[80.183489767649604,13.147448040413583],[80.183277665554172,13.147305807417613],[80.18314374860887,13.147226220110817],[80.18218770042381,13.147707794063786],[80.180781617211366,13.148428162937963],[80.179843903839711,13.149042152241337],[80.178468335332653,13.150722383739378],[80.178000286267874,13.150369999231799],[80.177736758178852,13.149211621242655],[80.178092663989887,13.14754168994765],[80.177455794617941,13.147799657726022],[80.176949071298765,13.148004909411293],[80.175498897568488,13.148592298097858],[80.17474781756961,13.14748467964824],[80.175044263453898,13.145909316564882],[80.175847781788988,13.145177534150747],[80.176413578922663,13.144303882428945],[80.176654626033539,13.143931676884304],[80.176851872297931,13.143160496347463],[80.176724931620527,13.14365628165012],[80.17720386365481,13.141780239588005],[80.177239842898501,13.141536340686624],[80.177413786644962,13.140299811214161],[80.177474799160976,13.1398660869383],[80.177471071282696,13.139832194567843],[80.177422803975176,13.139393419903509],[80.177305105624342,13.138933038412683],[80.177105840614104,13.138662737086054],[80.176591613674333,13.138661190640841],[80.175515114746105,13.138780189053985],[80.174670732616164,13.139266885566444],[80.174348453567845,13.139555200421309],[80.174030015541661,13.139842103986156],[80.17400279614894,13.139852099939914],[80.173897981125535,13.139890584087491],[80.173767932759603,13.139976643575967],[80.172769534340247,13.140637334632164],[80.171263365766009,13.141685667713007],[80.17039574500177,13.142406042564984],[80.170203959874527,13.142560305417874],[80.169548871424809,13.142403503878324],[80.169530198125486,13.142382898876249],[80.169324434193044,13.142146058884043],[80.169316626020745,13.142147223552914],[80.169305615094984,13.14213507292453],[80.169106675882816,13.142177690399361],[80.168422748201039,13.141464362182646],[80.168187946835658,13.141220855002029],[80.168188958201071,13.141220521016223],[80.168201645995964,13.141216328709788],[80.168292701249683,13.141186243849145],[80.16842684341978,13.141141923716374],[80.168494392462577,13.141119605581238],[80.168527421157862,13.141108692291263],[80.168632825728977,13.141095786934843],[80.168698037814991,13.141087446981466],[80.168812338252138,13.141072827963415],[80.168843005550485,13.141068905320228],[80.168894581632273,13.141045778649532],[80.168904508958505,13.141041326927994],[80.168960085214167,13.141014689598896],[80.169056086417498,13.140968677107582],[80.169140728758506,13.140928108086248],[80.169249910092262,13.140875778131692],[80.16931609032396,13.140862102889367],[80.16940500320932,13.140813048317113],[80.169426865863514,13.140800985797492],[80.169672726053534,13.140665339650088],[80.169849663338354,13.140581146228369],[80.169888654172766,13.140572288208453],[80.169950233292496,13.140540506280612],[80.169950172913801,13.140540079314539],[80.169965355894149,13.140532701421204],[80.17019044283127,13.140423310068879],[80.170427741550284,13.140307984915014],[80.17045172285971,13.140296329687493],[80.17047467676268,13.140283742554187],[80.170564267567258,13.140234617406875],[80.170715173126368,13.140151871059897],[80.170748957856759,13.140133345839518],[80.170760849799123,13.140126825292626],[80.170843577628759,13.140081462792143],[80.170896585759721,13.140052396257435],[80.170946805187995,13.140027913032473],[80.171202979672799,13.139896557247241],[80.171229519941349,13.13988442103043],[80.171263301650157,13.139868974449177],[80.171389376111023,13.139814854355246],[80.171554151664836,13.13974412076044],[80.17157453240651,13.139735371599983],[80.171728425939506,13.13966930997425],[80.17184469188625,13.139619400449556],[80.171913614361657,13.139589814406612],[80.171962606983286,13.139568782784229],[80.172188226826407,13.139471930414407],[80.172236701085936,13.139451121304184],[80.172363184436975,13.139396825708632],[80.172606720064309,13.139335398392225],[80.172613102384346,13.139333788695691],[80.172719518703076,13.139306946975889],[80.172848406076838,13.139274437773382],[80.172876640612756,13.139263243554391],[80.172965870861532,13.139225671740016],[80.173122623565476,13.139159669971379],[80.173214538566867,13.139120967435552],[80.173251260395872,13.139105505618931],[80.173399486385946,13.139043093872663],[80.173464790541061,13.139015596166166],[80.17346630109958,13.139014959959532],[80.173505108831861,13.138996751589648],[80.173531969681264,13.138984147789067],[80.173822999764042,13.138847593737047],[80.173827358443305,13.138845548928142],[80.173985563934011,13.138776740185266],[80.174109711447841,13.138722745412814],[80.17413016263049,13.138713849788756],[80.174178364950265,13.13869288571026],[80.174402037996799,13.138595603699434],[80.174641633854336,13.138491395048312],[80.174740069019947,13.138419892129349],[80.174931879444088,13.138280562595416],[80.174989587799217,13.138238642894102],[80.174998559553956,13.138232126333905],[80.175042087422156,13.138200255367206],[80.175132467946426,13.13813407827319],[80.175600548114545,13.13779135058512],[80.175638356580365,13.137765609582239],[80.175717066542148,13.137712025312425],[80.175842263976548,13.137626788250753],[80.176031198710717,13.137498158588667],[80.176158002100721,13.137411828832876],[80.176167811114013,13.137405151253745],[80.17628660514292,13.137158994112271],[80.176294949414185,13.137141703118907],[80.176305210451517,13.137135309988858],[80.176847108022372,13.136797633652412],[80.176923587174358,13.136749976861855],[80.176939984248776,13.136745523813646],[80.17755586918517,13.136578248021964],[80.17765762012246,13.136550611645252],[80.177708698235236,13.13653855135923],[80.178253303429869,13.136409957263149],[80.178452327836823,13.136276973561207],[80.180758709952215,13.135618163369392],[80.181512293846737,13.135402900224813],[80.181593282419882,13.135384422414866],[80.182009974123346,13.135344978369202],[80.182432475433657,13.135204528170908],[80.183343381445823,13.136160490806686],[80.183752744762671,13.136581431554301],[80.185174659233965,13.138043541583519],[80.187515660907493,13.139086227431131],[80.188142652186954,13.138927661344114],[80.188138196234405,13.138422906846191],[80.188413202541867,13.13808328410215],[80.188837221240846,13.137790882572576],[80.189168709106923,13.137505273746203],[80.189110915386962,13.136771186430591],[80.189094244755154,13.136488292686108],[80.188551215918295,13.135714874000715],[80.188654927286407,13.135220464383837],[80.189375400908162,13.135162007406914],[80.18938662953974,13.135075406018906],[80.190248586017447,13.135235704986295],[80.190593110424487,13.135203236930627],[80.190893854241025,13.135174894824107],[80.191183498002601,13.135191514928415],[80.191487099198568,13.135003248672779],[80.191583641687458,13.134701382027218],[80.191957434223809,13.134185837708747],[80.192680118152794,13.133486539704517],[80.192852718248062,13.132978360797473],[80.193322568884184,13.131594989057515],[80.193562228432128,13.131261431799816],[80.193881949071553,13.129999726627831],[80.193882574309058,13.129997259265927],[80.194547080599193,13.13002356757813],[80.194605828874813,13.130025894364591],[80.194514292683309,13.128847539225839],[80.194486882171574,13.128384782588689],[80.194727343004004,13.128279547766855],[80.194731735073603,13.128277625655336],[80.19547309584074,13.128306427724167],[80.195512140663823,13.128307944929247],[80.19551409643978,13.128307671650422],[80.195521903927244,13.128307975447727],[80.196249698458473,13.128206378714609],[80.196692384917014,13.128051865305034],[80.196739349887821,13.128035472582463],[80.197010523347743,13.128422380319391],[80.19750895088147,13.128385656393348],[80.197802611754923,13.128359346051729],[80.197948975690949,13.128346232248798],[80.197976971202337,13.128349155009719],[80.198007557161233,13.128346414805778],[80.198543718964672,13.128402388436669],[80.198890506655957,13.12849542173092],[80.198954893205737,13.128889825095996],[80.198972392454806,13.128889182438844],[80.199820779580648,13.128857964551562],[80.199821597644714,13.128858324247433],[80.199830542876143,13.12885799490785],[80.200155351820527,13.129000668397303],[80.200351542189253,13.128986182739466],[80.200479674771188,13.128965411201339],[80.200684546934781,13.128932198594109],[80.201494922851595,13.128752571042458],[80.201581382893053,13.12873340567443],[80.201583366659378,13.128761028303233],[80.201588786457464,13.128836503745163],[80.201647855944472,13.128837027870897],[80.201735267453103,13.128825200139977],[80.201943628889154,13.128797007418024],[80.202023257949094,13.12878224579182],[80.202023699252692,13.128782145891606],[80.202025512082756,13.128781285304767],[80.202026891315967,13.128779851929508],[80.202032643051098,13.12877111365043],[80.202041478077604,13.128761768278091],[80.202051837412668,13.128754060587033],[80.202063401096893,13.128748224672778],[80.202075816122871,13.128744443894108],[80.202244139098312,13.128700660722625],[80.202251373369904,13.12869735394338],[80.202325180347529,13.128705116374555],[80.202328894571465,13.128704538358983],[80.20234572117819,13.12870020702989],[80.202479433912075,13.128664315739591],[80.202523917213426,13.128655866551878],[80.202621714379774,13.128637288414151],[80.202666190874169,13.128631519180539],[80.202755095859487,13.128619988678857],[80.202816004368671,13.128612090334519],[80.202878126546125,13.128604032981592],[80.203055238651942,13.128575651228671],[80.203257043742951,13.128540704568026],[80.203558855805696,13.128497063388343],[80.203779399187866,13.128458836955154],[80.20404279877954,13.128413746300518],[80.204089079565975,13.128404875621019],[80.204089444195162,13.128404807126493],[80.204211195616764,13.128379246199414],[80.204243179396855,13.128369859299623],[80.204278856754243,13.12835656056127],[80.204272913011337,13.128349884677567],[80.20432998734384,13.128340537365409],[80.205015445813189,13.128228271806817],[80.205056328680044,13.128223131214776],[80.205311426396051,13.128191058257379],[80.205355664406056,13.128189989572425],[80.205399972830435,13.128191123690023],[80.205444170877939,13.128194451914373],[80.205552261941463,13.12820446036689],[80.205646613577997,13.128215284439445],[80.205740679627311,13.128228283063889],[80.205834406604524,13.128243449746307],[80.20592774472658,13.128260774387599],[80.205937789133145,13.1282660550724],[80.205946819327934,13.128272873357773],[80.205954588649945,13.128281047645935],[80.205960893002924,13.128290356686328],[80.205965557904847,13.128300550385868],[80.205968460620326,13.128311352589744],[80.205969522725098,13.128322478237964],[80.205974025553161,13.12840611200062],[80.205975329791613,13.128430318326185],[80.2059996286401,13.128428402278777],[80.206000002439723,13.128431797739946],[80.206002090015858,13.128439317047949],[80.20600540043074,13.128446120397822],[80.20600989299956,13.12845223659791],[80.206015427200199,13.128457469910806],[80.206021824593293,13.128461653416043],[80.206028879889686,13.128464649948391],[80.206036366439491,13.128466366581788],[80.206044184764451,13.128466754183341],[80.206129543458815,13.128456897867308],[80.206266070294191,13.128441132258546],[80.206425348351743,13.128422740452518],[80.206439813009936,13.128419312985486],[80.206453366423275,13.128413224405755],[80.206507006710808,13.128414304827764],[80.20650907107121,13.128421301442307],[80.206524908389355,13.128435438368335],[80.206535129777279,13.128440772019179],[80.206557507646295,13.128453297055284],[80.206566103328797,13.128458107595256],[80.206595891874883,13.1284796078049],[80.206622784781203,13.128499016748123],[80.206677795849629,13.128541831282115],[80.206732766953593,13.128587906171209],[80.206749951010877,13.128607285176145],[80.206764331192588,13.128628174567806],[80.206776008844798,13.128650616251512],[80.206782855093962,13.128669027560514],[80.206785940252374,13.128677323920011],[80.206792213016939,13.128681539573545],[80.206797274328011,13.128683210734787],[80.206889535059759,13.128667783964966],[80.207054957628259,13.128659980627493],[80.207234025262537,13.128648000290454],[80.207367250278139,13.128668508855718],[80.207384847667939,13.12867178375838],[80.207395803706532,13.128677609707079],[80.207408463952419,13.128689401288616],[80.207409294744039,13.128689823388864],[80.207420233992849,13.128693405098748],[80.20756487387375,13.128695769181787],[80.207572215329648,13.128694117236956],[80.207603553142917,13.128687068859973],[80.207962048989913,13.128672660212782],[80.207963849800308,13.128672665754888],[80.207993432170298,13.128672756794669],[80.208472203810928,13.128611542610201],[80.208514380008808,13.128606149561787],[80.209035627824221,13.128844489389758],[80.209239991569362,13.128937933798003],[80.209256906234302,13.128947003206731],[80.209351278777774,13.128997604720894],[80.209664744744074,13.129165679948004],[80.209753594181876,13.129209620409386],[80.210107266578149,13.129412677631645],[80.210452237303372,13.129588222279123],[80.210477693964236,13.12960338038064],[80.210581260974465,13.129665047064474],[80.210617825088576,13.129703373707079],[80.210614425571833,13.129709981914413],[80.210613303790566,13.129710543589081],[80.210606887258066,13.129713761793351],[80.210744303801334,13.12970470018969],[80.210843955120268,13.129697734341439],[80.210891067933105,13.129691524199153],[80.210990318083915,13.129678441154702],[80.211205342389277,13.12963230693693],[80.211205542961423,13.129633056217129],[80.211312667796051,13.129605594415759],[80.211313044560157,13.129605481643091],[80.211313461968416,13.129605352719663],[80.211313595006089,13.12960529345116],[80.211314920798955,13.129604691710229],[80.211314964251144,13.129604662909468],[80.211316121811507,13.129603874390769],[80.211316241085939,13.129603791571274],[80.211316272553617,13.129603760021231],[80.211317382147726,13.129602680207867],[80.211318307895226,13.129601391868421],[80.211318371038317,13.129601263667626],[80.211318992370082,13.129599966257574],[80.211319006361251,13.129599918378631],[80.211319376877555,13.129598583128313],[80.211319413295513,13.129598445803756],[80.211319417112648,13.129598406031302],[80.211319559459554,13.129596874777665],[80.211319349779302,13.129594931945046],[80.211306439412098,13.129536545301306],[80.211304090550883,13.129440265877509],[80.211339138414488,13.129439445593738],[80.211341406370735,13.129532460661084],[80.21136921882804,13.129658231267697],[80.211415016226809,13.129774004252939],[80.211424222296429,13.129791116140744],[80.21142541267217,13.129793344084302],[80.211450639565641,13.129848743060533],[80.211468870779555,13.129906717418747],[80.211473010547536,13.129924862635793],[80.211478185337242,13.129949688432706],[80.211486147881658,13.129987888438684],[80.211480592572997,13.130121100406326],[80.211496843722102,13.130221673001834],[80.211544260867399,13.130366500595887],[80.211579320550101,13.130430275319524],[80.211605723553433,13.130471579829697],[80.211639669310529,13.130511478833386],[80.211678949656772,13.130546360576234],[80.21168259600077,13.130549135841338],[80.211698046949223,13.130560750417599],[80.211818287567439,13.130614504555229],[80.211847725838979,13.130626595070593],[80.211906702614669,13.130644805158699],[80.211912556442542,13.130646201065387],[80.211954114783467,13.130655869304032],[80.212051186908383,13.130678448407131],[80.212342382271899,13.130734866844836],[80.212607630917901,13.130841307385371],[80.212657422039811,13.130880016017104],[80.21274867067315,13.130757324168624],[80.212895486622529,13.130624923126998],[80.212896785620856,13.13062375527595],[80.212948673958678,13.130582138806965],[80.212964385664407,13.130572146786008],[80.213004920308649,13.130546367651755],[80.213055206709484,13.130521083084719],[80.21317447643149,13.130467816036079],[80.213267116299505,13.130426440740349],[80.21371167588255,13.130259834367285],[80.213946513551065,13.130273373175909],[80.214102597291841,13.130282371861624],[80.214151623431277,13.130285198879399],[80.21419639022605,13.130314974797741],[80.214239637307074,13.130352379204945],[80.214267559324682,13.130382647995086],[80.214364490877315,13.130498265619583],[80.214378772381508,13.130516192209036],[80.21440975694172,13.130562843332306],[80.214487838428951,13.130697736668738],[80.214493994751351,13.130704978098183],[80.214504336385986,13.130716688131336],[80.214544828632313,13.130755308350558],[80.214590211776041,13.130788295947513],[80.214608672442878,13.130799282092276],[80.214611112839606,13.130800376372214],[80.214673150963961,13.130828168702644],[80.21467892721887,13.13083075783603],[80.214765141948661,13.130850755703792],[80.214936587587175,13.130872292110425],[80.215086388431914,13.130870173073902],[80.215168636034193,13.130869008893997],[80.215410340434318,13.13085368945198],[80.21570212501419,13.130838471793743],[80.215967378434613,13.130835765565706],[80.21607903832377,13.130853512247732],[80.21610204196179,13.13085716832933],[80.2161705590499,13.130854253991913],[80.216357059787953,13.130831984096199],[80.216526555684382,13.130801012843207],[80.21683164187165,13.130740042785975],[80.216913617387405,13.130723125387668],[80.216979267427249,13.1307026373838],[80.217056210986001,13.130673281106441],[80.217074471233474,13.130666314754304],[80.217119525941484,13.130645818300501],[80.217344256161923,13.130526089611065],[80.21747713590635,13.130471578872278],[80.217530271381676,13.130448720767786],[80.217656228016963,13.130394536992009],[80.217674857213368,13.130386709122913],[80.217810075697344,13.130342928061662],[80.217955125153452,13.130236397324097],[80.218143330750195,13.130098171159005],[80.218586050260114,13.129968865441425],[80.219100689961934,13.129977838374922],[80.22038136862875,13.130010213321574],[80.221106234102294,13.130028535427705],[80.221651609610078,13.129970377207735],[80.221693077806407,13.129971283848743],[80.221832602164085,13.129974335176669],[80.222170457892105,13.129907126631078],[80.222643948609274,13.129870432310241],[80.222712482204926,13.129865121068805],[80.222717461954247,13.129877814627084],[80.222722986069698,13.129872594258568],[80.222792710360721,13.129873550803188],[80.222816202705403,13.129872018628962],[80.223128641905305,13.129851646718144],[80.223277586982277,13.129841934157639],[80.223488414091136,13.129761669124832],[80.22389678583086,13.129540008824018],[80.224208725998366,13.129438928073892],[80.224294842917033,13.129479073200201],[80.224624762274573,13.129373706023705],[80.224703875040319,13.129326819909775],[80.224724460224195,13.128787292403613],[80.22472688576245,13.128723709075665],[80.224726904084861,13.128723455958243],[80.224737107394375,13.128597313593636],[80.224749150704895,13.128471326864696],[80.224763404769604,13.128320818884935],[80.224784984790077,13.128092948037388],[80.224790100892221,13.128038939117637],[80.224793708570417,13.128000831225542],[80.224803095817776,13.127845406069016],[80.224820826106296,13.127649545430916],[80.224829673361796,13.127535100965172],[80.224838463648922,13.127414988875298],[80.224850097435535,13.127295106873285],[80.224864566207771,13.127175520938623],[80.224894201411146,13.126845039012784],[80.224915820994184,13.12665829884887],[80.224920768009085,13.126604642945958],[80.224923363014852,13.126550828056642],[80.224923447550282,13.12653121827868],[80.224922653430312,13.126482890647655],[80.224922372914875,13.126465840431196],[80.224921476384651,13.126443119100081],[80.224931437733218,13.126257229925706],[80.224931466340522,13.126256638672778],[80.224945914421752,13.12625633496882],[80.225263183568273,13.126249671396495],[80.225299977790257,13.126246378773166],[80.225530682548822,13.126186895668294],[80.225793624969739,13.12611910036305],[80.225828462727833,13.126110118050251],[80.225914269602725,13.126111119350643],[80.226117131428595,13.126112995192029],[80.226218419620977,13.126113404577751],[80.226264978263146,13.126113591550109],[80.226292951455136,13.126113704567082],[80.226494841599731,13.126118022115952],[80.226586055545297,13.126119321547646],[80.226589918775545,13.126119156838506],[80.226687238571358,13.126115014185725],[80.226677661978158,13.126106628904784],[80.226669629182808,13.126096354890832],[80.226663358274436,13.126084959551099],[80.226659012551707,13.126072735429169],[80.226657867141455,13.126066414422812],[80.226656701760589,13.126059989374765],[80.226657472645755,13.125813509899778],[80.226666758308355,13.125798398063795],[80.226674099703288,13.125793166783806],[80.226682587774306,13.125790016773706],[80.226691620318789,13.125789172271393],[80.226699580441576,13.125790527150341],[80.226701424399067,13.125791186418152],[80.226790046707848,13.125841781579227],[80.226848009361575,13.125875170143418],[80.227076741094876,13.126006922810097],[80.227147974800829,13.126047953577174],[80.227187963594801,13.126070987586308],[80.227217046270894,13.126087740904195],[80.227337601165615,13.126157181912502],[80.227657957812426,13.126352909200287],[80.22766719618069,13.126359128804284],[80.227711686735248,13.126389080629021],[80.227779704224972,13.126269259068913],[80.227777116084184,13.126262293572209],[80.227775859978806,13.126258913563175],[80.227773802206471,13.126255819585271],[80.227769726150527,13.126249689615982],[80.227761624141635,13.12624206469888],[80.227751096945155,13.126237626100185],[80.227741519842439,13.126231457925961],[80.227733192994734,13.126223749148123],[80.227726375801922,13.12621474286761],[80.22772528762799,13.126206923795639],[80.227726321378526,13.126199085772654],[80.22772940522313,13.126191778329854],[80.227734324450594,13.12618551440217],[80.227740731735352,13.126180732383169],[80.227748178594354,13.126177767285416],[80.227752461167853,13.126177441062955],[80.227836744157273,13.126171024612866],[80.227842306611748,13.126170600959147],[80.227851474983936,13.126170283061967],[80.228124222256554,13.126160836737876],[80.228137250597385,13.126161103660955],[80.228401897580412,13.126166533783652],[80.228526525662815,13.126170421016916],[80.228562403856543,13.126174490701271],[80.228563681725674,13.126172968260217],[80.228564410886023,13.12617256175211],[80.228565432077275,13.126171993365233],[80.228567422019012,13.126171697329927],[80.22858463236436,13.126172233553323],[80.228734684386723,13.126176914803677],[80.228962671115951,13.126190929183942],[80.229031239566794,13.126196583209412],[80.229031503334781,13.126196609316738],[80.229071153598753,13.126199872841909],[80.22907288592009,13.126198466591251],[80.229107220671025,13.126170589293782],[80.229125013015917,13.126172055826189],[80.229280320423044,13.126184860360485],[80.229532283888659,13.126209666093475],[80.230798281695414,13.126293572603593],[80.230839822064354,13.126296325214398],[80.231035196565472,13.126309273739292],[80.231328916939049,13.126328739357929],[80.231511006706512,13.126326273919309],[80.231515045801785,13.126326517450728],[80.231561903561627,13.126329339168073],[80.231713490625594,13.12634036164012],[80.231852896055315,13.126343754287703],[80.231906047902243,13.126346437396714],[80.231997676108477,13.126351062665481],[80.232085432979957,13.126355491897685],[80.232232154995259,13.126361621449464],[80.232614593106788,13.126453810166231],[80.232654722764394,13.126466137265718],[80.233154080131413,13.126356603596042],[80.233154740078177,13.126283621174744],[80.23315512916416,13.126283695573255],[80.233163926423217,13.126213257370425],[80.233158640439882,13.126093004278008],[80.233142691334578,13.125940419951238],[80.23312673559478,13.125790276915344],[80.233116058411582,13.125702692410421],[80.233110901562384,13.125660388091346],[80.233091307282109,13.125523344963998],[80.233071256098071,13.125408099585195],[80.23306975895909,13.125398828083652],[80.233053428827787,13.125273042798755],[80.233032778106192,13.125165502944355],[80.233025284435215,13.125126480199144],[80.233004557089799,13.125027589593889],[80.232983319061276,13.124909834257798],[80.232981339197252,13.124898855111246],[80.2329544236065,13.124772550017106],[80.232928939161297,13.124645270851346],[80.232907980381896,13.124487772677861],[80.232896999206559,13.124369743184957],[80.232885906993118,13.124257771432083],[80.232884682568226,13.124227206167262],[80.232880940820337,13.124133792207733],[80.232878888039025,13.124102009243217],[80.232784334080918,13.124104004226519],[80.232594598539507,13.124106603382275],[80.23253011073966,13.124105176020686],[80.232528201172727,13.124104550053838],[80.23252565309356,13.124101582140334],[80.232525777677864,13.124097704441807],[80.232543073412117,13.124057308880976],[80.232642455642292,13.123858585717475],[80.232779737771267,13.123551548620545],[80.232879261667406,13.123310589241306],[80.232888184867278,13.12328726422049],[80.232895042795718,13.123261761181556],[80.232899220390067,13.123236074743383],[80.232910850295497,13.123164571697426],[80.232912861031636,13.123152208370316],[80.23291349491754,13.123144144884934],[80.23291405777654,13.123136970910785],[80.232917127149648,13.123115230671557],[80.232918017573922,13.123108928408218],[80.232924098114538,13.123081239432942],[80.232932261977666,13.123054071148387],[80.232939321209045,13.123043375721196],[80.232948189858817,13.123034064574169],[80.232958592101397,13.123026430747112],[80.232963585135465,13.123023969950461],[80.232970201560065,13.123020706548498],[80.232976005882492,13.123019016730023],[80.232982660637987,13.123017077175971],[80.23299557507552,13.123015650861896],[80.233018139318716,13.123011830065083],[80.233049110457173,13.123006587605603],[80.233154207288706,13.122991930885972],[80.233210347776648,13.122984101436383],[80.233274370710376,13.122975588371832],[80.233339038149936,13.122966889138773],[80.23349564097964,13.12294904014124],[80.233598465381249,13.122938905560146],[80.233641246973249,13.122937790548798],[80.23366871270116,13.122939611058383],[80.233697719551017,13.122943062789924],[80.233731397179525,13.122949206630569],[80.23376034120605,13.122956857226949],[80.233817142675903,13.122977466389292],[80.233827535392734,13.122981237046917],[80.233843237560038,13.122984037936806],[80.233875076360647,13.122983402094848],[80.233901496242936,13.122977976000872],[80.233985216544639,13.122962531978462],[80.234085038809525,13.122944117642863],[80.234193191816502,13.122931589007711],[80.234251340016996,13.122924853945372],[80.234313356885522,13.122917671046341],[80.23440325306693,13.122911024939127],[80.234450990629881,13.122907495874843],[80.234476933059653,13.122907888573513],[80.234617263786078,13.122915766256282],[80.234727831974425,13.122921722606604],[80.234968533381277,13.122933702343929],[80.235008834765068,13.122935708233697],[80.23502293313966,13.122935070172034],[80.235050563644023,13.122929555328083],[80.23508379554282,13.122923230692708],[80.235143012335868,13.122923257425176],[80.235238838212496,13.122923298852884],[80.235314815081793,13.12292084088304],[80.235381745546093,13.122918676108238],[80.235406440427624,13.122916176120047],[80.235497192254911,13.122906993203518],[80.23552620713275,13.122906067568127],[80.235558155966103,13.122905051179769],[80.235669552391258,13.122901533669648],[80.235761137141736,13.122898360573435],[80.235831942570769,13.122894903340471],[80.235831985940905,13.12289489985244],[80.235921192965421,13.122889746698133],[80.235993752645314,13.122884931107206],[80.236053599766066,13.122880701666945],[80.236092814556116,13.122876685870674],[80.236129457327237,13.122872065671727],[80.236129533013866,13.122872053237618],[80.236166023194656,13.122866656785186],[80.236187458179799,13.122862843207303],[80.236222737448017,13.122856127557052],[80.236222806685291,13.122856112391197],[80.236264508560339,13.122847042287585],[80.236264583341182,13.122847024425596],[80.236316980648695,13.122833629649328],[80.236341290892838,13.122826623752102],[80.236359250263135,13.122821447181561],[80.236364838137604,13.122818740332979],[80.236423653102648,13.122790247406078],[80.236434815919381,13.122784838188435],[80.236438758122958,13.122784476449002],[80.236440564550833,13.122785341691532],[80.236442483881731,13.122787885446646],[80.236443030904539,13.122789393450482],[80.236491231214998,13.122922244447569],[80.236498379092936,13.122931196335099],[80.236503197742849,13.122934410555169],[80.236511451178842,13.122937270571931],[80.236520268064865,13.122937512819078],[80.236523484078276,13.122936902080999],[80.236548985055521,13.122932673752221],[80.236575272441655,13.12292831393248],[80.236618541396567,13.122921139984973],[80.236669015383612,13.122912770351025],[80.23676300844285,13.122877756634507],[80.236802898773433,13.1228628978691],[80.236982917118993,13.122792475967286],[80.237028933557838,13.122771781589597],[80.237089914024679,13.122744360963836],[80.237190277858247,13.122699229983356],[80.237190309268897,13.122699215609371],[80.23727844932101,13.122660102837964],[80.23735095902947,13.122628387035402],[80.237378524756906,13.122616330828849],[80.237381537866568,13.122609716556003],[80.237362304880818,13.122551043610956],[80.237334815365585,13.122467181673834],[80.237307046188903,13.122382470774811],[80.237307986115667,13.122377429982777],[80.237327200030947,13.122372870099378],[80.237359814077223,13.122372709914151],[80.237371997878583,13.122373657426657],[80.237399839541638,13.122380709393756],[80.237435514990551,13.122396869868847],[80.237478719824139,13.122416443353591],[80.237481933964574,13.122421225191628],[80.237482461608536,13.122440391983108],[80.237485167108019,13.122493456104969],[80.237490952124617,13.122551879443863],[80.237499902113839,13.122608292193336],[80.237504601410237,13.12263286754977],[80.237508036375203,13.122664173575062],[80.237506183882459,13.122704283418727],[80.237538973617035,13.122720165886925],[80.237543968828945,13.122715786312206],[80.237576171395631,13.122713255903392],[80.237607431556512,13.122709987592804],[80.237659564547286,13.122702703181035],[80.237696696790636,13.122696102219006],[80.237744781460435,13.122685595021785],[80.237779221567564,13.122676951647845],[80.237825787690113,13.122663164960192],[80.237941070960218,13.122621531852001],[80.238014043785228,13.122595177272068],[80.238108668674769,13.122561004006268],[80.238182105361844,13.122534395767488],[80.238273344012327,13.122500977364798],[80.238352138322554,13.12247211721489],[80.238426493887204,13.122444884113113],[80.238528979824906,13.122407346838687],[80.238557032629515,13.122397071389933],[80.238590245018216,13.122387749746412],[80.238622641368949,13.122382190736902],[80.238683997074588,13.122372746146473],[80.238767323131597,13.122384546269995],[80.239383607829453,13.122562220128929],[80.240974504351442,13.122410626416439],[80.24243223465281,13.122271711029734],[80.242264627408645,13.122860269802876],[80.242168977663752,13.123185678124536],[80.2420964397581,13.123525350236791],[80.242083426420166,13.123590355855812],[80.242070203223264,13.123656406101182],[80.241986449202727,13.124074774903695],[80.241945719156661,13.124254046580035],[80.241884889568013,13.124521779405002],[80.241808665149037,13.124860265055718],[80.241753062003227,13.12512240722817],[80.241739619441162,13.125179904951239],[80.241687996402689,13.125401006720807],[80.241606715598152,13.12573384244485],[80.241548627049738,13.12596396883789],[80.24146993922831,13.126292862617902],[80.241388901405983,13.126665964382358],[80.241382879659511,13.126699416178967],[80.241379694543056,13.126733241628948],[80.241379365230031,13.126767205699242],[80.241376203396825,13.126922131361638],[80.241474128112301,13.126941054439417],[80.241474607556682,13.126941147175657],[80.241476270825871,13.126917723577105],[80.24147658100874,13.126914349145155],[80.241476741455443,13.126914073839641],[80.241510739167538,13.126949357014215],[80.241639516575475,13.126980729432855],[80.241679864895929,13.126987534804282],[80.241720575338761,13.126991777853902],[80.24176147821224,13.126993439093631],[80.241772842141444,13.126993175091066],[80.241773330188451,13.126993170199423],[80.241818775055847,13.126989033572203],[80.24196035589452,13.126958978426901],[80.241961537237501,13.126958824576759],[80.242183058382551,13.126929983060117],[80.242229722337697,13.126923907745455],[80.24226528997724,13.126919277204838],[80.242311005180355,13.126911212573598],[80.242443541961435,13.126887832400744],[80.242448793219197,13.126886905688666],[80.242508489106172,13.126873929008021],[80.242510499569136,13.126873858972594],[80.242512405454818,13.126874498419706],[80.242513948704854,13.126875763404286],[80.24251493056434,13.126877485161822],[80.242515217956424,13.126879437252784],[80.242514958912281,13.126880879580042],[80.24248282968675,13.126979142972058],[80.242471244189389,13.127015891383513],[80.242436557547663,13.127125914387547],[80.242434385960465,13.127132803359917],[80.242416225423995,13.127188808872612],[80.242442791834335,13.127197086273849],[80.242442942068422,13.127197132829798],[80.242629845624649,13.127172126800263],[80.242726561812788,13.127159186667654],[80.242727063889504,13.127159119426285],[80.242701629752517,13.12729019576075],[80.242698300106056,13.127342949153585],[80.242697953676839,13.127395810784744],[80.242700590998524,13.127448607051139],[80.242712990039095,13.12764502758993],[80.24273291111021,13.127643434245241],[80.242733285759712,13.127643404605035],[80.242720918327819,13.127447502261084],[80.242718315821079,13.127395386049102],[80.24272136322034,13.127353456806015],[80.242727368865687,13.127290270586846],[80.24275485384284,13.12716913101808],[80.242762922621054,13.127135362407596],[80.242777191109582,13.127075644559966],[80.242778472587275,13.127075930437737],[80.242904240314246,13.127103871015553],[80.24304870664244,13.127135967033324],[80.24323478537147,13.127196553430061],[80.243375761229245,13.127236966611063],[80.243377538942454,13.127237888687192],[80.243378861040625,13.127239371831159],[80.243379554676707,13.127241222037862],[80.243379531428829,13.127243090933575],[80.243379530188065,13.127243194911973],[80.243379507728676,13.127243298827979],[80.243397804310106,13.127235922870049],[80.243398386418761,13.127234423623115],[80.243399673415496,13.127232906556003],[80.243415679113482,13.127219859102029],[80.243423128560394,13.127210578676062],[80.243463970720072,13.127098839371024],[80.243478856233637,13.127058114930403],[80.243572057241167,13.126779264881652],[80.243661677089193,13.126464688686738],[80.24371044009348,13.126334234128885],[80.243711658153615,13.126332329863159],[80.243713298267025,13.126331184550166],[80.243715246369959,13.126330689351757],[80.243727350396526,13.126296264359084],[80.244650610751435,13.12367047468687],[80.244678037165599,13.123632078162373],[80.244677641828659,13.123631935948554],[80.244674380543302,13.123630758164243],[80.244672515453303,13.123627339367147],[80.244672631246857,13.123625371280648],[80.24468736545731,13.123566381613808],[80.244694472913679,13.123537927647405],[80.244712674034616,13.123481957300564],[80.244737864451693,13.123404499437163],[80.244765137622764,13.123340442382068],[80.244766951275039,13.123337141071625],[80.244777170308694,13.12332293273454],[80.244782833183464,13.123317695989511],[80.244790810934191,13.123312388274146],[80.244799801659099,13.123308281584459],[80.244863827234681,13.123288276058956],[80.244864150245917,13.123288236317718],[80.244875743090674,13.123284553185774],[80.244905707259321,13.123275190452276],[80.244900583577959,13.123259438864512],[80.244898456854898,13.123257711949332],[80.24485959890967,13.123216770086666],[80.245069142896767,13.123148001414332],[80.245174769551497,13.123113779107436],[80.245178689617362,13.123112509359848],[80.245196520132154,13.123105377827134],[80.245214972687322,13.123099978740674],[80.245233872761588,13.123096364936087],[80.245253039436619,13.123094569338038],[80.245253527456924,13.123094570768666],[80.245272289998766,13.12309460859054],[80.245272778941612,13.123094610023836],[80.245279552637058,13.123093876688115],[80.245286373755448,13.123095137235154],[80.245292681432375,13.123098378266377],[80.245297725713314,13.123103273882652],[80.245297372101277,13.123102458168878],[80.245298214656174,13.123103275315898],[80.245286107648312,13.123075320177586],[80.245195429871018,13.122794567586734],[80.245206180997812,13.122783133947186],[80.245398722851377,13.122578355355744],[80.245424363720204,13.122561187555702],[80.245425795656871,13.122560229691668],[80.245588043353976,13.122514364379345],[80.245628065955032,13.122509808779176],[80.245731889569257,13.122497990445293],[80.245849455579858,13.122501217394502],[80.245849943557701,13.122501232386711],[80.245807833219118,13.12225105643882],[80.245808985223846,13.122250834669329],[80.245810766669564,13.122249919419579],[80.245812099635231,13.122248440448464],[80.245812784118087,13.122246638589546],[80.245812801789526,13.122246591623316],[80.245738951182162,13.121871004334247],[80.245729984328094,13.121829792102012],[80.245729855237002,13.121829166022701],[80.24564753070814,13.121500980587204],[80.24564041077268,13.121486395900812],[80.245623145438302,13.121453750989961],[80.245604582343859,13.121425563561417],[80.245598734452699,13.121419795764451],[80.24558746784443,13.12140063456442],[80.245578557959888,13.121380682771136],[80.245571438855492,13.121362198303565],[80.245484623113768,13.120995512713426],[80.245395091927293,13.120565232709755],[80.24514578629217,13.120571429942],[80.245145834266651,13.120539987695922],[80.245143567844679,13.120539606716509],[80.245141864370197,13.120538554668146],[80.245140105558548,13.120535079221916],[80.245118964414914,13.120387075094609],[80.245114686145925,13.120272658703477],[80.245071850768923,13.119902168679927],[80.245068446889675,13.119887574077312],[80.245068363358669,13.11988713439492],[80.245068445023392,13.119885162590617],[80.245069240234244,13.11988335201597],[80.245070643103546,13.119881938354792],[80.245072470395343,13.119881110046128],[80.245299086006753,13.119824314652373],[80.245603174417766,13.119756396592514],[80.245654608246952,13.119743978983173],[80.24582182355249,13.119703608279199],[80.245882071097682,13.119692437094752],[80.245941931277557,13.119679416591973],[80.246001343171301,13.119664557443],[80.246040510666731,13.119653465554038],[80.246060250454292,13.119647875758631],[80.246065630363375,13.119644638223907],[80.246069768316815,13.119639963003575],[80.246072281996319,13.119634281182508],[80.246072937317464,13.119628120123975],[80.246071675348105,13.119622049296805],[80.246023675772861,13.119419369617349],[80.246021076096369,13.119406653578485],[80.246000031459488,13.119258914699694],[80.24598987286906,13.119220077008459],[80.245984486853388,13.119215332311507],[80.245977834737815,13.119212532442621],[80.245970616741275,13.119211973314519],[80.245949208628161,13.119215585271718],[80.24590979643213,13.119222235039752],[80.245877895219664,13.119228659047099],[80.245849322683355,13.119234412845197],[80.245789302566479,13.119248487152355],[80.245724561991594,13.119265849731008],[80.245720932784209,13.119266449431514],[80.245717252270595,13.11926632743601],[80.24571367171913,13.119265492325274],[80.245710329416809,13.119263974342697],[80.245707359858514,13.119261837175689],[80.245704882723643,13.119259162552144],[80.245702997313515,13.119256059266041],[80.245702030700429,13.119253574426182],[80.245618591982421,13.118980004358111],[80.24561820062948,13.118978860312291],[80.24561657394662,13.118975620346246],[80.245614320632896,13.118972760113913],[80.245611534426743,13.118970397434916],[80.245608323909607,13.118968623046547],[80.245604818013504,13.118967509661866],[80.245601156823341,13.118967102900864],[80.24559748421332,13.118967415843674],[80.2454037806164,13.119003334333357],[80.245335087413039,13.119015439109653],[80.244899201754393,13.119136076435034],[80.244897196549744,13.119136257723513],[80.244895259949402,13.1191357239969],[80.244893645422508,13.119134549237966],[80.244892565612787,13.119132884166151],[80.244892270564534,13.119131924857056],[80.244817014982999,13.11916591702486],[80.244750868051199,13.118843738313334],[80.244718448293781,13.118710889703166],[80.244657750844567,13.118462167270499],[80.244653497976842,13.11844525544042],[80.244653439625907,13.118445029221167],[80.244641226142505,13.118396440073878],[80.244590941211996,13.118196409995639],[80.244495178611615,13.117738716219003],[80.244495074692992,13.117738307219179],[80.244484282832488,13.117679761650932],[80.244426937341331,13.117343728420481],[80.244372366281468,13.116967423348145],[80.244338009959122,13.116783717226173],[80.244337895191862,13.116783235859067],[80.244337011298839,13.116781462857007],[80.244335538449889,13.116780119426938],[80.244333672612242,13.116779378844527],[80.244331659789509,13.116779342196851],[80.244250548454701,13.116710727377628],[80.244207117125924,13.116462490425254],[80.24420522058621,13.116455190739469],[80.244205614406212,13.116447670821691],[80.244208259639009,13.116440600564294],[80.244212920028559,13.116434614017086],[80.244219180650589,13.116430247052916],[80.244226477576348,13.116427890436581],[80.244234160705503,13.116427756554193],[80.244242483458805,13.116427215853239],[80.24425040830593,13.116424659443622],[80.244257432916029,13.116420244989424],[80.244263114543088,13.116414254203971],[80.244267091323664,13.116407066690728],[80.244269113711326,13.116399137430644],[80.244269051942183,13.116390968774141],[80.24426704798438,13.116366886056024],[80.244263699429098,13.116333298137807],[80.244255110450581,13.116213796553607],[80.244252863607528,13.11614207483443],[80.244249982326195,13.116050032238583],[80.244248089540662,13.115793507257104],[80.244247849539306,13.11579264937841],[80.244245653908379,13.115784810820683],[80.244198397970067,13.115662524799742],[80.244151616547185,13.115495741230786],[80.244141147290605,13.115461195673095],[80.24406754555379,13.11521836313335],[80.243989699446416,13.115006644044616],[80.243900600444917,13.114730081193491],[80.243888631810151,13.114692936193636],[80.243871813423468,13.114640733002782],[80.243780884441037,13.1142687534399],[80.243758570443404,13.114181316714026],[80.243747714248642,13.114138785986235],[80.243713152116143,13.114003354023611],[80.243676189348363,13.113826361934636],[80.243676152945753,13.113826199073094],[80.243670375445632,13.113798976765338],[80.243670261338707,13.113797978201744],[80.243625852289625,13.113585320973749],[80.243564839436786,13.113240051311642],[80.24355376702006,13.113163549425117],[80.24354626855542,13.113111745202378],[80.243610036078053,13.113085071568468],[80.243612039214327,13.113085249245868],[80.243815275792343,13.113066638964206],[80.244320249927554,13.113037359927375],[80.244357701005683,13.113035187587132],[80.244400621652503,13.113032699443393],[80.24476540937016,13.113015158001918],[80.244988332037565,13.113006243188339],[80.245328585235242,13.112995214284698],[80.245720782946194,13.112981714847164],[80.246032059011128,13.112974127433656],[80.246138204140948,13.112974147785682],[80.246364205573059,13.112974194105812],[80.246671089438209,13.112970299358944],[80.247008047231674,13.11295084959745],[80.247230381606983,13.112927275951611],[80.247276715448663,13.112920253727006],[80.247315302748675,13.112914230601957],[80.247353460456239,13.112905986421426],[80.247391054728652,13.112895547016194],[80.247394875910359,13.112894277840349],[80.247451573925602,13.112891553650591],[80.247453441349066,13.112891463260533],[80.247454329021195,13.112891389901042],[80.247481855558348,13.112886860722142],[80.247551066298513,13.112874465636052],[80.247647985379459,13.112860853021157],[80.247687196349531,13.112856323579733],[80.247689974062794,13.112856002564017],[80.247709294904567,13.112852995571107],[80.247826094882484,13.112834821412109],[80.247895465789227,13.112824961153644],[80.247922736451258,13.112821147301119],[80.24802765862465,13.112809831044464],[80.248033749146757,13.11280917429179],[80.248120225349751,13.112796805930904],[80.248305710785402,13.112770275598411],[80.248312282139466,13.112823317583249],[80.248313891584814,13.112823120643629],[80.24831590045163,13.11282323500766],[80.248317735619878,13.112824045093966],[80.248319153869133,13.112825445306457],[80.248319963880391,13.112827250631538],[80.248320054757087,13.112827702993441],[80.248332067552269,13.112906703069539],[80.248376832288812,13.113307334430463],[80.248376782454343,13.113308859659533],[80.248376080350695,13.113310707591188],[80.248374752980283,13.113312188404539],[80.248372971609243,13.113313103676653],[80.248332641212002,13.11332534634065],[80.24811842916526,13.113388105246861],[80.24808482002048,13.113397953289168],[80.247997534361431,13.113427696053453],[80.247911011732754,13.113459518850906],[80.247825305697788,13.113493401946309],[80.247818517927954,13.11349521221665],[80.247811497073656,13.113494795682165],[80.247804982857858,13.113492194287041],[80.247799662629177,13.113487684912934],[80.24779609767171,13.113481742995978],[80.247835570958046,13.113606456089732],[80.247844807585651,13.113784789991223],[80.247871288281189,13.114117158364243],[80.247888265722636,13.114341326718971],[80.247898254929609,13.114471771304665],[80.247925282844122,13.114857239108375],[80.247926372173495,13.114872772713007],[80.247959986728858,13.115229755945773],[80.247962720942454,13.115263794146893],[80.247971671379929,13.11535115359414],[80.248053164700195,13.115345583853657],[80.248112465210312,13.115351215560946],[80.248241603824596,13.115363485311503],[80.248308533877733,13.115366574042588],[80.248487764675616,13.115374701246962],[80.248595640045338,13.115382500845779],[80.248645241679611,13.115385567877921],[80.24888276542184,13.115411568934537],[80.248888837745369,13.115412065862717],[80.249160681057703,13.115434372735933],[80.249211557956571,13.115438548301402],[80.249380891246886,13.115452443730534],[80.249469764859654,13.115455948737292],[80.249509473425192,13.1154575147531],[80.249606142276875,13.115461328148548],[80.249715320077584,13.11546799540884],[80.249792238068295,13.115472060442174],[80.249824572553038,13.115473768593128],[80.249902994986954,13.115479415792636],[80.249981543677094,13.115483584979433],[80.250078673606438,13.115486553215566],[80.250138815070628,13.115487473346736],[80.2502493706846,13.11548698498688],[80.250359902570779,13.115484585044939],[80.250470378433391,13.115480275235248],[80.250580756751631,13.115474057245335],[80.250691005229697,13.11546593278962],[80.250757915323234,13.11546345642037],[80.250824434834541,13.115458965258096],[80.250891313967571,13.115452088052598],[80.250957656720601,13.115443208288893],[80.251023670086468,13.115432209928136],[80.251089280224676,13.115419105414542],[80.251226044201374,13.115382725801616],[80.251315773016685,13.11533927244191],[80.251377770803998,13.115306872705748],[80.251423645974654,13.11527655005489],[80.25144326001174,13.115263585753828],[80.251452502084476,13.115257377288129],[80.251541391577106,13.115203776349841],[80.251813282922129,13.115044862901112],[80.252161364101866,13.114843561090556],[80.252253127688348,13.114790623773594],[80.252316989198832,13.114753783283737],[80.252321399113271,13.114751239021716],[80.252346515842348,13.11473674987049],[80.252352240782045,13.114733447188723],[80.252355601815438,13.114731508404693],[80.252391174061302,13.114710987874806],[80.252517396799789,13.114635533848121],[80.252556814933399,13.114611970988966],[80.252627413042077,13.114569769102483],[80.252601878129241,13.114465839274484],[80.252590960695272,13.114212439720356],[80.252632215145425,13.114016989420682],[80.25261552656589,13.113703371862119],[80.252600783926525,13.113178534728748],[80.252599261931607,13.113132662344707],[80.252588510008067,13.112808558868378],[80.25258715196432,13.112790877929692],[80.252587146620442,13.112790814620574],[80.252582005389201,13.112723945385865],[80.25254156839182,13.112197854612003],[80.252539945014703,13.112134234403921],[80.252532412625627,13.111838862885078],[80.252514315238074,13.111477675144208],[80.252513766750155,13.111460739800224],[80.252510880706978,13.11137168455407],[80.252498282153496,13.110982763026319],[80.252493049718467,13.110893561724843],[80.252490452384421,13.110889756573661],[80.252490209917383,13.110889401426068],[80.252489584332849,13.110889444821039],[80.252174769245656,13.11091076191272],[80.252171877132653,13.110870173275528],[80.252487055181859,13.110848394290061],[80.252490067288349,13.110844983364395],[80.252490191333337,13.110844840861498],[80.252490150889102,13.110844181586431],[80.252490136951067,13.110843909383464],[80.252482983166161,13.110721948967731],[80.252477576995489,13.110629795870029],[80.252473402352706,13.110286815563782],[80.252473013373276,13.110284878555044],[80.252471942784553,13.110283209019032],[80.252470335689807,13.110282022574937],[80.252467767329819,13.110281455428185],[80.252129385148947,13.110287488355574],[80.252128406421448,13.110234644393287],[80.252467061567074,13.110228618584655],[80.252469126555141,13.110228166148218],[80.252470731951348,13.110227165340898],[80.252471930443889,13.110225581051981],[80.252472044177665,13.110225187153102],[80.252472473070156,13.11022368200922],[80.252465300209039,13.10992411784129],[80.252192261698212,13.109929794281658],[80.252187356418645,13.109895407999316],[80.252465409411982,13.109887950377791],[80.252441173068789,13.10953862770759],[80.252440684388404,13.109536714822797],[80.252439528773223,13.10953509838756],[80.252437860545399,13.109533995856212],[80.252435898830399,13.109533548918748],[80.252435693072371,13.109533868406743],[80.252435328718533,13.109533552690138],[80.252083132446685,13.10955358858091],[80.252081033007997,13.109518113651854],[80.252185488189326,13.109512170602798],[80.252187443447994,13.109511700670209],[80.252188345655384,13.109511086627567],[80.252189098103514,13.109510577036907],[80.252189457589608,13.109510060880805],[80.252190232156693,13.109508947352412],[80.252190484384528,13.109507902835496],[80.252190698867551,13.109506527273867],[80.252189581799996,13.109480542908123],[80.252187249422249,13.109426282662577],[80.252184487808819,13.109362035247326],[80.252181620971911,13.109295364285231],[80.252179716172023,13.109251029718568],[80.252212283560254,13.10924958708797],[80.252212825715702,13.109269529766689],[80.252214302078244,13.109323773061925],[80.252216275566525,13.109396374756086],[80.252219295850239,13.109505400441369],[80.252219983965716,13.109507254228348],[80.252221302318901,13.109508744549467],[80.252223078078032,13.109509673788827],[80.252225073608045,13.109509920094828],[80.252225624429599,13.109509889142105],[80.252432986569374,13.109498092428577],[80.252434942752785,13.109497621592567],[80.252436595564944,13.109496497048072],[80.252437731455984,13.109494869176118],[80.252438191128547,13.109492335148062],[80.252434969553903,13.109442305761469],[80.252409048441237,13.108841348080992],[80.252407022282867,13.108774865818672],[80.252404818410113,13.108690249418279],[80.252391707752622,13.108369829927266],[80.252391691437623,13.108369428417548],[80.252396310353191,13.108370034063231],[80.253383136166249,13.108497832696358],[80.254541662380348,13.108648349404612],[80.255514208457924,13.108776274999546],[80.255953204957734,13.10883433706713],[80.256722018058539,13.108933897549242],[80.257067798240698,13.108978477687842],[80.257206036886714,13.108993062980103],[80.258616816115335,13.109181701423227],[80.258947423926585,13.109222592420817],[80.25941258489199,13.10928012442524],[80.259681642123098,13.109313402406498],[80.261483939917611,13.109559802155951],[80.26168492340507,13.109565812254617],[80.261866581449183,13.109571244220062],[80.262563503790034,13.109592081056842],[80.264109931908266,13.109617228442472],[80.264754341728505,13.109640274791703],[80.264753402951982,13.109643893421495],[80.264757733103266,13.109634899071251],[80.265223883540116,13.109665478444789],[80.265268811010131,13.109494165382753],[80.265877703448027,13.109318518859522],[80.266336438456207,13.109138669311436],[80.266691269220303,13.108939653594856],[80.267080964829063,13.108669028239916],[80.267416787772262,13.108386927668162],[80.267495975676297,13.108315405584595],[80.267733368907713,13.108100997826194],[80.268169768354284,13.107660669753811],[80.268676691421604,13.10721030724814],[80.268951907670413,13.10694733259214],[80.269172448274801,13.106737280811972],[80.269439610181607,13.106483687299097],[80.269636189034571,13.106296894562821],[80.269685422915074,13.106250287025023],[80.270028540676805,13.105914806844266],[80.270180566919137,13.105757906848801],[80.270329507172292,13.105583818253439],[80.270408588211382,13.105481596440562],[80.270611994226712,13.105187822094091],[80.270832346949859,13.10489236485515],[80.271251850629554,13.105239447607273],[80.27129447616727,13.10527470886503],[80.271390294442583,13.105400683158603],[80.271431551434176,13.105475331022067],[80.271440610866193,13.105491724423894],[80.271444517995803,13.105498793638253],[80.271480360216017,13.105668093944359],[80.271480717861451,13.105672265117628],[80.27148240670401,13.105679866964525],[80.271489320149186,13.105765042993188],[80.271498179746189,13.105874151416248],[80.271533771857762,13.106042262891227],[80.271636443808802,13.106261972105989],[80.271642112768802,13.106274104381271],[80.272003898435855,13.106827248879952],[80.272063471765108,13.106880883277945],[80.272096379928286,13.106910595036192],[80.272105155933062,13.106893828856546],[80.272107328225673,13.106888549047598],[80.272121640104672,13.106857334039576],[80.272277067252602,13.106479626292558],[80.27234073793872,13.106324898770366],[80.272350637695794,13.106300841583506],[80.272367071052827,13.106254299149272],[80.27237939560834,13.106219391191035],[80.272402162849787,13.106154910156071],[80.272440531795368,13.106046238862493],[80.272477364903366,13.105941918749988],[80.272575239080112,13.105664715437667],[80.272623689777916,13.105523339664163],[80.272640312362299,13.105474834723605],[80.272643895548114,13.105464377831838],[80.272654174274493,13.105434387442976],[80.272702637723214,13.105233976561045],[80.272720359324708,13.105162723269286],[80.272771361133437,13.104957662903461],[80.272824952228078,13.104750095247541],[80.272905350824345,13.104438693578949],[80.272953050103851,13.104250511554998],[80.27295680031223,13.104024746437563],[80.272957996032488,13.103952711397081],[80.27296082862722,13.103782167621327],[80.272964014317054,13.103590321013245],[80.272975474129979,13.103543520357164],[80.273010635022217,13.103399925148786],[80.273084890064027,13.103147324165095],[80.273147470758047,13.102934438815172],[80.273224447662685,13.102661415973621],[80.273364956291545,13.102163051385316],[80.27353353510432,13.101522768548543],[80.273542556718425,13.101490089089229],[80.273630345071837,13.101188997623073],[80.273677744025434,13.101026981129278],[80.273905360673012,13.100247214257754],[80.273905453581861,13.10024541425893],[80.273931434732077,13.09974111157649],[80.273978694962565,13.098823751007739],[80.273990816317394,13.0985884645693],[80.27399835086581,13.098420354451251],[80.273999692144372,13.098390432848566],[80.274020042306546,13.097936422960629],[80.274019967593063,13.097569893811702],[80.274019952614879,13.097498488245865],[80.274021976411504,13.097404986169881],[80.274024902739384,13.097269788577226],[80.274026229950991,13.097208449621744],[80.274030831596548,13.097130195982905],[80.274033095557201,13.097091686175549],[80.274033415802919,13.096971652805214],[80.274025352769229,13.096816368232236],[80.274022926199194,13.096769626954497],[80.274015541574613,13.096389986200883],[80.274012713451327,13.09618714461643],[80.274008048887723,13.095924099880259],[80.274006906316416,13.095847772287337],[80.27400385389717,13.095687490731232],[80.273855091745048,13.095701147693042],[80.273818589072491,13.095704498980028],[80.273797061709956,13.095706476443693],[80.273750585353611,13.095710842185284],[80.273747513077396,13.095711024321865],[80.272006741449957,13.095813954174158],[80.271987974302476,13.095815838004917],[80.272111768745205,13.095373419131437],[80.272219946374648,13.095113011180516],[80.272234882049375,13.095077057147414],[80.272315932411317,13.09488194892316],[80.272926108033701,13.093600179174246],[80.272725536103621,13.093492317048167],[80.272650577447678,13.093448794590966],[80.272509649698179,13.09334748861316],[80.272443095838653,13.093300373000481],[80.272367043914045,13.093252235966236],[80.272229075331893,13.093148496852198],[80.272158310269774,13.0930905189007],[80.272093157445838,13.093037529860577],[80.271893284241443,13.092874210033942],[80.271669918974453,13.092692920606808],[80.271514796767079,13.092580618775315],[80.271396706252645,13.092508326451986],[80.271242825781542,13.092420536291884],[80.271137236020977,13.092379377284312],[80.271074930638548,13.092356996858941],[80.271011778768525,13.092337026430759],[80.270947878111883,13.092319491592695],[80.270883326348226,13.092304425171285],[80.270739496565724,13.092288287447053],[80.270739424643239,13.092288278201785],[80.270736389918483,13.092287938687802],[80.270583595764364,13.092270929210878],[80.270534748439346,13.09226558202829],[80.270509680279488,13.092262499269765],[80.270492062647534,13.092260968382563],[80.270481246666918,13.092259873560378],[80.270478362109259,13.092259598666105],[80.270400008754251,13.09225244282179],[80.27030671787189,13.092243922772289],[80.27021098697162,13.09223452866132],[80.270170030389906,13.092232231890454],[80.270126970771713,13.092228958958822],[80.270010258916642,13.092221221594409],[80.269982173588431,13.092219360863968],[80.269915912588075,13.09221496795813],[80.269887553355218,13.092213088358465],[80.269876325082379,13.092212297059566],[80.269859038614143,13.092211079015195],[80.269831016228622,13.092207266281054],[80.269830719325356,13.092207225656116],[80.269802723655786,13.09220154582378],[80.269799266919946,13.092200423876783],[80.269799053120039,13.092200354552622],[80.269774397037182,13.092192352239115],[80.269746724035315,13.092181411780579],[80.269719817058544,13.092168768168117],[80.269709555925147,13.092163133997422],[80.269709475802145,13.092163090369111],[80.269708945354438,13.092162794098948],[80.269708919561182,13.092162782271362],[80.269698726570468,13.092157188077891],[80.269698492655763,13.092157058115378],[80.269693784801404,13.092154473248929],[80.269681808188039,13.092146878439582],[80.269681577091234,13.092146731305281],[80.269680967581508,13.0921463443914],[80.26966873317248,13.092138585191826],[80.269628933325009,13.092109366375686],[80.269614287078184,13.092096176961851],[80.26960095167054,13.092081713624802],[80.269589042039968,13.092066100565329],[80.269589019795248,13.092066136670324],[80.269578832563042,13.092049823210964],[80.269578658336215,13.092049471888592],[80.269570067545715,13.092032316617916],[80.269562997274875,13.092014102313431],[80.269557679460576,13.091995316995018],[80.269543697977909,13.091908345926354],[80.269539571937287,13.091882675794235],[80.269524644806836,13.091789813000052],[80.269521354844571,13.091769345282293],[80.269508721961884,13.09170116366551],[80.269497906238925,13.091632679764837],[80.269488914909743,13.09156394242768],[80.26948175429655,13.091494996881973],[80.26948016758908,13.091473751853519],[80.269477012815543,13.091431509599776],[80.269476429783168,13.091425893778183],[80.269467523279431,13.09130238483093],[80.269462428437237,13.091231722633305],[80.269466585766381,13.091150027371594],[80.269466626860364,13.091149229080274],[80.269468602685905,13.091110411988794],[80.269468628136693,13.091109913847241],[80.269468713312961,13.091108242224569],[80.269469868680062,13.091085534730933],[80.269475653081514,13.091057091445121],[80.269475993786543,13.091055414216433],[80.269476549783505,13.091052673355088],[80.269476684577896,13.091052006437865],[80.269478192450734,13.091044592658548],[80.269489023554911,13.091004215574401],[80.269502324641834,13.090964557086236],[80.269511664776488,13.090941509273639],[80.269513099438896,13.090937967066624],[80.269513724779316,13.090936423560835],[80.269514928070492,13.090933453960961],[80.269515260717881,13.090932632985769],[80.269518044553891,13.090925760816406],[80.269536128433259,13.090887973993601],[80.269541443019065,13.090879667694537],[80.269541616310477,13.090879396925386],[80.26954138463077,13.090879134956067],[80.269459095721061,13.090786207150698],[80.269178756343734,13.090614165325629],[80.268924903362759,13.090591216552818],[80.268889025996543,13.09058702612224],[80.268752642957395,13.090569722132969],[80.26864853688933,13.090554793555981],[80.268359727556714,13.090522871354731],[80.268257553886187,13.090512364207466],[80.268070615971283,13.090499627380021],[80.267942197328722,13.090492615445456],[80.267942098648788,13.090492608836124],[80.26788924254177,13.090498004339198],[80.267864084863874,13.090497823557527],[80.267687449827207,13.090496551084314],[80.267453928443402,13.090484495392881],[80.26712344985269,13.090444133999402],[80.267063933628251,13.090436807333246],[80.267008817613572,13.09043002301226],[80.266723019743225,13.090394595643168],[80.266636864631238,13.090383916368642],[80.266565958982412,13.090374192743001],[80.266366052710012,13.090348759054333],[80.266295775438763,13.090340220737545],[80.266225755451359,13.090329838568701],[80.266171311804712,13.090320294561053],[80.266156044388524,13.090317618120114],[80.266086692035458,13.090303568575692],[80.265937768308063,13.090279980343894],[80.265934059861493,13.090279459827251],[80.265930964783394,13.090278330721429],[80.265930677297504,13.09027822592086],[80.265928341090302,13.090276881061852],[80.265926277192236,13.090275159022505],[80.265903764143417,13.090265316980892],[80.265820732660458,13.090229020438713],[80.265728713220085,13.090214804137755],[80.265675301674904,13.090206553255197],[80.265489529243538,13.090174196789448],[80.265465277306504,13.090169076005852],[80.265441665087451,13.090161614263238],[80.265418929433366,13.090151884571858],[80.26539729420503,13.090139984318428],[80.265376977664289,13.090126032574529],[80.265358181413077,13.090110167352503],[80.265325402910221,13.090090000837794],[80.265263778311748,13.090200618611155],[80.265242092711958,13.090194512303702],[80.265230167431938,13.090191153612905],[80.265195901449417,13.090183930060851],[80.265161329251271,13.090179187656442],[80.265126443068041,13.090176746441976],[80.265091475114247,13.090176685743803],[80.26508395639317,13.090177014256719],[80.265064945561946,13.090177844422611],[80.26499572166783,13.090180868025623],[80.264862808210424,13.090186673244734],[80.26474597625824,13.090193416657293],[80.264692787401302,13.090196561816542],[80.26464295582393,13.090199510374275],[80.264642686430435,13.090199525882184],[80.264621237254829,13.090200794836768],[80.264578092275471,13.090202203598452],[80.264493605831291,13.090204961138072],[80.264467823457196,13.090205802702798],[80.26438061836798,13.090208649205767],[80.264281770253092,13.090211874800334],[80.264154325779941,13.090213344243512],[80.264126075611046,13.090213669673775],[80.26407103161479,13.090214065173289],[80.264068789156497,13.090214081383328],[80.264007902406163,13.090214519884281],[80.264006699541937,13.09021452820831],[80.263976920326016,13.090214742566026],[80.263945606706329,13.090216339583538],[80.263945488618418,13.090216345576099],[80.263900009051596,13.090218664422016],[80.263837893925313,13.090223665578669],[80.26382229158672,13.09022537973523],[80.263817142224156,13.090225824378102],[80.263803429652981,13.090227010447718],[80.263785250588711,13.090229169350147],[80.263756064057972,13.090232635964727],[80.263744912643887,13.090233960446785],[80.263738119367034,13.090234768406511],[80.263722014640194,13.090236680951362],[80.263669399362328,13.090244538406184],[80.26364500983496,13.090248178738348],[80.263603667183673,13.090255205739792],[80.263603464147593,13.090255240424144],[80.263592424551092,13.090257116779307],[80.263555816081308,13.090264039736674],[80.263505697593232,13.090273517371809],[80.263493119649709,13.090275618094347],[80.263450642210572,13.090282712359576],[80.263426133351928,13.090285533126796],[80.263421499357463,13.090286066939875],[80.263408021838089,13.090287618050841],[80.263268100203334,13.090310348915981],[80.263223069753494,13.090317663712417],[80.263216806434158,13.09031830679886],[80.26320502257083,13.090319517331015],[80.263129098650481,13.090327031439296],[80.263008097610737,13.090335833671729],[80.262967148415981,13.090338337087406],[80.26290043402679,13.090342415257131],[80.262765768051722,13.090350646675226],[80.262765673024134,13.090350652733138],[80.262744731133338,13.090351932925943],[80.262678975312369,13.090355952291111],[80.262558594281813,13.090366871905324],[80.26252858806096,13.090369593690648],[80.262377139724208,13.090383331430457],[80.262286732604579,13.090391532673504],[80.262286701234387,13.090391535296416],[80.262221471071669,13.090397452149251],[80.262194609311777,13.090399889020926],[80.262186248822601,13.090400389552347],[80.262186115967864,13.090400398214481],[80.262129526267557,13.090403792622777],[80.262024668609754,13.0904100816694],[80.261995157671024,13.090410961149539],[80.26195949192433,13.090411974929008],[80.261880175106626,13.090414280730844],[80.261818944232431,13.090415970041892],[80.261789820864166,13.090416798163664],[80.261758178824394,13.090418089259591],[80.26175610436421,13.090417756005555],[80.261752545354412,13.090417857040372],[80.261744954089934,13.090418073127362],[80.261742704108769,13.090418137218016],[80.261738428314871,13.090418258807004],[80.261727220845472,13.090418577572805],[80.261724731937164,13.090418648213349],[80.26172455297241,13.090418653126545],[80.261718364833698,13.090418828921228],[80.26168211329923,13.090419859070325],[80.261656313703256,13.090420592703687],[80.261640885152673,13.090421865071562],[80.261604897193223,13.090424833659227],[80.261552871728938,13.090429126209528],[80.261516939126409,13.090432090422226],[80.261509156573069,13.090432732736065],[80.261444004568176,13.090438107095984],[80.261389216688031,13.090442626798387],[80.261388967571207,13.090442647786105],[80.261328309790443,13.09044765160006],[80.261327739573403,13.090447705123896],[80.261319454195217,13.09044838216057],[80.261292824706274,13.090451185802477],[80.261292746276723,13.090451193715733],[80.261292684453338,13.090451200772343],[80.261210097051119,13.090459895106191],[80.261209734425989,13.090459932948534],[80.261138449329223,13.090467437141122],[80.261090344620115,13.090472501253053],[80.261084775775117,13.090472869591371],[80.261084343993062,13.090472899097733],[80.261070528892859,13.090473816180491],[80.261017207812984,13.090477354428021],[80.261017088797118,13.090477362224966],[80.261002627873737,13.090478321760347],[80.260910130178743,13.090484460385243],[80.260907186144522,13.090484655397793],[80.260807401705051,13.090491277657978],[80.260784924257393,13.09049276939523],[80.260718073159254,13.090497204667196],[80.260696632205452,13.090497872025457],[80.260664772434254,13.090498863977562],[80.260664394206145,13.090498875552697],[80.260654336088265,13.090499189426765],[80.260600522448897,13.090500864434032],[80.260562542755821,13.090502045899482],[80.260523575053227,13.090503258887637],[80.260490288162174,13.090504294651103],[80.26049007506262,13.090504301274009],[80.260368249446529,13.090508093355695],[80.260345011443718,13.09050881701941],[80.260250836190778,13.090511747931449],[80.260232390198979,13.090510918347896],[80.26018006076616,13.09050856480212],[80.260106380100154,13.090505251257026],[80.260046176998628,13.090502544172768],[80.260045843127429,13.090502528748278],[80.26001562859642,13.090501169903801],[80.259965169590998,13.090498901247473],[80.259965081972339,13.090498897379426],[80.25992093426845,13.090496910838997],[80.25983380279834,13.090492992613264],[80.259802769268816,13.090491597035419],[80.259602094969225,13.090492905701971],[80.25957731912429,13.090493066994615],[80.259443211609948,13.090495572894707],[80.259363908311641,13.090497055139812],[80.259242493122898,13.090499325199239],[80.259114410291318,13.090501718921761],[80.258938410047477,13.090505139586694],[80.25889583313058,13.090505969434798],[80.258721149880827,13.090510391966923],[80.25870227383038,13.090510870316121],[80.25870037170894,13.090511515873906],[80.258698831159293,13.090512784557855],[80.258697855610109,13.090514510580118],[80.258697573966444,13.090516463740764],[80.258698287341204,13.09053301078664],[80.258704237683176,13.090671000202686],[80.258712856907238,13.090893427580966],[80.25863667194416,13.090897774007656],[80.258636550163544,13.090897780891369],[80.258636449760189,13.090897425253509],[80.258636020728389,13.090895917628792],[80.258635902196261,13.09089576357478],[80.258635847440615,13.09089556630253],[80.258634633624297,13.090893992225174],[80.258634011206183,13.090893610674282],[80.258632926575757,13.090892946590206],[80.258630951870671,13.090892569292015],[80.258629331217278,13.09089255378557],[80.258609127019298,13.09089235739658],[80.2586000478573,13.090892269826158],[80.258571808648725,13.090891997001235],[80.258563148255803,13.090891913345304],[80.258536961383712,13.090891659976357],[80.258508702804932,13.090891387088893],[80.258498602549764,13.090891289347272],[80.258477572803301,13.090891086054821],[80.258454059963185,13.09089085844538],[80.258419005161088,13.090890518999787],[80.25840012829191,13.090890336355068],[80.258386836540978,13.090890207736431],[80.258339402220997,13.090890063272358],[80.25832373165035,13.090890205401941],[80.25830703070811,13.090890355419432],[80.258289921119172,13.090890509686471],[80.258238314694466,13.090890975299402],[80.258235686640759,13.090890997583582],[80.258153258591136,13.090891683816345],[80.258015627683776,13.090891570225612],[80.257962212067937,13.090891526039377],[80.25776520512909,13.090889425037798],[80.257725899352877,13.090888619364117],[80.257666242458427,13.090887396175042],[80.257568228909108,13.090885386280638],[80.257511413545615,13.090881852870682],[80.257493473891543,13.090880737012693],[80.257384203576848,13.09087394310467],[80.257295808455339,13.090868446174191],[80.257241303343676,13.090865056792223],[80.257156701874507,13.090854421333677],[80.257005831243276,13.090835603760519],[80.256986248642775,13.090831448653097],[80.256980487382066,13.090830766575749],[80.256980454234693,13.090830746587978],[80.256936252558361,13.090803982583081],[80.256964428921066,13.09075596135783],[80.256971073255485,13.090751920646397],[80.256974044596134,13.090739536282525],[80.256992570366464,13.090662332348252],[80.257008993409158,13.090599460204178],[80.257015525300631,13.090574453559151],[80.257021697407609,13.09055130671476],[80.257026746295281,13.090532372001201],[80.257047166115768,13.090462747064811],[80.257049180681335,13.090455975910547],[80.257053379398329,13.090441864446237],[80.257065668052945,13.090400562664268],[80.257103424390465,13.090277185214248],[80.257108282380045,13.090261310654451],[80.257126853719598,13.090197194178394],[80.257142542170826,13.090143034553824],[80.257142550564652,13.090143003835298],[80.257156681841096,13.090093811000525],[80.257164108443035,13.090066651319747],[80.257164138296133,13.090066539285271],[80.257175968814437,13.090023274069312],[80.257198630057914,13.089940397328661],[80.25720229400568,13.089925585377179],[80.25721874812848,13.089859074812741],[80.25723667568559,13.089790295336543],[80.257246555051481,13.089753258032033],[80.257250561844302,13.089738234579873],[80.25726145326098,13.089699911706763],[80.257265211783874,13.089686781831967],[80.2572810633838,13.089631407422743],[80.257298879460606,13.089585670169768],[80.257301249861968,13.089579582705007],[80.257319674808571,13.089532278420807],[80.257329338917629,13.089500888105089],[80.25735981162677,13.089390420554142],[80.257364505147137,13.089372778712848],[80.257364512610351,13.089372750704234],[80.257401476746651,13.089233808774033],[80.257419008420584,13.089168746195366],[80.257426038999142,13.089143208396139],[80.257452295258958,13.089047830591106],[80.257477552726854,13.088956080258567],[80.257490822902597,13.088906076564838],[80.257515597190078,13.088812719886551],[80.257534632000926,13.088740991358677],[80.257539453434134,13.088722825445846],[80.25753959768852,13.088720857424176],[80.257539014841598,13.088718968688536],[80.257538907328595,13.088718831845512],[80.257537781625828,13.088717409922198],[80.257535418356483,13.088716190595576],[80.257531628115558,13.088715277303402],[80.257515486402909,13.088711389838309],[80.257505011619884,13.088708866832956],[80.257475644619845,13.088701793808092],[80.257468669727984,13.088700113635765],[80.25745018769102,13.088695662448231],[80.257438923891257,13.088692949097217],[80.257417711629401,13.088687839934602],[80.257406953869648,13.088685249200603],[80.257391710870181,13.088681577704239],[80.257384521210128,13.088679846276715],[80.257362939327763,13.088674648339081],[80.257336898015424,13.088668376040475],[80.257330835662387,13.088666914593439],[80.257330709381847,13.088666884391564],[80.257311402382825,13.088662234609718],[80.257271627545109,13.088652466944009],[80.257247786793343,13.0886466123789],[80.257243427894892,13.088645541924214],[80.25721232845828,13.088637905090703],[80.257191773707518,13.08863285657508],[80.25716603694292,13.088626537213729],[80.257146105286864,13.088621642392997],[80.257112182575028,13.088613312040394],[80.257073597718872,13.088603836208906],[80.257070340297474,13.088603036564262],[80.257038674003653,13.088595260640695],[80.257009650220226,13.088587555614335],[80.256992360377524,13.088582965867959],[80.256987441459572,13.088581626154586],[80.256959179569293,13.088573929645452],[80.256959101229668,13.088573907719194],[80.256928061445564,13.08856545543849],[80.256875203133447,13.088551059437226],[80.256868851958032,13.088549327697363],[80.256861340403816,13.088547281572495],[80.256820294132552,13.088536103247868],[80.256773257979717,13.088523292772553],[80.256726337960643,13.088510514270249],[80.25670833511856,13.08850561140833],[80.256651133947784,13.088490036441446],[80.256608818583373,13.088478507217348],[80.25658354658421,13.088471627631868],[80.25657440091922,13.088469139160766],[80.256539630219962,13.088459688705074],[80.256489979236846,13.088388358268414],[80.256490007090676,13.088388297767473],[80.25648980503135,13.08838800693823],[80.256490766062811,13.088385894790562],[80.256499442114546,13.088353956429277],[80.256499989609438,13.088351942551926],[80.256509659783916,13.08831639117108],[80.256522463798433,13.08826932121268],[80.256522476858493,13.088269272423675],[80.256542424360802,13.088195941658325],[80.256560675291965,13.088128844961261],[80.256568385852049,13.088100500709846],[80.256588712933805,13.088025773143711],[80.256606737191504,13.087959510361998],[80.256606753981799,13.087959448020785],[80.256610594793727,13.087945331008319],[80.256610619047279,13.087945240658497],[80.256620610964376,13.087908506603869],[80.256620635193528,13.087908424391735],[80.25663337043143,13.087870744309871],[80.256633420734531,13.087870579890925],[80.256634139650572,13.087867691244318],[80.256634159251433,13.08786761444404],[80.256641030144195,13.087839970331661],[80.256646963623766,13.087816099445019],[80.256659865082881,13.087764196824088],[80.256666659938148,13.087741300428974],[80.256668646590626,13.087734604243625],[80.256677665715586,13.087704209420243],[80.25669154988897,13.087657419242985],[80.256691563865928,13.087657372264998],[80.256701118015613,13.087624196767466],[80.256701516066073,13.087622801833861],[80.256716407974167,13.087569698741685],[80.256730044901659,13.087521069616949],[80.256730071010765,13.087520975655657],[80.256730802923201,13.08751836644284],[80.256741066756859,13.087479530001746],[80.256746097448129,13.087460493060519],[80.256756464836542,13.087421265399364],[80.256756484429189,13.087421191311631],[80.256763484662031,13.087394701321346],[80.256769697389046,13.087369672053672],[80.256777465625575,13.087338377563684],[80.256785480351965,13.087306090070678],[80.256794296175585,13.087270575092663],[80.256799006808947,13.087250297574229],[80.256799295554075,13.087249056039127],[80.256823231848017,13.087146015771534],[80.25684237091312,13.087077372709254],[80.256854820712874,13.087032722238721],[80.256861795290973,13.087007706010986],[80.256866480754098,13.086990899629816],[80.256878176848929,13.086945970303271],[80.256882297630511,13.086930142445359],[80.256895359856259,13.086879962762264],[80.256907952629717,13.08683191834389],[80.256925123239256,13.086772198549268],[80.256930831548061,13.086752345254435],[80.256945829374004,13.08670018190587],[80.25694932224242,13.086690426633652],[80.256956137765158,13.086671387589845],[80.256956596581361,13.086666334449701],[80.256957242445111,13.086659193153055],[80.256955797869082,13.08665645018219],[80.256955619046536,13.086656100647417],[80.25695276039005,13.086653367168921],[80.256949997392411,13.086650724385455],[80.256934658622669,13.086643656428839],[80.256914081232011,13.086635753284108],[80.25688272130688,13.086623708617289],[80.256849681767378,13.086611018939795],[80.256838190717346,13.086606605022807],[80.256805604629108,13.086595888698847],[80.25678272562422,13.086588365009382],[80.256739059424092,13.086574005412212],[80.256708699690449,13.086564020652933],[80.25665398287758,13.086546025996405],[80.256604476942513,13.086533508589019],[80.256534776358208,13.086515886685914],[80.256511370959004,13.086510114694731],[80.256480880882748,13.086491922139118],[80.256481189115675,13.086486949040022],[80.256481013063848,13.086486598608726],[80.25647881866287,13.086482288310908],[80.256474384961777,13.086479414661161],[80.256468212835429,13.086477359727235],[80.25644118282851,13.08646836106122],[80.256411085191388,13.086458340855211],[80.256370327786797,13.086444771707283],[80.256343858053341,13.086435959101602],[80.256321335971904,13.086428461718386],[80.25630727038515,13.086423779048463],[80.25628382774272,13.086415974295537],[80.25626660133851,13.086409663100161],[80.256230733270286,13.086396522140223],[80.25620953566083,13.086388754592178],[80.256183264845788,13.086379130575027],[80.256145367876627,13.086365245932715],[80.256107889225603,13.086351514395613],[80.256069512218886,13.086337453849195],[80.256015907830843,13.086312112052212],[80.255912810037913,13.08626057857701],[80.255912635834576,13.08626022724652],[80.25595387828163,13.086091166386957],[80.256419983254403,13.084396163657907],[80.256421380391359,13.084392878213286],[80.256422769784351,13.084390945425033],[80.256426459204235,13.084387927895516],[80.256430980064295,13.084386329637299],[80.256435784806271,13.084386342571486],[80.256437011702261,13.08438661555582],[80.256465955269718,13.084395371973304],[80.256799513559471,13.084509589425949],[80.256815066442059,13.084485168434373],[80.25644537760364,13.084351312673771],[80.256441223754223,13.084348945277066],[80.256438144557862,13.084345327758379],[80.256437132657595,13.08434318280128],[80.256436515044086,13.084340897020837],[80.256436311798566,13.084338541002284],[80.256435951567923,13.084338090578852],[80.256436788992403,13.08433505127204],[80.256561051079373,13.083883162323955],[80.256572113991552,13.083821401352832],[80.256221954948316,13.08373041799789],[80.256140201858713,13.083704606351645],[80.256118265813697,13.083679860380375],[80.2561185654437,13.083620229452135],[80.256122794827888,13.083325139765979],[80.256096513412984,13.083124118916274],[80.256050446967393,13.082884855007505],[80.255974812309603,13.082551482960625],[80.255909176971514,13.082241348638947],[80.255850135370352,13.081950782948844],[80.255760532790319,13.081485393985776],[80.255759467423729,13.081479860845912],[80.255759806866521,13.081470633588921],[80.255759846639791,13.081457372749254],[80.255759867559348,13.08145009040631],[80.255764619539718,13.081444302773773],[80.255769766819213,13.081438035247615],[80.255772353541005,13.081432999995727],[80.255774726862214,13.081428381867829],[80.2557883157763,13.081418753356838],[80.255799093726409,13.081416039276775],[80.255803016857158,13.081415046020233],[80.255803316847832,13.081414974549041],[80.255803498686987,13.081414931671645],[80.255793833735751,13.081367930778631],[80.255784900649147,13.08132448458489],[80.25491071706395,13.081509807873777],[80.254903050840454,13.081509276690221],[80.254895818832992,13.081503292643596],[80.254894202586414,13.081494151070087],[80.254897778725237,13.081479394045109],[80.254869463867877,13.081062659303136],[80.254830088457254,13.080815882564925],[80.254821737189829,13.080480758553016],[80.254733715865228,13.080082082810105],[80.254609038698845,13.079476014988122],[80.254614162426009,13.07931665872489],[80.254672202541727,13.079036469996069],[80.254667242877048,13.078821787549737],[80.25426672162439,13.078764517833516],[80.254130476610058,13.078745035902886],[80.253660043975529,13.078689614069635],[80.253335723252761,13.078655778371189],[80.253189107025065,13.078655353561617],[80.253149368884465,13.078656971095079],[80.25310479320477,13.078658784406578],[80.253033062163354,13.078661701863828],[80.253033468587148,13.078658445218343],[80.253042844589203,13.078583347146672],[80.25307134809826,13.078430034404802],[80.253112816952353,13.078206988611141],[80.253179608741064,13.077725475403989],[80.253226181418555,13.07738972081359],[80.253233962035551,13.077320299178925],[80.253242037429203,13.07724824356589],[80.253249332782175,13.077183142587826],[80.253303828272195,13.076696872019316],[80.252130045274242,13.076507692808429],[80.251911649302372,13.076466386935563],[80.251622557936784,13.076423404043998],[80.251224033159247,13.0763801054526],[80.250902633083143,13.076322528416178],[80.250953858842692,13.076206010290491],[80.251189709347699,13.075728688734436],[80.251368959640899,13.075696160778296],[80.251569441762982,13.075736475713279],[80.251897364906242,13.07578527023515],[80.251988825620671,13.075802504145621],[80.252016108879047,13.075783643840154],[80.252128134336289,13.075046265649915],[80.252148609233998,13.074949728668582],[80.252159486399165,13.074690156194528],[80.252179612049019,13.074263691215975],[80.25218831799701,13.074217523708203],[80.25218837330911,13.074217227291717],[80.252212157838073,13.074122118559199],[80.25223186155246,13.074043331425157],[80.252258170846503,13.073980586680275],[80.252262435108108,13.073970416860071],[80.250421828215025,13.073866647012929],[80.250634161681106,13.072447093661481],[80.250677250824481,13.072159018564989],[80.25076737678009,13.071991784686222],[80.250107888046884,13.071788413893117],[80.249785235758708,13.071702251378612],[80.249559862146072,13.071639314990165],[80.249557162186548,13.071638478000786],[80.249555003409668,13.071569045708216],[80.249554320758207,13.071547107011961],[80.249546944280183,13.071546031296226],[80.249555525390733,13.071078573907148],[80.249954292018614,13.070990600446418],[80.250184504936684,13.07090164274269],[80.250887172397768,13.070485725557058],[80.251823101194447,13.069888673917172],[80.252449330013363,13.06943213133224],[80.253138462110968,13.068683878568345],[80.253829098604939,13.067931756280595],[80.254083655124631,13.06763890164776],[80.254443161456351,13.067237684778489],[80.25444191527346,13.067236491259751],[80.254445128384916,13.067232905436978],[80.254145910431745,13.066946376306925],[80.254088923108185,13.066819189261048],[80.254094801276935,13.06681115795883],[80.254095486610836,13.066810223187547],[80.254099503970977,13.066802959604734],[80.254099663455534,13.066801450054665],[80.2541014709021,13.066798180265849],[80.254102057693487,13.06679258859165],[80.254102256215759,13.066790364837981],[80.254102260013653,13.066790328681025],[80.254102647851212,13.066785875721923],[80.254102670449356,13.066778349244851],[80.254102798810834,13.066777989744537],[80.254120869455591,13.066728131074655],[80.254137066755831,13.066709018764371],[80.254150022556402,13.066693731802834],[80.254195430311697,13.066640157988564],[80.254195489169533,13.066640215122828],[80.254238981934975,13.066682264639274],[80.254316160365875,13.066757441671577],[80.254341333816939,13.066779809999021],[80.254433599694622,13.066861801153905],[80.254635978677968,13.067058721416959],[80.254648175743426,13.067043623028107],[80.254822334569525,13.066819831636151],[80.254978577331684,13.066583851421885],[80.255189942916701,13.066250064590182],[80.255473404066464,13.065826614238889],[80.255594304172448,13.065542152659988],[80.25559431670446,13.065541971856449],[80.255656580371692,13.064643002907102],[80.255622723898355,13.063734669947575],[80.255630043153786,13.063371761201712],[80.255789131785733,13.062654442101655],[80.25579092942138,13.062650426305435],[80.256045643449255,13.062081386787227],[80.25637961402569,13.061635482572413],[80.256910470329871,13.061205405657967],[80.257193029998348,13.061087652589853],[80.257519680954644,13.06103831631415],[80.258326339929795,13.061208609578811],[80.258699373876752,13.061451243201423],[80.25907301788223,13.061741632434527],[80.259580953874604,13.062195215824449],[80.260246492557982,13.062932176779247],[80.260537076845523,13.063478397436615],[80.260541079791551,13.063477445912881],[80.2606255466725,13.063701993977286],[80.260640241310142,13.063697285336632],[80.260933585582876,13.063603284380193],[80.261076161720908,13.063560586905608],[80.261076305731194,13.063560543915617],[80.261166567192873,13.063533511317699],[80.261230463162008,13.063522592138352],[80.261231205090681,13.063522464053586],[80.261557031845769,13.063466776589085],[80.261710288567997,13.063437963402309],[80.261901248851942,13.06331507905613],[80.262661104081971,13.062435471619338],[80.262923633234479,13.06212382995713],[80.262925290911781,13.06212218361364],[80.262927294653764,13.062120782390506],[80.262929509438365,13.062119748874013],[80.262931870607318,13.062119115431052],[80.262934306156069,13.062118903557135],[80.2629367422944,13.062119114850367],[80.262939103392881,13.062119749095139],[80.26294131942565,13.062120782582683],[80.262943129019661,13.062122024686024],[80.263332264095283,13.06244010534828],[80.263743249674832,13.062778827274672],[80.26383413238085,13.062650874121513],[80.264007062638271,13.062438868584834],[80.264173581551631,13.062251162222934],[80.264173600979063,13.062251142385819],[80.264191763031079,13.062230668729882],[80.264378004841362,13.062020729811621],[80.264378023346453,13.062020709971865],[80.264409123450989,13.061985655807753],[80.26462155908284,13.0617447301229],[80.264621583143153,13.061744703065319],[80.264631751687816,13.061733170880947],[80.264634594587037,13.06172994645037],[80.264639783991441,13.061724184273718],[80.264874624834178,13.061463359136615],[80.26488661929838,13.061450038198492],[80.264891466187208,13.061445321201942],[80.264891683576906,13.061445103003496],[80.265139853097907,13.061203336237662],[80.265311544430929,13.060791625415606],[80.26534850170043,13.060725109837172],[80.265387276544828,13.060659626586766],[80.265416743878276,13.060602714027269],[80.265425560294574,13.060584293384707],[80.265447714289138,13.060546832000199],[80.265471544191442,13.060504040591686],[80.26549556522626,13.060458989222507],[80.265514127553715,13.060419709229143],[80.265548555865706,13.060348465602258],[80.265578365689535,13.060279559774507],[80.265602069012999,13.060223403910122],[80.265607517164071,13.060209650218592],[80.265619138707095,13.060175171701403],[80.265632073825287,13.060132506666674],[80.265638812457112,13.060106208146102],[80.265647795332413,13.060062651196121],[80.265653519689266,13.060029392877142],[80.26565588288139,13.060009959279522],[80.265659497571221,13.059972445228011],[80.265662323608694,13.059925903208795],[80.265662122401636,13.059919707960695],[80.265660477136578,13.059869087056075],[80.265656457380558,13.059812379565637],[80.265652631572223,13.059777436728979],[80.265648946454164,13.059742325206241],[80.265643078911168,13.059682320274939],[80.265638959797556,13.059646133329547],[80.265634720189823,13.059608898977862],[80.265625198859453,13.05953564798557],[80.265614520299962,13.059462619756911],[80.26556533602664,13.059090313013536],[80.265558277160054,13.059029592186247],[80.26551349557711,13.058599092740604],[80.265483057671659,13.058412108071142],[80.265443334565546,13.058268957983779],[80.265432942457963,13.058219499448496],[80.265434519216939,13.058219940655308],[80.26543609781784,13.058220382771538],[80.265530711655202,13.058246859707138],[80.265580204017795,13.05826071063418],[80.265627346455332,13.058273902951418],[80.265664031967034,13.058281421552579],[80.26570450156926,13.058288046691061],[80.265733541903103,13.058292198036204],[80.265773142801692,13.058293479585606],[80.26585912167856,13.05829042692454],[80.265946055674448,13.058289379749654],[80.266034043913407,13.058292377313597],[80.266121366979007,13.058298252839188],[80.266207899572578,13.058306961665966],[80.266250326187347,13.058312072310841],[80.266290503554785,13.058315222590915],[80.266332882561287,13.058316777770543],[80.266409535574596,13.058320441097228],[80.266484098638074,13.05831848157994],[80.266560289971736,13.058315447946942],[80.266567925823438,13.058314792353238],[80.266728097868466,13.058301046020979],[80.266731449707009,13.058300984091588],[80.266906033017193,13.058297781699155],[80.267050336764612,13.058291238262631],[80.267132979630262,13.058286322112162],[80.267217622999951,13.05828327425635],[80.267302595331969,13.058282205695944],[80.267388202301134,13.058283610085953],[80.267473594263336,13.058287243597963],[80.267535572592124,13.058291504300257],[80.267558676264173,13.058293092400405],[80.267603698443267,13.05829720922427],[80.267649724651008,13.058303640924818],[80.267695379196653,13.058312256114281],[80.267740552386556,13.058323034589936],[80.267785139154441,13.058335950737035],[80.267861608691447,13.058374997208476],[80.267882230345847,13.058387895232778],[80.267906637950034,13.058399266830078],[80.267938693705261,13.058413010994569],[80.268052859647952,13.058449592555849],[80.268130710768915,13.0584717596213],[80.268203639172455,13.058495624388351],[80.268278421556332,13.058517564815675],[80.268325134965536,13.058530883833232],[80.268345947789371,13.058535875125656],[80.268407836686748,13.058548929628323],[80.268416655836148,13.058550790101686],[80.268460901229361,13.058557506872541],[80.268616104016857,13.058567893815086],[80.268869173563075,13.058578001248504],[80.269106075676859,13.058581015405291],[80.269295651053994,13.058586063919352],[80.269365457609979,13.058591728827524],[80.269434015108075,13.058599678722024],[80.269502244719305,13.058609986733337],[80.269568230016901,13.058622296619609],[80.269690774197826,13.058644876070035],[80.269695855200624,13.05864581270205],[80.269758039431323,13.058657269996729],[80.269782422171332,13.058661762189319],[80.269965363187239,13.05868984228778],[80.270017253037693,13.058698656418578],[80.270069924722577,13.058709766704228],[80.270099558742132,13.058717518865734],[80.270169248004308,13.058741481549889],[80.270211252425455,13.058759775424317],[80.270289200278484,13.05878648845094],[80.270344201326068,13.058807168087103],[80.270458907440144,13.058848451982524],[80.270545240182784,13.058878262870163],[80.270785792723615,13.058972609233804],[80.270831075770573,13.058993510025919],[80.270873339009384,13.059010384026291],[80.270886247689958,13.059014767817436],[80.270895078994144,13.059127271749277],[80.270854977055791,13.059131658906507],[80.270815340320155,13.05913906740159],[80.270776405030162,13.059149451786498],[80.270746213166717,13.059157340809728],[80.270698336299461,13.059165766787849],[80.270457581213719,13.059185009149958],[80.270258955574889,13.059205423553765],[80.270258484994216,13.0592054927537],[80.270256612438487,13.05920621263961],[80.270255123620856,13.059207541231505],[80.270254220117977,13.059209303683085],[80.270254017905017,13.059211266133468],[80.270266286085089,13.059356855450496],[80.270280239788377,13.059510458936431],[80.270280780217121,13.05951235928387],[80.270281977334548,13.059513944109542],[80.270283674037501,13.059515005003851],[80.27028564477331,13.059515401179235],[80.270286221270695,13.059515382913393],[80.270258383743325,13.059517706831118],[80.270179887913812,13.05952425870645],[80.27018102955482,13.059534371801979],[80.270406244540425,13.059518737946139],[80.270534653664356,13.059511337592472],[80.270740444021897,13.059506962926095],[80.270807626674397,13.059507051084283],[80.270809603968104,13.059507412914543],[80.270811320131983,13.059508443117526],[80.270812545905315,13.059510007225075],[80.270813121414861,13.059511897724297],[80.270813141053011,13.059512120213205],[80.270808922222656,13.059569403940484],[80.270816124442419,13.059665645736336],[80.270834912434253,13.059836505051905],[80.270834677952394,13.05983846469926],[80.270833743137757,13.059840211693173],[80.270832234099998,13.059841515817839],[80.270847759260135,13.059839036868073],[80.270854011254826,13.059837899829716],[80.270886499354617,13.059834549129009],[80.270918545625321,13.059833728038159],[80.27108440306877,13.059831512790637],[80.271258346704656,13.059829199963204],[80.271338505919829,13.059825981720181],[80.271415246647209,13.05982290030234],[80.271415711602259,13.059822862731545],[80.271417628997597,13.059822264126648],[80.271419201456638,13.059821033417384],[80.271420220983984,13.059819332774069],[80.271421052315361,13.059845966560825],[80.27142518829676,13.060082788565268],[80.271432015197746,13.060325405939869],[80.271431954248627,13.060326375976265],[80.271431293024207,13.06032823857673],[80.271429996439906,13.060329747652879],[80.27142823479096,13.060330702047581],[80.271426242716743,13.060330974929444],[80.271337036699748,13.060327158332289],[80.271295933433095,13.060325399582755],[80.271075757012412,13.060316268743128],[80.270940941936232,13.060307028449122],[80.270940001218264,13.060320220806855],[80.271074816298849,13.060329462005907],[80.271295408998867,13.060337859808371],[80.2713370001116,13.060339638920855],[80.271427382857311,13.060343505851877],[80.271429343318729,13.06034394900845],[80.271431013168964,13.060345049604901],[80.271432170553794,13.060346663248225],[80.271432663918247,13.060348576119907],[80.271432672555576,13.060348775972745],[80.271433875431427,13.06039150739851],[80.271426419312675,13.060512378118595],[80.271414422594972,13.060647419347299],[80.271412192776481,13.060652652912038],[80.271408200029569,13.060656759396027],[80.271402974439681,13.060659193250784],[80.27139720498873,13.060659635425919],[80.271336085920396,13.060651474601043],[80.271331683591271,13.060650887124659],[80.271179018189457,13.060618568448859],[80.271096041179831,13.060595952889114],[80.270982922553884,13.060559955151257],[80.270833009059558,13.060510163110283],[80.270775457322046,13.060491395986805],[80.270715277147502,13.060471321197245],[80.270655727353258,13.060449528381193],[80.270596866904214,13.060426039406256],[80.270529390272927,13.060395617113029],[80.270462933403294,13.060363108974853],[80.27042201944839,13.060341476277767],[80.270399396712264,13.060344071710707],[80.270354826600098,13.060349184906331],[80.270354995244006,13.060355201936943],[80.270363789924673,13.060369824174327],[80.270361258758413,13.060765497281423],[80.27028796965439,13.060775910331646],[80.270206600115841,13.060777852606138],[80.269992499009334,13.060772688425748],[80.269835323337901,13.060766213668074],[80.269835079139142,13.060795338199513],[80.269992177562003,13.060792949760943],[80.270206290678573,13.060798113072156],[80.270289512394356,13.060796115442988],[80.270362541543406,13.060796339585977],[80.270390236457004,13.061242918588077],[80.270376657831221,13.061258723688887],[80.270382209433109,13.061257091898151],[80.270386725407391,13.061253529428495],[80.270389539224468,13.061248560644431],[80.270363032324752,13.061329139692754],[80.270360946270429,13.061381842403529],[80.270359823835918,13.061430843320965],[80.270358201445561,13.061670558735869],[80.270357457912482,13.061894599587502],[80.270357915016675,13.061901635561849],[80.270355867951707,13.061908382359425],[80.270355574448146,13.061908766720913],[80.270351571894167,13.06191400160159],[80.27034555644488,13.061917800356195],[80.270338568222485,13.061919306928536],[80.270340650040922,13.061942818414503],[80.270419874170145,13.062837669347827],[80.270422999442346,13.062858880776469],[80.270425009878949,13.062858957881081],[80.270426859620088,13.062859735288034],[80.270428303635342,13.062861108322878],[80.270428418215928,13.06286135006787],[80.270429308391897,13.062863817431637],[80.270433949659591,13.06292063243694],[80.270445997423025,13.063058104988423],[80.270452309076077,13.063138778433421],[80.270460211325798,13.063236243762173],[80.270463286160734,13.063258615137705],[80.270472068016588,13.063444776024948],[80.270494782802373,13.063587486866593],[80.270496206453942,13.06359642619776],[80.270496791421607,13.063605464433097],[80.270511901741102,13.063838941925804],[80.270951402916936,13.063677096277814],[80.27117374829902,13.06359521840657],[80.271416876118252,13.063603681579306],[80.271427751988639,13.063604061248311],[80.271512350108821,13.063607006801956],[80.271526313613521,13.06360749282018],[80.271531283573395,13.063675604023107],[80.271538003963059,13.06376767606371],[80.271544036270271,13.06385031986779],[80.271544337755429,13.063854449299793],[80.271544408699356,13.063855418803346],[80.271547195567621,13.063893624634026],[80.271547608409037,13.063899096214319],[80.271551615581942,13.06395238122926],[80.271553119735614,13.063972571758354],[80.271553803043133,13.063981742283424],[80.271575398762863,13.064271702680356],[80.271581109192724,13.064348368805152],[80.271289485206026,13.064375243586456],[80.271291210656969,13.064393246572585],[80.271582360396351,13.064365178717148],[80.271601856556231,13.064626952858651],[80.27160658495751,13.064656972095221],[80.271606729838567,13.064657890267554],[80.271606661586759,13.06465789007526],[80.271240959722817,13.06465824923788],[80.271225534563982,13.064676215633243],[80.271541028060966,13.06467601612662],[80.271552761038478,13.064676007592857],[80.27160816270154,13.064675972901997],[80.271608161641936,13.064674446607494],[80.271608154159949,13.064666930866601],[80.271676200776724,13.064663496726682],[80.27174859036198,13.064659843326883],[80.271799996900796,13.064656836986309],[80.271869808909898,13.064652754030231],[80.272021678022369,13.06464387205431],[80.272229340579074,13.064629355644538],[80.272514125606762,13.064612609324495],[80.272563230766679,13.064608711142224],[80.272586096934447,13.06460689654965],[80.272586421673751,13.064606869433101],[80.272611038834143,13.064604914188507],[80.272639114878174,13.064602908091361],[80.272779074406756,13.064592913448418],[80.273041901865966,13.064573202291712],[80.273288943073538,13.064551474429328],[80.273310027409195,13.064549620403969],[80.273328895740889,13.06454796088102],[80.273533211100244,13.064531223235047],[80.273593957344744,13.064526245397975],[80.273686923968,13.064518835344469],[80.273799905990955,13.064519967410845],[80.273884695339362,13.064528303591569],[80.27388662692708,13.064528856058523],[80.273888231989446,13.064530046878884],[80.273889295149687,13.064531722637724],[80.27388967687024,13.064533658701135],[80.273889629446344,13.064534421714058],[80.273881782820098,13.064591990081444],[80.273861019888599,13.064704786968639],[80.273860789329547,13.064706041352791],[80.27383145567083,13.064877046549187],[80.273827285775226,13.064901359665788],[80.273803927246092,13.065037542753821],[80.273775737156939,13.065215500840637],[80.273758459806899,13.06532033967739],[80.273747328593956,13.065400659366722],[80.273745834239293,13.065411447717393],[80.273734744379837,13.065509800915335],[80.273731519285121,13.065538409831053],[80.273727652222135,13.06557270617863],[80.273724055926195,13.065604614386464],[80.273713458290146,13.065686657170021],[80.273708700221192,13.065723486394283],[80.2737081075595,13.065728082593514],[80.273692014597771,13.065869455388068],[80.273676145158589,13.066060558980778],[80.273674367355568,13.066081855162521],[80.273668594161421,13.066151048325565],[80.273663493815747,13.066223550947219],[80.273660388750784,13.066307632952411],[80.273657890046408,13.066562881981929],[80.273657155344452,13.066579464779112],[80.273655626767038,13.066613941299103],[80.273655323459579,13.066620833173884],[80.273653030427013,13.06663758791149],[80.273648804318498,13.066653978249306],[80.273645516186704,13.066662495628776],[80.273642700182961,13.066669788237807],[80.273634794248608,13.066684813741492],[80.273625194087089,13.066698856138212],[80.27361402197981,13.066711733122698],[80.273841022349359,13.066577863716754],[80.273985002573809,13.066544812687113],[80.274098186768654,13.066515897718002],[80.274317725746613,13.066439245584643],[80.274504243045996,13.066367670807111],[80.274729759198877,13.06627878044115],[80.274968269780175,13.066185851983281],[80.274989769886631,13.066177476082871],[80.275248267871106,13.066076760366997],[80.275443757881533,13.066000501859953],[80.27573592759903,13.065894267629911],[80.275932585919179,13.065825291739735],[80.276016234918615,13.065795953194437],[80.276109219589614,13.065764776298893],[80.27611037087712,13.065764386194934],[80.276110565698829,13.065764314404332],[80.276110911052115,13.065764177028509],[80.276112552434469,13.065763038713566],[80.276113671378923,13.065761403433054],[80.276114119675626,13.065759489588796],[80.276113836640988,13.065757548379034],[80.276187828694916,13.065896340775215],[80.276311997071176,13.06584062065852],[80.276437122181136,13.065787005426522],[80.276499389640904,13.065760806845029],[80.276560911103402,13.065732961416858],[80.276621640395987,13.06570348800147],[80.276681528571174,13.065672408163282],[80.276740537744288,13.06563974530609],[80.276836144817963,13.065587852976309],[80.276848690575861,13.065581455578045],[80.276933093167784,13.065538412939633],[80.277031319988353,13.065491455761906],[80.277325429633891,13.06534064340735],[80.277612800968484,13.065191529854154],[80.277876158685586,13.065053651415923],[80.278202775432604,13.064888371147164],[80.278250419312698,13.06486299480628],[80.278298995169223,13.064839375210278],[80.27834843464862,13.064817547431783],[80.278398671263105,13.064797539315027],[80.278449631143729,13.064779379587911],[80.278604431140707,13.064746466408421],[80.278759666090224,13.064715580665158],[80.278915308294813,13.064686733130717],[80.279310410378855,13.064599766407303],[80.279682126417811,13.064516974619893],[80.279682334996465,13.064516929086704],[80.279736172974708,13.064504937449247],[80.28051775430113,13.06780940369651],[80.280537861929318,13.068034357438291],[80.280691232552826,13.068867377594],[80.281202196634879,13.068795135582787],[80.281713845777034,13.068785407405967],[80.282118441608361,13.06879842178251],[80.283656327843858,13.068914119162102],[80.284049601602888,13.068943703934202],[80.284948968871618,13.068628140241204],[80.285629936689247,13.068403882034106],[80.286391613435157,13.068258511424229],[80.286894798659333,13.068113734773247],[80.287305491591013,13.067898220319959],[80.287571329635853,13.067730997333243],[80.288096151674623,13.067366939722426],[80.288033673022952,13.066983680857062],[80.288195271870777,13.066612490841578],[80.288420432008948,13.066478385257101],[80.288550955436847,13.066431530601902],[80.288758358816438,13.066468019037215],[80.288950200599871,13.066582477426671],[80.289176310360048,13.06675041412783],[80.289309220868162,13.066905696877322],[80.28961242854669,13.067256273801094],[80.289782045842003,13.068570083790696],[80.290226863735981,13.069958867562221],[80.29436796929788,13.078608639567944],[80.296057568985816,13.0815288148554],[80.302041543781414,13.091870446821561],[80.304096216255644,13.096761977572827],[80.303685892100361,13.098253738192694],[80.298604167379651,13.100031407552997],[80.297585725552182,13.101123405134588],[80.297742655187037,13.101975384050792],[80.297798529558577,13.102064815437869],[80.297888830424498,13.102209345050301],[80.297906719570122,13.102247564701173],[80.29795626456594,13.102353411812818],[80.298053475915196,13.102561087138421],[80.298084010897696,13.102668802097929],[80.298167347454594,13.102962776554937],[80.29828851426393,13.103390200417239],[80.298354759685694,13.10362388485955],[80.298503105764667,13.104085641049739],[80.298521746215272,13.104143663853769],[80.299232967124482,13.10635746456488],[80.299759719974006,13.108075959859397],[80.299757733434916,13.108076755586209],[80.300239431251512,13.109640966388163],[80.301095046326921,13.112271398184399],[80.301699505565352,13.114024759753383],[80.301508886636668,13.1146192954056],[80.301585950408608,13.114924589667979],[80.301804905932158,13.115573488606234],[80.302023645551003,13.116298658125414],[80.302074124273233,13.116750402690792],[80.302020991036386,13.11716975010428],[80.301772937644614,13.117626706619815],[80.301446817628275,13.118134296241855],[80.300881308681014,13.119183400044015],[80.300237463551596,13.12090989598059],[80.300033416710278,13.121564689140502],[80.299350015573665,13.122834203733328],[80.298683037601847,13.122941077414092],[80.298292792721199,13.123026992014486],[80.297919366568067,13.123193528007501],[80.297521248990776,13.123443772159121],[80.297186664980956,13.123770981133296],[80.296940937720137,13.124120621402838],[80.296807196214814,13.124373545582499],[80.296793081775689,13.124400237937962],[80.296722286544224,13.124552744287215],[80.296694319689564,13.124705369429313],[80.296706154339461,13.124846124443369],[80.296746121857709,13.124982211062646],[80.297156240358532,13.124914467122677],[80.297201522045327,13.12512717214544],[80.297338037936029,13.125566371899335],[80.297359265076409,13.1256323009219],[80.297489645950677,13.126061931873787],[80.297509085046954,13.126135722558731],[80.297504729261433,13.126136825551827],[80.297640944322438,13.12660823471264],[80.298035068577022,13.127972990414914],[80.298396529257943,13.129193779996918],[80.298232886452425,13.129227011702705],[80.298268648452677,13.12936570159639],[80.298220316860352,13.129409802431823],[80.298154166138801,13.129362441708187],[80.298051637624681,13.129394599391569],[80.297578118672618,13.129567286558816],[80.297514639424634,13.129640832815017],[80.297541250047843,13.129988914435737],[80.2974896300193,13.130266782850329],[80.297411001095398,13.130552205342733],[80.296596720646178,13.131644365123238],[80.296513447739329,13.131756054939402],[80.296771315416265,13.132673002038519],[80.297050541679909,13.133679214823399],[80.297344563211226,13.134724900853387],[80.298038724572919,13.134564484625711],[80.298003393438407,13.134867930302219],[80.298037640060429,13.135104396360473],[80.298093682093608,13.13540454689057],[80.298140271948327,13.135486211239167],[80.298212615436398,13.135673048355374],[80.298237800994769,13.135893769228396],[80.298219015330162,13.136024886793649],[80.298222179331844,13.136117315613163],[80.298146705303026,13.136258193969548],[80.298109014816447,13.136392782701998],[80.298092858090158,13.13641166444312],[80.298051691219896,13.136482594263422],[80.297993921700822,13.136516975270334],[80.297949609183462,13.136541634857371],[80.297852363434828,13.136575334818446],[80.297932975287509,13.136870952755572],[80.297934000691626,13.136874710700514],[80.297934207039958,13.136875470792461],[80.298290213649665,13.138181891303871],[80.298376389642399,13.138530507751732],[80.298531332814164,13.139037282863839],[80.298670116589264,13.139549077348802],[80.298782141758352,13.139964537587103],[80.299734646724971,13.143236513550224],[80.299839201850105,13.143204213627424],[80.29988389430072,13.143190407027184],[80.301932982204875,13.146870260973339],[80.302385006182746,13.147589198588443],[80.302406692052571,13.147689737675249],[80.30255206658201,13.14807769621739],[80.302769904788065,13.148738580874845],[80.303031321093925,13.149528772162753],[80.303315488965822,13.150424161757725],[80.307583260217086,13.149139986038147],[80.308527998951348,13.151984552420544],[80.308530870038993,13.15199319708117],[80.30863698055596,13.152312688405875],[80.308924988733096,13.153137285869438],[80.308695655898021,13.15319544561253],[80.308912057548895,13.15314091762354],[80.309240595319636,13.154130104396422],[80.309371772856835,13.154525062415983],[80.309606624332943,13.155256570698075],[80.309609753873048,13.155266192580379],[80.309639313880197,13.155357084607061],[80.309863621334316,13.156046785708984],[80.309879190852413,13.156043391574084],[80.309942895872311,13.156290539056412],[80.310958024818603,13.159411805931821],[80.311111467043744,13.160283530602088],[80.311180611818216,13.160552740448729],[80.311570884914161,13.16207222169044],[80.311622210418321,13.162272050385644],[80.311716506058588,13.162639174785991],[80.311714520016565,13.162639644167573],[80.31175838802119,13.162833015835323],[80.311801890666487,13.162991028623805],[80.311841962556528,13.163127623432597],[80.311933573368904,13.163484293419854],[80.31196385964715,13.163602207405209],[80.312715249128644,13.166598298657004],[80.312867792005832,13.167206541049785],[80.312847645665698,13.167210732339017],[80.313057796918201,13.167964160032382],[80.31313805838623,13.16828418813445],[80.313185849403013,13.16847474896468],[80.314653196549855,13.17297618559421],[80.314727036381285,13.173241472931718],[80.314955697588744,13.174062986195093],[80.315085768353981,13.174687665436018],[80.315764560043661,13.177947614833005],[80.316135026782987,13.178994648770507],[80.316946830944119,13.181626065446981],[80.317077919426609,13.182086725287391],[80.317241650890779,13.182662094845593],[80.317621308315978,13.183863490321166],[80.318566711732515,13.187470926960712],[80.318932649029904,13.188654247209653],[80.319189088402311,13.189483484919988],[80.320587333418558,13.194814599253672],[80.321023243643197,13.196476579172998],[80.321155815555201,13.197020120986604],[80.321904477461146,13.200089608590897],[80.32227339005216,13.201638306273663],[80.322952036120057,13.20448724655982],[80.323472926098248,13.206428500781644],[80.323476341164806,13.206437385439173],[80.323712600064383,13.207334251422857],[80.323800344927093,13.207665843765049],[80.32441360434035,13.209944691989669],[80.325156391404747,13.212575602689414]]]},"properties":{"objectid":3,"region":"North","st_area(shape)":141771056.81026098,"st_perimeter(shape)":90957.82510659023}}]}