<?xml version="1.0" encoding="utf-8" ?>
<kml xmlns="http://www.opengis.net/kml/2.2">
<Document id="root_doc">
<Schema name="chennaidss_gis_drainage_network_chennai_basin_micro_drains_withlabel" id="chennaidss_gis_drainage_network_chennai_basin_micro_drains_withlabel">
	<SimpleField name="id" type="int"></SimpleField>
	<SimpleField name="subbasin" type="string"></SimpleField>
	<SimpleField name="modelling" type="string"></SimpleField>
	<SimpleField name="length_km" type="float"></SimpleField>
	<SimpleField name="slno" type="int"></SimpleField>
	<SimpleField name="type" type="string"></SimpleField>
</Schema>
<Folder><name>chennaidss_gis_drainage_network_chennai_basin_micro_drains_withlabel</name>
  <Placemark>
	<name>Thamaraikulam Drain</name>
	<Style><LineStyle><color>ff0000ff</color></LineStyle><PolyStyle><fill>0</fill></PolyStyle></Style>
	<ExtendedData><SchemaData schemaUrl="#chennaidss_gis_drainage_network_chennai_basin_micro_drains_withlabel">
		<SimpleData name="id">1</SimpleData>
		<SimpleData name="subbasin">Kosasthalayar</SimpleData>
		<SimpleData name="modelling">Hydraulic Channel Routing</SimpleData>
		<SimpleData name="length_km">0.606</SimpleData>
		<SimpleData name="slno">1</SimpleData>
		<SimpleData name="type">Micro Drain</SimpleData>
	</SchemaData></ExtendedData>
      <MultiGeometry><LineString><coordinates>80.3236032756483,13.2246830923538 80.3236272053108,13.2247788110037 80.3237516395558,13.2247548813412 80.3238473582058,13.2251904011985 80.3239095753282,13.2254679852834 80.3240483673707,13.225482343081 80.3242637343331,13.2254679852834 80.324436027903,13.2257455693683 80.3245652480805,13.2260040097232 80.3246322511355,13.2262241626181 80.3247566853804,13.226607037218 80.3248332603003,13.226683612138 80.3248332603003,13.2267889026529 80.3246801104604,13.2271622053878 80.3241919453456,13.2284113337698 80.3240387955056,13.2286506303947 80.3239047893957,13.2287511349771 80.3238473582057,13.2288947129521 80.3237420676907,13.229201012632 80.3237181380283,13.229248871957</coordinates></LineString></MultiGeometry>
  </Placemark>
  <Placemark>
	<name>Thanikachalam Drain</name>
	<Style><LineStyle><color>ff0000ff</color></LineStyle><PolyStyle><fill>0</fill></PolyStyle></Style>
	<ExtendedData><SchemaData schemaUrl="#chennaidss_gis_drainage_network_chennai_basin_micro_drains_withlabel">
		<SimpleData name="id">2</SimpleData>
		<SimpleData name="subbasin">Kosasthalayar</SimpleData>
		<SimpleData name="modelling">Hydraulic Channel Routing</SimpleData>
		<SimpleData name="length_km">2.692</SimpleData>
		<SimpleData name="slno">2</SimpleData>
		<SimpleData name="type">Micro Drain</SimpleData>
	</SchemaData></ExtendedData>
      <MultiGeometry><LineString><coordinates>80.2135422252692,13.1306691831489 80.2136961391959,13.1306606760536 80.2137987979728,13.1306394438284 80.2142008610105,13.1303695526684 80.2143215824807,13.1304291725194 80.2144214961252,13.1306952103678 80.2144760843037,13.1308120839905 80.2145473257349,13.1308769391708 80.2146663410737,13.1308970528437 80.2154192298563,13.1309155089834 80.2159541882891,13.1309099575829 80.216659764816,13.1308277183393 80.2176979108277,13.130435868094 80.2184235976036,13.1303662534976 80.2200357415716,13.1303675539834 80.220863712525,13.1303951991614 80.2211240559235,13.1303313494923 80.2217696667151,13.1300927064912 80.2228508892436,13.1299810623678 80.2239146482259,13.1295964456314 80.224150298084,13.1295199498682 80.2243442269573,13.1294572432278 80.2271586865818,13.129286161115 80.227119479534,13.1277634618177 80.2297138391474,13.1276706915093 80.2298569216844,13.127610072749 80.2306637666962,13.1280959237561 80.2326092798018,13.1292903524299 80.2356132177771,13.1294572964031 80.2356210028488,13.1294797135814</coordinates></LineString></MultiGeometry>
  </Placemark>
  <Placemark>
	<name>TVS Channel</name>
	<Style><LineStyle><color>ff0000ff</color></LineStyle><PolyStyle><fill>0</fill></PolyStyle></Style>
	<ExtendedData><SchemaData schemaUrl="#chennaidss_gis_drainage_network_chennai_basin_micro_drains_withlabel">
		<SimpleData name="id">3</SimpleData>
		<SimpleData name="subbasin">Cooum</SimpleData>
		<SimpleData name="modelling">Hydraulic channel Routing</SimpleData>
		<SimpleData name="length_km">2.144</SimpleData>
		<SimpleData name="slno">3</SimpleData>
		<SimpleData name="type">Micro Drain</SimpleData>
	</SchemaData></ExtendedData>
      <MultiGeometry><LineString><coordinates>80.2014223410001,13.0979921470001 80.2014197010001,13.098051197 80.201424295,13.0981619420001 80.2014500510001,13.0983115030001 80.2014630930001,13.0984758000001 80.201469109,13.09866671 80.201473079,13.098716164 80.2014662450001,13.098789686 80.201414281,13.098873133 80.201298567,13.098935797 80.2010920650001,13.098966773 80.2008116690001,13.09898491 80.200517593,13.0990237610001 80.2002050020001,13.0990540870001 80.1998136640001,13.099107136 80.199415635,13.09915467 80.199074587,13.099189166 80.198738784,13.099236548 80.1984142920001,13.099282753 80.1981188060001,13.0993080260001 80.197891608,13.0993589740001 80.1976388940001,13.09936766 80.197221202,13.0994204680001 80.196919151,13.0995017570001 80.1966500390001,13.099626645 80.1962301140001,13.0998075380001 80.1959126570001,13.100004326 80.1956780420001,13.1001307600001 80.195526274,13.100236418 80.195414498,13.1003815270001 80.1953573470001,13.100496436 80.1953199510001,13.100737739 80.195306739,13.1008926670001 80.1952765350001,13.1011209440001 80.195231687,13.101360617 80.19520969,13.101518437 80.195165755,13.1017284430001 80.1951526110001,13.1018888330001 80.1950772180001,13.102344274 80.195055563,13.1024130070001 80.19503461,13.102492728 80.195034404,13.1024981570001 80.1949928550001,13.102609052 80.1949573890001,13.102702321 80.194941719,13.102766677 80.194934837,13.1028266280001 80.1949367680001,13.102931972 80.194946729,13.1030369590001 80.1949519520001,13.1031834080001 80.194962697,13.103367938 80.194971487,13.1034889970001 80.1949737630001,13.103630068 80.194983891,13.103796661 80.194989054,13.103958118 80.195001607,13.1040859610001 80.1950081,13.1042166700001 80.195007983,13.1043489550001 80.1950154020001,13.1045710200001 80.195023636,13.104704672 80.1950309110001,13.104841952 80.195040602,13.104980562 80.195046549,13.105105399 80.195058568,13.105220741 80.1950814010001,13.1053583740001 80.195098889,13.105503143 80.195116301,13.1056293280001 80.1951332930001,13.105716456 80.195142982,13.105790143 80.195171783,13.105876402 80.1952065640001,13.105976303 80.1952953840001,13.106182307 80.19536094,13.1063226240001 80.195401669,13.10640343 80.195371044,13.1064282330001 80.195301228,13.1064494640001 80.194868135,13.106604404 80.194768278,13.106663625 80.1948306610001,13.106827593 80.1949809930001,13.1070416800001 80.195141714,13.107354697 80.1953584250001,13.107725105 80.1953780800001,13.1077373090001 80.195610419,13.1081540560001 80.195837714,13.108537229 80.196135977,13.109040852 80.196262877,13.10932707 80.196408126,13.109696687 80.1965307360001,13.1100619270001 80.196589645,13.110449703 80.1966344720001,13.110775682 80.1966612160001,13.1110755010001 80.19666634,13.1113836130001 80.196638964,13.11158327 80.19661547,13.1116926820001</coordinates></LineString></MultiGeometry>
  </Placemark>
  <Placemark>
	<name>Kodungaiyur Canal</name>
	<Style><LineStyle><color>ff0000ff</color></LineStyle><PolyStyle><fill>0</fill></PolyStyle></Style>
	<ExtendedData><SchemaData schemaUrl="#chennaidss_gis_drainage_network_chennai_basin_micro_drains_withlabel">
		<SimpleData name="id">4</SimpleData>
		<SimpleData name="subbasin">Cooum</SimpleData>
		<SimpleData name="modelling">Hydraulic channel Routing</SimpleData>
		<SimpleData name="length_km">3.754</SimpleData>
		<SimpleData name="slno">4</SimpleData>
		<SimpleData name="type">Micro Drain</SimpleData>
	</SchemaData></ExtendedData>
      <MultiGeometry><LineString><coordinates>80.243985792,13.13821189 80.2441263680001,13.138195345 80.2442552800001,13.1381694670001 80.24426531,13.1381682860001 80.2444069110001,13.138143606 80.244416934,13.138142426 80.244544726,13.1381273850001 80.244549738,13.1381267950001 80.2446830630001,13.138113774 80.2447857720001,13.138104343 80.2449126970001,13.138113509 80.2449202350001,13.138112622 80.245075939,13.138123916 80.245212803,13.138115916 80.2453631060001,13.1381117690001 80.245494442,13.138096311 80.2456156420001,13.138063094 80.2457435420001,13.138026468 80.245869176,13.1379794950001 80.245989936,13.137938615 80.2460776300001,13.1379017680001 80.246202612,13.1378501560001 80.246320879,13.1378074320001 80.2464384670001,13.137764953 80.246533801,13.13772784 80.2466003650001,13.1376993880001 80.246678926,13.13766961 80.246731841,13.137650415 80.246916921,13.137561168 80.247149035,13.137482998 80.24735924,13.137385975 80.24759092,13.1372873720001 80.247810068,13.1372064010001 80.247831009,13.13719784 80.2480639930001,13.137118878 80.248289824,13.13704424 80.248464726,13.1369849220001 80.2486644120001,13.136937726 80.2488563680001,13.136897432 80.248969923,13.136875174 80.249088041,13.1368465890001 80.249244996,13.136807629 80.249255302,13.136800577 80.2494112810001,13.136756024 80.249543531,13.136723067 80.2496913860001,13.136694103 80.249859996,13.1366656020001 80.2500193320001,13.136626709 80.2502161260001,13.136597806 80.250416117,13.1365742670001 80.2506349670001,13.1365686250001 80.2507468000001,13.136558302 80.250895874,13.136555178 80.25103735,13.136550093 80.2511928800001,13.1365520920001 80.2513374710001,13.136543799 80.2514798560001,13.1365125030001 80.251634201,13.136474052 80.2517929,13.1364524800001 80.251914538,13.1364497380001 80.252050439,13.136451152 80.2521998910001,13.13645103 80.252331929,13.136441325 80.252441258,13.1364430190001 80.2525866150001,13.1364464400001 80.2527811540001,13.136423541 80.253004883,13.136400145 80.2530180310001,13.136398597 80.253200127,13.136383048 80.2533464850001,13.1363364630001 80.253420241,13.1362898590001 80.2534603920001,13.136195797 80.253462207,13.136189872 80.253478595,13.136063858 80.2534589200001,13.135961369 80.25345032,13.135846335 80.253449575,13.1358410900001 80.2534208760001,13.1356741710001 80.2534190860001,13.135661521 80.2534235870001,13.135519201 80.253424242,13.1355066620001 80.2534634320001,13.135423041 80.253556932,13.135365726 80.253641703,13.1353484730001 80.2536894340001,13.1353428520001 80.2538658960001,13.135410055 80.253931206,13.1354974940001 80.2539659140001,13.135538836 80.2540350020001,13.1355630420001 80.2541295410001,13.135580975 80.2542332210001,13.13562533 80.2542975540001,13.1356608740001 80.254348609,13.135697812 80.25441516,13.135731747 80.2544706410001,13.1357702400001 80.25452975,13.1358212480001 80.254632665,13.135926623 80.254732138,13.1360485720001 80.2548225800001,13.1361782920001 80.254940675,13.136335386 80.255039876,13.1364263250001 80.2551343440001,13.1365171180001 80.255246611,13.1366127110001 80.2553552000001,13.136671538 80.255488204,13.13669324 80.2556567420001,13.1367166900001 80.2558172970001,13.1367170720001 80.2559952300001,13.1367007410001 80.2561588230001,13.136714387 80.2563886510001,13.136698311 80.256570334,13.13669662 80.256756818,13.1366673990001 80.2569459860001,13.136653225 80.257127086,13.136615063 80.2573043340001,13.136576932 80.2574603150001,13.136546984 80.25765347,13.1364998080001 80.257930699,13.1364495450001 80.2581845150001,13.136383269 80.2583983050001,13.136335096 80.2586911140001,13.1362443940001 80.2589945010001,13.1361516480001 80.25935536,13.136011274 80.2596708340001,13.13583469 80.2599746360001,13.1356771930001 80.260233931,13.1355248830001 80.260515216,13.135324917 80.260772156,13.135127493 80.261070944,13.1349055550001 80.2613592060001,13.134678836 80.2616570380001,13.134466105 80.2619288730001,13.134243471 80.2622137670001,13.1340461930001 80.2624300820001,13.1338563200001 80.262630229,13.1336981040001 80.2629096140001,13.1335296890001 80.2631209390001,13.1333533710001 80.263276447,13.1332534900001 80.263276647,13.1332507440001 80.26346476,13.133152469 80.263531986,13.1331176380001 80.2636348280001,13.13303758 80.2637673930001,13.132934396 80.263883417,13.1328500120001 80.2640110180001,13.1327448490001 80.264117822,13.1326595400001 80.264201432,13.132590238 80.2643771720001,13.132444506 80.2645312380001,13.1322802830001 80.264646131,13.13221623 80.264829438,13.1320694220001 80.265065995,13.131903994 80.265324538,13.1317036210001 80.2654985220001,13.1315379120001 80.265696805,13.131346652 80.265826276,13.1312426930001 80.2659728290001,13.131125566 80.266124897,13.1310286250001 80.266239554,13.130941069 80.26637435,13.1308755470001 80.266508224,13.130781225 80.266625189,13.1306955350001 80.2667177210001,13.13064228 80.2668231170001,13.13061017 80.2669858540001,13.130608698 80.2672020570001,13.130596267 80.2673911,13.130585924 80.2675456530001,13.130591576 80.2677297480001,13.1305941160001 80.267740787,13.130595525 80.267986267,13.130614391 80.268263128,13.1306386540001 80.2685801470001,13.1306631380001 80.268803496,13.1306886720001 80.268982151,13.1306964790001 80.269141076,13.130695604 80.269289021,13.130707664 80.2694825450001,13.130719878 80.269489757,13.1307208640001 80.269633173,13.1307376550001 80.269812006,13.130738693 80.2699806520001,13.1307445460001 80.270145911,13.1307618510001 80.270377438,13.1307674060001 80.2704836100001,13.1307681490001 80.27060267,13.130778474 80.270722401,13.130775358 80.2708024590001,13.130770832 80.270989092,13.130775328 80.271117137,13.130783279 80.271378387,13.130797444 80.2716556680001,13.130800155 80.271952959,13.1308414550001 80.272287938,13.130878678 80.272550109,13.1308907690001 80.2728270170001,13.1308905080001 80.2731167260001,13.130919499 80.273394107,13.1309332060001 80.273662135,13.130941218 80.2739206810001,13.1309435650001 80.2741385750001,13.130940692 80.274294228,13.1309297420001 80.274446685,13.1308919980001 80.274612925,13.1308257040001 80.274733662,13.1307672450001 80.274875229,13.1307079030001</coordinates></LineString></MultiGeometry>
  </Placemark>
  <Placemark>
	<name>Captain Cotton Canal</name>
	<Style><LineStyle><color>ff0000ff</color></LineStyle><PolyStyle><fill>0</fill></PolyStyle></Style>
	<ExtendedData><SchemaData schemaUrl="#chennaidss_gis_drainage_network_chennai_basin_micro_drains_withlabel">
		<SimpleData name="id">5</SimpleData>
		<SimpleData name="subbasin">Cooum</SimpleData>
		<SimpleData name="modelling">Hydraulic channel Routing</SimpleData>
		<SimpleData name="length_km">2.979</SimpleData>
		<SimpleData name="slno">5</SimpleData>
		<SimpleData name="type">Micro Drain</SimpleData>
	</SchemaData></ExtendedData>
      <MultiGeometry><LineString><coordinates>80.248879872,13.122594259 80.2488190070001,13.1226813790001 80.248743611,13.12277529 80.2487386860001,13.1228927670001 80.2487909450001,13.1229935860001 80.24886666,13.1231158690001 80.2489472880001,13.1232597510001 80.249005309,13.12337122 80.249081424,13.123504366 80.249157666,13.123670115 80.249206818,13.123795537 80.24923744,13.123934723 80.249241287,13.124022985 80.249237216,13.1241345070001 80.2492516280001,13.1242633590001 80.249276334,13.124403112 80.249301276,13.124532192 80.249340832,13.1246967980001 80.2493960830001,13.1248694600001 80.249468402,13.124935508 80.2496518160001,13.124999701 80.249833933,13.125020686 80.250005394,13.125056817 80.250271618,13.1250809250001 80.2505615680001,13.1251404460001 80.250876751,13.1251949100001 80.25115925,13.125272453 80.2515843510001,13.125340404 80.252096743,13.125434769 80.252491966,13.125510814 80.2529433480001,13.125586417 80.253470848,13.125684651 80.253817499,13.125747081 80.254148095,13.125828679 80.254615177,13.1259215220001 80.25508109,13.126005144 80.255585565,13.126079512 80.2561211530001,13.1261869310001 80.256453797,13.126215884 80.257041082,13.126280713 80.257649368,13.126347143 80.258388386,13.126448313 80.2588293470001,13.126491006 80.2595771170001,13.1266092590001 80.2603101740001,13.126694186 80.2612254830001,13.126877076 80.2621352720001,13.126986573 80.2632009270001,13.127159083 80.263754407,13.127220889 80.264345995,13.127337791 80.2647769130001,13.1273905220001 80.2653315250001,13.127450872 80.2657867160001,13.1274753380001 80.266249995,13.1275425220001 80.266624895,13.1274963590001 80.2670950670001,13.12738626 80.2676176580001,13.1271902990001 80.26807657,13.127071551 80.2684284140001,13.1269260780001 80.268797631,13.1268624530001 80.269096603,13.126735967 80.2697284930001,13.126577065 80.270362081,13.126431086 80.270761916,13.1263524990001 80.271119275,13.1261850810001 80.2714012590001,13.125954457 80.271688649,13.1257129150001 80.271911641,13.1254468720001 80.2722846280001,13.1252051520001 80.272631438,13.1250025210001 80.273046179,13.1247685050001 80.273392023,13.124679737</coordinates></LineString></MultiGeometry>
  </Placemark>
  <Placemark>
	<name>Link canal (Kodungaiur-Captain Cotton)</name>
	<Style><LineStyle><color>ff0000ff</color></LineStyle><PolyStyle><fill>0</fill></PolyStyle></Style>
	<ExtendedData><SchemaData schemaUrl="#chennaidss_gis_drainage_network_chennai_basin_micro_drains_withlabel">
		<SimpleData name="id">6</SimpleData>
		<SimpleData name="subbasin">Cooum</SimpleData>
		<SimpleData name="modelling">Hydraulic channel Routing</SimpleData>
		<SimpleData name="length_km">0.527</SimpleData>
		<SimpleData name="slno">6</SimpleData>
		<SimpleData name="type">Micro Drain</SimpleData>
	</SchemaData></ExtendedData>
      <MultiGeometry><LineString><coordinates>80.2714777460001,13.1308105140001 80.271455448,13.1307641290001 80.271360184,13.130580203 80.2711197990001,13.1302273790001 80.270911659,13.1298307790001 80.2706117680001,13.129363715 80.270271737,13.128819417 80.2699683010001,13.128424239 80.269611443,13.1279113410001 80.269276011,13.127504095 80.2690103380001,13.127125953 80.268787448,13.126854636</coordinates></LineString></MultiGeometry>
  </Placemark>
  <Placemark>
	<name>Trustpuram Canal</name>
	<Style><LineStyle><color>ff0000ff</color></LineStyle><PolyStyle><fill>0</fill></PolyStyle></Style>
	<ExtendedData><SchemaData schemaUrl="#chennaidss_gis_drainage_network_chennai_basin_micro_drains_withlabel">
		<SimpleData name="id">7</SimpleData>
		<SimpleData name="subbasin">Cooum</SimpleData>
		<SimpleData name="modelling">Hydraulic channel Routing</SimpleData>
		<SimpleData name="length_km">1.502</SimpleData>
		<SimpleData name="slno">7</SimpleData>
		<SimpleData name="type">Micro Drain</SimpleData>
	</SchemaData></ExtendedData>
      <MultiGeometry><LineString><coordinates>80.2257362400001,13.0538449560001 80.2257525080001,13.0539270030001 80.225780575,13.054012237 80.225823441,13.0541641410001 80.2258814940001,13.0543872270001 80.225899155,13.054511882 80.2259139910001,13.0546349580001 80.2259383260001,13.0548010900001 80.2259644060001,13.0549816340001 80.22597891,13.05517687 80.2260020040001,13.055389883 80.22602986,13.0555841450001 80.226059879,13.0557909660001 80.2261219420001,13.056218169 80.226145359,13.056345227 80.2261608860001,13.0564709130001 80.226181833,13.056533496 80.2261970570001,13.056637948 80.226229582,13.056798773 80.226254192,13.05692649 80.226286906,13.0570943700001 80.226310735,13.057250866 80.226316522,13.057346032 80.2263188180001,13.057535325 80.2263228420001,13.057714902 80.226344898,13.0578468780001 80.2263472170001,13.058033505 80.226367155,13.058169831 80.226327664,13.0583362780001 80.2263021940001,13.058388412 80.226268583,13.0584607100001 80.226208655,13.058524276 80.2261303830001,13.0585978200001 80.2260908120001,13.0586896900001 80.2260851180001,13.0588124550001 80.2260809200001,13.058902968 80.2260827630001,13.058991452 80.226107421,13.059116408 80.2261310370001,13.059200785 80.226129191,13.0592671360001 80.2261657560001,13.059444039 80.226177787,13.0596227030001 80.2261992460001,13.0598353020001 80.226261505,13.060203421 80.2262799550001,13.0603412850001 80.2262927720001,13.060664203 80.2263081880001,13.060814531 80.226308707,13.060927836 80.226319,13.0610369200001 80.226347208,13.061242951 80.2263708370001,13.0613822280001 80.2263774030001,13.0614596720001 80.2263885510001,13.061587902 80.2263987300001,13.0618961780001 80.2264049120001,13.0619721780001 80.2264200370001,13.0621041490001 80.2264397860001,13.0622357930001 80.2264517550001,13.0623703230001 80.226472339,13.062475013 80.2264848010001,13.0625843600001 80.226526422,13.0628060410001 80.2265619960001,13.062986094 80.226579687,13.0630923550001 80.2266119740001,13.063204099 80.226622794,13.063306925 80.226654625,13.0634665290001 80.226676601,13.063597617 80.226680082,13.0637126730001 80.2266974590001,13.063836211 80.226743367,13.064039716 80.226744509,13.064096453 80.2267771960001,13.064191458 80.2267955570001,13.0643269620001 80.226807425,13.0644130040001 80.226805324,13.064533264 80.2268114600001,13.0646757780001 80.226833806,13.064820561 80.22685026,13.064947804 80.226873845,13.065084896 80.226893267,13.0652050180001 80.226913858,13.0653402710001 80.226916712,13.0654725930001 80.2269248340001,13.065529776 80.226929406,13.065610523 80.2269539990001,13.065696408 80.226952903,13.0657411130001 80.2269695360001,13.0657975730001 80.226980779,13.065859174 80.227006618,13.0659182000001 80.227021488,13.0659557320001 80.227036759,13.065999301 80.227056375,13.0660367940001 80.2270757960001,13.0660796050001 80.2270979,13.066142145 80.227104832,13.0661893600001 80.2270981290001,13.066254757 80.2270848900001,13.0663112610001 80.2270897210001,13.0663763640001 80.227090417,13.0664188980001 80.2270906430001,13.0664233130001 80.227109489,13.0664968540001 80.2271323410001,13.066556183 80.227151084,13.0666195110001 80.227170614,13.066666551 80.2272035930001,13.066729179 80.2272558220001,13.0667668020001 80.227295392,13.0668139260001 80.22732903,13.0668635050001 80.22737112,13.066913062 80.227417876,13.0669688210001 80.227462765,13.0670249100001 80.2274921520001,13.067063161</coordinates></LineString></MultiGeometry>
  </Placemark>
  <Placemark>
	<name>Vyasarpadi Canal</name>
	<Style><LineStyle><color>ff0000ff</color></LineStyle><PolyStyle><fill>0</fill></PolyStyle></Style>
	<ExtendedData><SchemaData schemaUrl="#chennaidss_gis_drainage_network_chennai_basin_micro_drains_withlabel">
		<SimpleData name="id">8</SimpleData>
		<SimpleData name="subbasin">Cooum</SimpleData>
		<SimpleData name="modelling">Hydraulic channel Routing</SimpleData>
		<SimpleData name="length_km">1.509</SimpleData>
		<SimpleData name="slno">8</SimpleData>
		<SimpleData name="type">Micro Drain</SimpleData>
	</SchemaData></ExtendedData>
      <MultiGeometry><LineString><coordinates>80.2612071820001,13.1177761440001 80.2611443730001,13.1178251220001 80.2610429680001,13.117872244 80.260891936,13.1179140370001 80.2607788270001,13.1179302290001 80.260653619,13.1179477420001 80.260541178,13.1179604870001 80.260432046,13.1179643730001 80.260317401,13.1179672530001 80.2601509120001,13.11796443 80.2599860650001,13.1179583700001 80.2598597,13.117952593 80.259705037,13.117951295 80.2595472900001,13.117951119 80.2594286880001,13.117946563 80.259307935,13.1179495510001 80.2591775600001,13.117957166 80.2590885940001,13.117968452 80.2589710380001,13.1179868130001 80.258795542,13.1180013820001 80.25862569,13.1180086320001 80.2584206000001,13.1180393710001 80.2582556060001,13.118075349 80.25815054,13.1181050030001 80.258035985,13.1181319510001 80.2578905550001,13.118161505 80.257765702,13.1181885840001 80.257630629,13.118216621 80.2575125100001,13.11825405 80.257408147,13.1182801410001 80.257282068,13.118317882 80.2571458720001,13.1183808 80.2569586900001,13.118485326 80.2568624580001,13.1185243470001 80.2567591280001,13.11857802 80.256635351,13.1186311110001 80.2565315620001,13.118689305 80.256410493,13.118751357 80.256326496,13.1187985080001 80.256248943,13.1188329520001 80.2561213690001,13.1188910220001 80.2560229620001,13.1189388930001 80.25593424,13.1189748040001 80.2558506030001,13.119008935 80.255741136,13.119057491 80.255636913,13.1190890080001 80.255582361,13.119117793 80.2555301330001,13.119156165 80.2554533270001,13.1191889570001 80.255381978,13.119233165 80.2552587990001,13.1192949020001 80.255195647,13.119350905 80.255144112,13.1193742900001 80.2550855640001,13.119392943 80.255034488,13.1194064990001 80.254974437,13.1194190630001 80.25489424,13.119434664 80.2548242890001,13.1194373220001 80.254749642,13.119449077 80.2546650070001,13.119481999 80.25458907,13.119522085 80.254518454,13.1195768480001 80.254447485,13.1196552750001 80.2544122460001,13.119707205 80.2544102210001,13.1197084860001 80.254359211,13.119788037 80.254309557,13.1199029010001 80.254232796,13.1200702630001 80.254176472,13.120160577 80.2541326310001,13.1202373780001 80.2540751120001,13.1203390710001 80.2540150710001,13.120436133 80.2539599670001,13.120521201 80.2538854380001,13.120649986 80.2538306680001,13.120710633 80.253757679,13.120776396 80.253664003,13.120852035 80.25359266,13.1208995300001 80.2535300010001,13.120953468 80.2534457610001,13.12099878 80.253375325,13.121024021 80.253310381,13.121036875 80.2532478190001,13.1210441450001 80.253177419,13.121041846 80.253120219,13.1210447820001 80.2530491620001,13.1210876250001 80.2529491450001,13.121129998 80.252829557,13.1211616410001 80.2527447800001,13.121186837 80.2526663500001,13.121214961 80.252582385,13.121236841 80.252503311,13.1212497410001 80.25241813,13.1212824780001 80.2523269580001,13.1213242600001 80.2522438650001,13.121349878 80.252167127,13.121366762 80.2520489920001,13.121380143 80.2519311640001,13.121398022 80.2517845680001,13.121427793 80.2516599240001,13.1214569790001 80.251536823,13.121494453 80.2514200310001,13.1215183310001 80.2513245390001,13.1215484090001 80.25126308,13.1215763530001 80.251183149,13.121590369 80.2511077080001,13.121616224 80.251036099,13.1216374840001 80.250966282,13.121659709 80.250890988,13.1217416920001 80.2508607,13.121831335 80.250854715,13.121913694 80.250800203,13.1219832840001 80.2506871,13.122025367 80.250566429,13.122061737 80.25042584,13.1220867610001 80.250263581,13.122135066 80.2500959860001,13.1221883370001 80.2499252970001,13.12224407 80.2497564900001,13.122316394 80.249528753,13.1223919020001 80.249336036,13.1224541690001 80.249147692,13.12249093 80.24886803,13.1226079690001</coordinates></LineString></MultiGeometry>
  </Placemark>
  <Placemark>
	<name>Jawahar Drain</name>
	<Style><LineStyle><color>ff0000ff</color></LineStyle><PolyStyle><fill>0</fill></PolyStyle></Style>
	<ExtendedData><SchemaData schemaUrl="#chennaidss_gis_drainage_network_chennai_basin_micro_drains_withlabel">
		<SimpleData name="id">9</SimpleData>
		<SimpleData name="subbasin">Cooum</SimpleData>
		<SimpleData name="modelling">Hydraulic channel Routing</SimpleData>
		<SimpleData name="length_km">0.852</SimpleData>
		<SimpleData name="slno">9</SimpleData>
		<SimpleData name="type">Micro Drain</SimpleData>
	</SchemaData></ExtendedData>
      <MultiGeometry><LineString><coordinates>80.241970335,13.1235964970001 80.242050416,13.1235246640001 80.242157644,13.123443159 80.2422587100001,13.123372922 80.242289171,13.1233161120001 80.2423657170001,13.1232716640001 80.2424195009999,13.1232479560001 80.242493666,13.123220998 80.2425914620001,13.123188566 80.242685118,13.1231608330001 80.242778389,13.1231373710001 80.2429161420001,13.123112767 80.2430608940001,13.123077881 80.243241326,13.1230634030001 80.2434017090001,13.1230539740001 80.243523428,13.123039063 80.24365376,13.123035138 80.243766042,13.123029194 80.243892216,13.1230253970001 80.24401388,13.123028031 80.244084069,13.123034445 80.2442086010001,13.123038511 80.2443016290001,13.1230298560001 80.2444114900001,13.123023414 80.244502701,13.123013556 80.2446095410001,13.1230020890001 80.244728701,13.122994726 80.2448433760001,13.122990214 80.24493698,13.1229741700001 80.245001672,13.1229440120001 80.245058224,13.122904551 80.2451459790001,13.1228407610001 80.2452535410001,13.1227465470001 80.2452587870001,13.122742377 80.2453526560001,13.1226556850001 80.2453566450001,13.12265042 80.245494336,13.122543415 80.245593589,13.122517366 80.2456893540001,13.1225060750001 80.245800899,13.122510226 80.245864601,13.12252009 80.245959962,13.122519707 80.246073652,13.1225177960001 80.2461417320001,13.1225212050001 80.246320093,13.122512945 80.246542618,13.122493576 80.2467692380001,13.122458539 80.2469603260001,13.1224307270001 80.247117786,13.122404964 80.247329859,13.1223664 80.247465959,13.122334995 80.247586326,13.122305843 80.2477358490001,13.12227407 80.247905147,13.1222437090001 80.248059998,13.122212486 80.248220479,13.1221690160001 80.248377063,13.122139008 80.248555924,13.1221058830001 80.248726344,13.122076001 80.2488176750001,13.1220894830001 80.24888258,13.122129383 80.2489368780001,13.1221748400001 80.248995017,13.122272192 80.2490191250001,13.1223471970001 80.249001717,13.1224251060001 80.2489683760001,13.122477487 80.248923249,13.12256102 80.248878681,13.12260514</coordinates></LineString></MultiGeometry>
  </Placemark>
  <Placemark>
	<name>Egankipuram Drain</name>
	<Style><LineStyle><color>ff0000ff</color></LineStyle><PolyStyle><fill>0</fill></PolyStyle></Style>
	<ExtendedData><SchemaData schemaUrl="#chennaidss_gis_drainage_network_chennai_basin_micro_drains_withlabel">
		<SimpleData name="id">10</SimpleData>
		<SimpleData name="subbasin">Cooum</SimpleData>
		<SimpleData name="modelling">Hydraulic channel Routing</SimpleData>
		<SimpleData name="length_km">1.693</SimpleData>
		<SimpleData name="slno">10</SimpleData>
		<SimpleData name="type">Micro Drain</SimpleData>
	</SchemaData></ExtendedData>
      <MultiGeometry><LineString><coordinates>80.243882382,13.107087352 80.243887586,13.107008726 80.243883608,13.106907393 80.2438814840001,13.1068083210001 80.243869943,13.106716797 80.24385885,13.106569699 80.243832912,13.106453881 80.243807277,13.106306452 80.2438005820001,13.106211121 80.243795206,13.106101101 80.2437955870001,13.106093732 80.243792967,13.1059942110001 80.24378916,13.10590985 80.243781609,13.105796065 80.2437719200001,13.105717736 80.243773131,13.1056029210001 80.2437764040001,13.1055157960001 80.2438131900001,13.1054153750001 80.243863159,13.1053431800001 80.2439265120001,13.1052833810001 80.2440331900001,13.105230467 80.244197226,13.105186207 80.2442486890001,13.105179467 80.244358715,13.1051609400001 80.244480469,13.1051401070001 80.244606935,13.105120486 80.244766054,13.1050952020001 80.244883668,13.105079024 80.244976664,13.1050593240001 80.245059643,13.1050405720001 80.2451271670001,13.105007434 80.245119839,13.1049614910001 80.245105842,13.104899785 80.2451005660001,13.104872349 80.2451077740001,13.1048301710001 80.245129946,13.104790297 80.245152015,13.1047646410001 80.245192787,13.104706329 80.245251501,13.10461436 80.245306362,13.104509485 80.245359754,13.10440492 80.245422966,13.104298916 80.245475609,13.10421471 80.2455247670001,13.1041331130001 80.245564266,13.1040708620001 80.245617419,13.1040052430001 80.2456384950001,13.103982118 80.245678407,13.1039178130001 80.245757858,13.103824002 80.2457979540001,13.10378262 80.245831039,13.103745204 80.245868179,13.1037032040001 80.245887221,13.103676099 80.245940935,13.1035940620001 80.245979018,13.103492279 80.246030244,13.1033707540001 80.2461065620001,13.103259173 80.246185644,13.1031383010001 80.2462780850001,13.103027706 80.246330386,13.1029394490001 80.2463943170001,13.10284298 80.2464459070001,13.1027107910001 80.2464764640001,13.1025991420001 80.2465073810001,13.1025239090001 80.246566041,13.1024854030001 80.246609208,13.1024176990001 80.246642441,13.1023154350001 80.2466894790001,13.10219339 80.2467182680001,13.1020974210001 80.246733301,13.10201229 80.246764763,13.1018366220001 80.246764555,13.101832812 80.246761023,13.1017049410001 80.2467646410001,13.1015868380001 80.2467591610001,13.101490207 80.24678549,13.101399284 80.2468168610001,13.101303887 80.246893359,13.101023279 80.246930945,13.1007934000001 80.2469588570001,13.100663447 80.2469747090001,13.100485185 80.2469928020001,13.1002916960001 80.2469657350001,13.1001374840001 80.2468983910001,13.099996667 80.246853607,13.0999010850001 80.246775783,13.099780726 80.2467514950001,13.099699656 80.2467663800001,13.099591327 80.246776961,13.0994200650001 80.246781744,13.099211401 80.246821741,13.099061694 80.246851375,13.0989074850001 80.246875113,13.0987606080001 80.247072168,13.0980896790001 80.247298759,13.097260356 80.2475078190001,13.0971344910001 80.2482047030001,13.0973062380001 80.2492605815003,13.0975591370991 80.249955216,13.0976950310001 80.2502441450001,13.0977866980001 80.25064382,13.097819632 80.2510926840001,13.098011079</coordinates></LineString></MultiGeometry>
  </Placemark>
  <Placemark>
	<name>Ramamurty Colony Drain</name>
	<Style><LineStyle><color>ff0000ff</color></LineStyle><PolyStyle><fill>0</fill></PolyStyle></Style>
	<ExtendedData><SchemaData schemaUrl="#chennaidss_gis_drainage_network_chennai_basin_micro_drains_withlabel">
		<SimpleData name="id">11</SimpleData>
		<SimpleData name="subbasin">Cooum</SimpleData>
		<SimpleData name="modelling">Hydraulic channel Routing</SimpleData>
		<SimpleData name="length_km">0.989</SimpleData>
		<SimpleData name="slno">11</SimpleData>
		<SimpleData name="type">Micro Drain</SimpleData>
	</SchemaData></ExtendedData>
      <MultiGeometry><LineString><coordinates>80.2359923360001,13.123137908 80.23615638,13.1231525090001 80.2362477,13.123152357 80.236264995,13.123371708 80.2362495660001,13.123615676 80.2362723950001,13.1239832250001 80.236296261,13.124303824 80.236311347,13.124641787 80.2363556820001,13.1250883540001 80.236517044,13.125120211 80.2365261600001,13.125115353 80.236899297,13.1251120180001 80.237489472,13.1251108340001 80.237878811,13.1251054770001 80.238183668,13.125123672 80.2386196910001,13.12515921 80.239040097,13.125147072 80.2391900530001,13.1251226970001 80.239291062,13.125138647 80.239459051,13.1251373240001 80.239674563,13.125145923 80.239907018,13.125161276 80.239915546,13.1251612080001 80.240036349,13.1251629980001 80.240170081,13.1251653960001 80.240344303,13.125181415 80.240647016,13.125178931 80.2408811760001,13.1251832220001 80.241051137,13.1251804510001 80.2411954080001,13.1251839620001 80.2413201670001,13.125186998 80.2414741550001,13.12518194 80.2415601880001,13.125161947 80.241609767,13.125110106 80.241654349,13.124997315 80.2416926890001,13.1249032590001 80.2417351,13.1247542130001 80.241771217,13.1246332860001 80.241801322,13.124497891 80.241825586,13.1243705650001 80.241868284,13.124239698 80.241894427,13.124134186 80.241909562,13.124024823 80.241927613,13.123968178 80.2419553010001,13.1238409 80.2419618540001,13.1237106780001 80.2419788220001,13.123597111</coordinates></LineString></MultiGeometry>
  </Placemark>
  <Placemark>
	<name>ICF Drain</name>
	<Style><LineStyle><color>ff0000ff</color></LineStyle><PolyStyle><fill>0</fill></PolyStyle></Style>
	<ExtendedData><SchemaData schemaUrl="#chennaidss_gis_drainage_network_chennai_basin_micro_drains_withlabel">
		<SimpleData name="id">12</SimpleData>
		<SimpleData name="subbasin">Cooum</SimpleData>
		<SimpleData name="modelling">Hydraulic channel Routing</SimpleData>
		<SimpleData name="length_km">3.055</SimpleData>
		<SimpleData name="slno">12</SimpleData>
		<SimpleData name="type">Micro Drain</SimpleData>
	</SchemaData></ExtendedData>
      <MultiGeometry><LineString><coordinates>80.219616796,13.104140946 80.219632324,13.104156338 80.219654887,13.1041903150001 80.219714772,13.1042592540001 80.219784725,13.1042752810001 80.219867284,13.104272118 80.220009083,13.1041844960001 80.220158523,13.1040913990001 80.2203180130001,13.10400062 80.2205117490001,13.103912944 80.2206479770001,13.1038313750001 80.220780547,13.1038196480001 80.2208637080001,13.103793505 80.2209588150001,13.103750195 80.221043362,13.10374195 80.2212373260001,13.103720289 80.2213816280001,13.1037005090001 80.2215578810001,13.103677786 80.221632717,13.103668382 80.221876265,13.1036388710001 80.222072515,13.103609185 80.222372798,13.103580185 80.222671652,13.10355145 80.222898931,13.103520229 80.223228514,13.103483086 80.2235275560001,13.103451788 80.223847117,13.103416162 80.2240269930001,13.1033901610001 80.224153695,13.103378741 80.22441746,13.1033510280001 80.224641352,13.1033184580001 80.224917553,13.103294384 80.2252761920001,13.103257813 80.2254906220001,13.1032294150001 80.225771274,13.103196127 80.2260727470001,13.103158012 80.2263397890001,13.103118684 80.2264949360001,13.103102753 80.226736849,13.103075521 80.226951435,13.1030447900001 80.227295345,13.103000278 80.227542006,13.1029783080001 80.227825666,13.102937347 80.228057724,13.1029187960001 80.2283542110001,13.1028827960001 80.229045073,13.1027263 80.229236305,13.1026639030001 80.229442769,13.1026021760001 80.2296717540001,13.1025706780001 80.229912899,13.1025524290001 80.230086277,13.1025216380001 80.230282634,13.1025128070001 80.2304122250001,13.1025006360001 80.230572068,13.1024703000001 80.230727688,13.102468044 80.230820333,13.1024664220001 80.230974082,13.102457138 80.2311715610001,13.1024248400001 80.231297703,13.10240571 80.231476627,13.1023757940001 80.231643211,13.102349562 80.2318308430001,13.102313726 80.232028632,13.102273071 80.232211631,13.1022348990001 80.2324630410001,13.102170395 80.2327488560001,13.1021194250001 80.232939416,13.102071756 80.233152516,13.102040566 80.233419994,13.101988335 80.233619708,13.1019377370001 80.233820617,13.1018995770001 80.2340379810001,13.101870735 80.234267499,13.101842257 80.2344980330001,13.101811194 80.234789681,13.1017912670001 80.235027438,13.101767687 80.235281049,13.101768754 80.235429858,13.1017448000001 80.2355566130001,13.1017208060001 80.235844875,13.10166973 80.236117269,13.1016269590001 80.236308428,13.1015834450001 80.2366371670001,13.101511062 80.236945413,13.1014471650001 80.237108078,13.1014170830001 80.237451961,13.1013494630001 80.2376987920001,13.1013039370001 80.23780386,13.101271907 80.2380809530001,13.1012271510001 80.2384260960001,13.1011538240001 80.238708622,13.101095076 80.239025493,13.1010302080001 80.23934869,13.1009625480001 80.2396436810001,13.100890076 80.239870122,13.1008520550001 80.240138276,13.100816199 80.240353813,13.1007856470001 80.240538184,13.100764514 80.2407337470001,13.100730667 80.240967647,13.1007055150001 80.2412370010001,13.100672154 80.241498557,13.100638197 80.241763442,13.100620376 80.2419955730001,13.10059325 80.2422432290001,13.1005624050001 80.24234642,13.1005575360001 80.242543791,13.100540603 80.242773318,13.100515793 80.2429472090001,13.1004909020001 80.243074354,13.1004752700001 80.2432399030001,13.100459007 80.243433667,13.1004367510001 80.24358687,13.100403256 80.2436729710001,13.1003882830001 80.2438649920001,13.1003207690001 80.243999955,13.1002514090001 80.2442007830001,13.1001621910001 80.24436839,13.1000762650001 80.244558049,13.09999146 80.244719664,13.099900442 80.244790308,13.0998744210001 80.244927638,13.099788986 80.24515959,13.0996855260001 80.24529196,13.099619222 80.245463961,13.0995382600001 80.245619551,13.0994700730001 80.2458086830001,13.099379479 80.246005827,13.099290168 80.246222855,13.099189924 80.246420368,13.099101395 80.246432676,13.099094788 80.2466059220001,13.0990017830001 80.2466759710001,13.09895371 80.246765117,13.098889391 80.2468313690001,13.098831153 80.246875113,13.0987606080001</coordinates></LineString></MultiGeometry>
  </Placemark>
  <Placemark>
	<name>Anti-Malarial Drain</name>
	<Style><LineStyle><color>ff0000ff</color></LineStyle><PolyStyle><fill>0</fill></PolyStyle></Style>
	<ExtendedData><SchemaData schemaUrl="#chennaidss_gis_drainage_network_chennai_basin_micro_drains_withlabel">
		<SimpleData name="id">13</SimpleData>
		<SimpleData name="subbasin">Cooum</SimpleData>
		<SimpleData name="modelling">Hydraulic channel Routing</SimpleData>
		<SimpleData name="length_km">0.872</SimpleData>
		<SimpleData name="slno">13</SimpleData>
		<SimpleData name="type">Micro Drain</SimpleData>
	</SchemaData></ExtendedData>
      <MultiGeometry><LineString><coordinates>80.2668817480001,13.098440947 80.2669230130001,13.098523712 80.2669477220001,13.0985698380001 80.267007118,13.0986432960001 80.2671143730001,13.09880791 80.2672037400001,13.0989436420001 80.2673067060001,13.099102052 80.2674771750001,13.09932801 80.2676594890001,13.0995002600001 80.267874722,13.099677559 80.2678849470001,13.09976973 80.267937915,13.100095212 80.2680038980001,13.10044263 80.2680492800001,13.100755421 80.26812104,13.1013055290001 80.268196892,13.101828807 80.268224517,13.102015422 80.2682501750001,13.102263436 80.268313575,13.102446309 80.268422086,13.1025564400001 80.268580331,13.102614499 80.268751206,13.102639303 80.268921823,13.102681772 80.2690161310001,13.102774592 80.269045696,13.102867261 80.2690567440001,13.1031034600001 80.2690710780001,13.1034585030001 80.269106068,13.1039072770001 80.2691581580001,13.104258825 80.2692544620001,13.1050324900001 80.269254996,13.1051967430001 80.2692929110001,13.1054525680001</coordinates></LineString></MultiGeometry>
  </Placemark>
  <Placemark>
	<name>Padikuppam Drain</name>
	<Style><LineStyle><color>ff0000ff</color></LineStyle><PolyStyle><fill>0</fill></PolyStyle></Style>
	<ExtendedData><SchemaData schemaUrl="#chennaidss_gis_drainage_network_chennai_basin_micro_drains_withlabel">
		<SimpleData name="id">14</SimpleData>
		<SimpleData name="subbasin">Cooum</SimpleData>
		<SimpleData name="modelling">Hydraulic channel Routing</SimpleData>
		<SimpleData name="length_km">2.33</SimpleData>
		<SimpleData name="slno">14</SimpleData>
		<SimpleData name="type">Micro Drain</SimpleData>
	</SchemaData></ExtendedData>
      <MultiGeometry><LineString><coordinates>80.191180877,13.095260185 80.191188459,13.0950883440001 80.191203952,13.0949442360001 80.191218125,13.094787787 80.191235695,13.0946101070001 80.191248046,13.094483727 80.191276098,13.0943539700001 80.191291641,13.094065013 80.1913360500001,13.0936979450001 80.1913942840001,13.093234647 80.191444415,13.092908032 80.191464574,13.092675659 80.1914911040001,13.092429929 80.19151161,13.092301413 80.191592005,13.09212244 80.191678142,13.0919292540001 80.191740532,13.091767361 80.191806419,13.091528851 80.191909759,13.0912613360001 80.192078703,13.090807624 80.192170386,13.0902640130001 80.192226383,13.0899773850001 80.192251356,13.0895919700001 80.192302803,13.089209907 80.19228343,13.088812035 80.192224721,13.088371908 80.192176695,13.08804893 80.1921300240001,13.0877192520001 80.1920192950001,13.0873775150001 80.191991439,13.0872977230001 80.19192623,13.087110407 80.191824568,13.0869203900001 80.191723445,13.0866609050001 80.1916046820001,13.086404188 80.191475321,13.0861006370001 80.1913309060001,13.0857906200001 80.1911971320001,13.0856084960001 80.1910258,13.085282402 80.1909622700001,13.085054896 80.190769319,13.084695947 80.1905873720001,13.084117976 80.190497814,13.0838895140001 80.1903451790001,13.0834878090001 80.190172609,13.0830743180001 80.190106856,13.082925149 80.1900178240001,13.0827185960001 80.189901261,13.0823765760001 80.189783629,13.082114211 80.1897017850001,13.081900149 80.1896995580001,13.081891315 80.189623889,13.0816907550001 80.189566883,13.0815134590001 80.18951159,13.081384609 80.189461788,13.08118588 80.189424299,13.081045895 80.1893985250001,13.0809390810001 80.1893549500001,13.080793345 80.189309339,13.0806539020001 80.189276341,13.0805263710001 80.18925677,13.0804544540001 80.18921234,13.0802834960001 80.189191505,13.0801227970001 80.189188369,13.0800576890001 80.189250954,13.0799977740001 80.189321354,13.079923455 80.189412774,13.079851929 80.189504522,13.079771148 80.189582218,13.0797226780001 80.1897253700001,13.079667657 80.1898085730001,13.079650238 80.189863081,13.079609231 80.189950355,13.0795523600001 80.1900325350001,13.0795022090001 80.1901085690001,13.0794291340001 80.190179447,13.0793789840001 80.190265388,13.079307079 80.190344913,13.079255329 80.1904021650001,13.0792208630001 80.1904826510001,13.079175763 80.1905498,13.079142021 80.190624881,13.0790928120001 80.1906784980001,13.079047984 80.1907480780001,13.078996501 80.190765066,13.078959198 80.1907713950001,13.0789008760001 80.190781857,13.078847626 80.190822053,13.0788042230001 80.190884826,13.078735637 80.190986813,13.078679165 80.191091236,13.078605506 80.191186192,13.0785433400001 80.191294133,13.078483402 80.1913768590001,13.078433808 80.191475084,13.078371654 80.191512999,13.078373244 80.191535605,13.0784108690001 80.1915723990001,13.078426592 80.1915905870001,13.078413069 80.1916805280001,13.078376334 80.191807212,13.0783915690001 80.1918845700001,13.0784330120001 80.192000231,13.078490413 80.192124161,13.0785530900001 80.19219687,13.07861192 80.192258101,13.07868527 80.192353038,13.0787669050001 80.1924489290001,13.0788714440001 80.192533078,13.0789514090001 80.192594483,13.079022699 80.1926644720001,13.0790699780001 80.192730349,13.079102287 80.192784393,13.0790747650001 80.192845381,13.079022675 80.1929107590001,13.0789832950001 80.193006959,13.078936878 80.193075434,13.078878602 80.193224701,13.0787947080001 80.193370655,13.078687721</coordinates></LineString></MultiGeometry>
  </Placemark>
  <Placemark>
	<name>Ambattur SIDCO Drain</name>
	<Style><LineStyle><color>ff0000ff</color></LineStyle><PolyStyle><fill>0</fill></PolyStyle></Style>
	<ExtendedData><SchemaData schemaUrl="#chennaidss_gis_drainage_network_chennai_basin_micro_drains_withlabel">
		<SimpleData name="id">15</SimpleData>
		<SimpleData name="subbasin">Cooum</SimpleData>
		<SimpleData name="modelling">Hydraulic channel Routing</SimpleData>
		<SimpleData name="length_km">2.512</SimpleData>
		<SimpleData name="slno">15</SimpleData>
		<SimpleData name="type">Micro Drain</SimpleData>
	</SchemaData></ExtendedData>
      <MultiGeometry><LineString><coordinates>80.1715388990001,13.0884380280001 80.171614308,13.088367996 80.1716106790001,13.088183418 80.17159579,13.0879673370001 80.1715691820001,13.0877614080001 80.171541498,13.0874003750001 80.171545457,13.087228442 80.171513776,13.0869915530001 80.171500794,13.0867931930001 80.1714778140001,13.086584351 80.171464126,13.086480963 80.171446435,13.0863855910001 80.171351694,13.0863349340001 80.171301445,13.086288805 80.171306454,13.086169203 80.171313249,13.0860099330001 80.1713312270001,13.0858351210001 80.171353224,13.08573158 80.171389526,13.0856671980001 80.1714153230001,13.0856206040001 80.17144494,13.0855796700001 80.17154282,13.085553728 80.1716406120001,13.0855744220001 80.171720953,13.0855746640001 80.171789667,13.085531201 80.171819805,13.0854391660001 80.171872291,13.085290446 80.1718818680001,13.0851557290001 80.171879633,13.0851448540001 80.1718984010001,13.084962809 80.1719392730001,13.084783751 80.171958895,13.0846177330001 80.1719921580001,13.0844733590001 80.171992516,13.0844589000001 80.171992694,13.084451684 80.172010155,13.084330412 80.17205735,13.0842578300001 80.172158448,13.084206496 80.172301207,13.0841691090001 80.172478094,13.084125054 80.1725975900001,13.0840928530001 80.172786084,13.0840222720001 80.172864582,13.0839601910001 80.1729187730001,13.0838245070001 80.1729219740001,13.0838190250001 80.172964532,13.083638323 80.173041128,13.0833906270001 80.1731311,13.08313688 80.173225718,13.082796612 80.173360215,13.0824081000001 80.173460274,13.0820800590001 80.173551099,13.081748148 80.173672276,13.0813496930001 80.173776604,13.0810252090001 80.173873062,13.080689761 80.173966137,13.0803597620001 80.174075331,13.080036281 80.174215317,13.079572723 80.1743331330001,13.079234445 80.1744261360001,13.078940079 80.174507223,13.078689019 80.174587539,13.0783754980001 80.1746643160001,13.0781370390001 80.174700325,13.07791797 80.174813279,13.0778329120001 80.174948615,13.0776915330001 80.1751493240001,13.0775097810001 80.175326264,13.077373057 80.175543459,13.0771889960001 80.175724646,13.07703848 80.17592499,13.076866362 80.176132843,13.0766961850001 80.1763739780001,13.0764911350001 80.1765795680001,13.0763330620001 80.1767231440001,13.0762290990001 80.176851361,13.07611721 80.176961963,13.07603126 80.177195789,13.0760027630001 80.17737531,13.076012515 80.1775965830001,13.0760128190001 80.1777364660001,13.0760158310001 80.177778283,13.0759993240001 80.1777904670001,13.07588071 80.17780092,13.0757626620001 80.177797957,13.0756340700001 80.177813265,13.07531872 80.17781289,13.075194143 80.1778221080001,13.075014653 80.177826418,13.0748707780001 80.1778264910001,13.0746808250001 80.177873597,13.07459945 80.1779558650001,13.0745378930001 80.178092188,13.07445884 80.178220667,13.0743831860001 80.1783776170001,13.074300602 80.178558892,13.074201278 80.178652388,13.074151128 80.178654247,13.0741477940001 80.178786598,13.074062114 80.178888243,13.0740022500001 80.178961437,13.073951022 80.178989605,13.073895425 80.178986002,13.0738334640001 80.178987594,13.073774318 80.1790250050001,13.073727077 80.179094299,13.0736948740001 80.179210815,13.073685054 80.179282443,13.073673587 80.179427109,13.0736599920001 80.1796035850001,13.0736432220001 80.179755829,13.07362613 80.179916202,13.0735945590001 80.180063504,13.0735704790001 80.180159263,13.07352938 80.1802123130001,13.0734784360001 80.180224475,13.073386796 80.180233374,13.0732938680001 80.180234026,13.0732855280001 80.180246416,13.0731884230001 80.18027019,13.0730857500001 80.180364705,13.0730682860001 80.1804335600001,13.0730524790001 80.1805113080001,13.0730445460001 80.180583748,13.073050747 80.1806051410001,13.0730743770001 80.180626306,13.073110917 80.180661557,13.073104508 80.180782859,13.0730996350001 80.1808260980001,13.073097457 80.180925278,13.0730751250001 80.18100187,13.0730219770001 80.1810149580001,13.072907392 80.181032304,13.072731146 80.181072519,13.072607693 80.18112651,13.072532667 80.181298057,13.0724923060001 80.181546384,13.072425131 80.1817678020001,13.072357927 80.181944337,13.072339399 80.182193618,13.0723337150001 80.1822022420001,13.0722322280001 80.182237357,13.072047106</coordinates></LineString></MultiGeometry>
  </Placemark>
  <Placemark>
	<name>Nolambur Drain</name>
	<Style><LineStyle><color>ff0000ff</color></LineStyle><PolyStyle><fill>0</fill></PolyStyle></Style>
	<ExtendedData><SchemaData schemaUrl="#chennaidss_gis_drainage_network_chennai_basin_micro_drains_withlabel">
		<SimpleData name="id">16</SimpleData>
		<SimpleData name="subbasin">Cooum</SimpleData>
		<SimpleData name="modelling">Hydraulic channel Routing</SimpleData>
		<SimpleData name="length_km">1.255</SimpleData>
		<SimpleData name="slno">16</SimpleData>
		<SimpleData name="type">Micro Drain</SimpleData>
	</SchemaData></ExtendedData>
      <MultiGeometry><LineString><coordinates>80.165094409,13.081015401 80.165077525,13.0808521240001 80.165046063,13.080534959 80.165037384,13.080285645 80.165044632,13.0800715250001 80.165075857,13.079922954 80.165131154,13.0798090720001 80.1652338580001,13.079719053 80.16538598,13.0796890270001 80.165612878,13.0796634330001 80.165722988,13.079648279 80.165867044,13.0796304850001 80.1658770000001,13.0796303010001 80.165886954,13.0796301170001 80.166008665,13.0796572060001 80.1660944720001,13.0797171490001 80.1662028180001,13.0798274630001 80.166304498,13.079934087 80.166400121,13.080003006 80.166465139,13.080034026 80.166533482,13.080026863 80.166579321,13.0800012 80.166616964,13.079993234 80.1667129650001,13.079939902 80.16686917,13.079899713 80.167002818,13.079884686 80.167153622,13.0798675640001 80.167246014,13.07985824 80.167441989,13.079828519 80.167611134,13.0797949830001 80.167733927,13.079769509 80.1678317440001,13.0797108520001 80.167845696,13.079614876 80.1678889290001,13.079500927 80.167957123,13.079406255 80.168042137,13.079307107 80.16815333,13.0791990330001 80.168297523,13.079128558 80.1684986270001,13.0790797970001 80.168675754,13.079023097 80.1689114860001,13.078968473 80.169056213,13.078934755 80.169208601,13.078878677 80.16943418,13.078859125 80.169444496,13.0788568580001 80.1694465670001,13.078856838 80.169653351,13.078842093 80.1697942900001,13.0788457520001 80.16995906,13.078838514 80.1701737820001,13.0788386900001 80.170184132,13.0788385890001 80.170429892,13.078810285 80.170755404,13.0788070520001 80.171048764,13.078808458 80.171230674,13.078817482 80.171370518,13.0788160320001 80.171542898,13.0787918130001 80.1717483050001,13.078759937 80.171754612,13.078757657 80.1719832770001,13.078727368 80.17227331,13.0786746900001 80.172462162,13.0786260060001 80.172668908,13.078567212 80.172833814,13.0785158860001 80.17313749,13.0783978440001 80.1735689100001,13.07825418 80.173997616,13.078158765 80.174312656,13.078041023 80.174715696,13.077921615</coordinates></LineString></MultiGeometry>
  </Placemark>
  <Placemark>
	<name>Otteri Nullah - Cooum Link</name>
	<Style><LineStyle><color>ff0000ff</color></LineStyle><PolyStyle><fill>0</fill></PolyStyle></Style>
	<ExtendedData><SchemaData schemaUrl="#chennaidss_gis_drainage_network_chennai_basin_micro_drains_withlabel">
		<SimpleData name="id">17</SimpleData>
		<SimpleData name="subbasin">Cooum</SimpleData>
		<SimpleData name="modelling">Hydraulic channel Routing</SimpleData>
		<SimpleData name="length_km">1.496</SimpleData>
		<SimpleData name="slno">17</SimpleData>
		<SimpleData name="type">Micro Drain</SimpleData>
	</SchemaData></ExtendedData>
      <MultiGeometry><LineString><coordinates>80.21784224,13.080599228 80.2178043000001,13.0808189390001 80.21781531,13.0810401680001 80.217861332,13.081519036 80.217886902,13.0818333990001 80.217893044,13.082125684 80.217893018,13.0824732780001 80.217921429,13.083012232 80.217926215,13.0834001540001 80.2179321070001,13.083747084 80.217927738,13.08407313 80.2179213890001,13.084348316 80.217996365,13.0844938330001 80.218057546,13.084566879 80.218066327,13.084716229 80.217991876,13.0848408710001 80.2179792200001,13.0850150710001 80.217981261,13.085275116 80.217998455,13.085530945 80.217999259,13.0858572720001 80.218016319,13.086101257 80.218038568,13.0863806460001 80.218050216,13.086740223 80.2180692570001,13.087387885 80.218090686,13.087923793 80.2181191820001,13.088370647 80.2181472610001,13.08883987 80.218166494,13.0893916990001 80.218177182,13.0898422060001 80.218206978,13.090555517 80.2182354020001,13.091021488 80.218237691,13.0912666400001 80.2182529980001,13.0916599750001 80.218252827,13.092001139 80.218302633,13.092171461 80.218322914,13.092226643 80.218294685,13.0923501150001 80.218293847,13.092485673 80.2183002070001,13.09257985 80.2183085900001,13.092919255 80.218306253,13.093239636 80.218335568,13.0935207990001 80.218337608,13.0940359090001</coordinates></LineString></MultiGeometry>
  </Placemark>
  <Placemark>
	<name>Nungambakkam Drain</name>
	<Style><LineStyle><color>ff0000ff</color></LineStyle><PolyStyle><fill>0</fill></PolyStyle></Style>
	<ExtendedData><SchemaData schemaUrl="#chennaidss_gis_drainage_network_chennai_basin_micro_drains_withlabel">
		<SimpleData name="id">18</SimpleData>
		<SimpleData name="subbasin">Cooum</SimpleData>
		<SimpleData name="modelling">Hydraulic channel Routing</SimpleData>
		<SimpleData name="length_km">1.424</SimpleData>
		<SimpleData name="slno">18</SimpleData>
		<SimpleData name="type">Micro Drain</SimpleData>
	</SchemaData></ExtendedData>
      <MultiGeometry><LineString><coordinates>80.2448413374112,13.0628597741562 80.2451190791942,13.0628144580777 80.245312128883,13.0627688945144 80.2454533522609,13.0627462431202 80.2455850533701,13.0627604655473 80.2457072462672,13.0628069491434 80.2458387654488,13.0628811361495 80.2460030525744,13.063010771177 80.2461062292955,13.0631217770893 80.2462046030415,13.0632650579368 80.2463265444928,13.0633945693187 80.24644408868,13.0634225881931 80.2466181223766,13.0634415462007 80.246792226014,13.06343744074 80.2470040964582,13.0633919307515 80.2472251814554,13.0634110253763 80.2473897770398,13.0634391808115 80.2482134742989,13.0633424038373 80.2489482267847,13.06309545267 80.2496451419802,13.0629129675313 80.2506683376011,13.0625815129883 80.2509839139057,13.0624717221599 80.2512853190314,13.0623803407615 80.2516008809543,13.0622751618258 80.2517539914348,13.062211026902 80.2519004607363,13.0620084911725 80.2519435494804,13.0617618354869 80.2519891364436,13.0614667534848 80.2520132241496,13.0612800081256 80.2520228564432,13.0612062325153 80.2520582695446,13.0611648204909 80.2521241199643,13.0611719300189 80.2521923298726,13.0611767399949 80.2522840097214,13.0612000686853 80.2523710261258,13.0612095457095 80.252530902071,13.0612422969033 80.252624955334,13.0612587132597 80.2527072597523,13.0612704829128 80.2529800233412,13.0613150918304 80.2533256813486,13.0613714427507 80.2535207002938,13.0614527283583 80.2536165452314,13.0616559646274 80.2537544280734,13.0619619551709 80.2538360126332,13.0622135837581 80.2539221362827,13.0625205780403 80.25402268704,13.0627238277584 80.2544975790148,13.0628335962989 80.2550244698265,13.0628627912258 80.2555041437418,13.0629472017716 80.2557158329698,13.0629616493743</coordinates></LineString></MultiGeometry>
  </Placemark>
  <Placemark>
	<name>Mambalam Drain</name>
	<Style><LineStyle><color>ff0000ff</color></LineStyle><PolyStyle><fill>0</fill></PolyStyle></Style>
	<ExtendedData><SchemaData schemaUrl="#chennaidss_gis_drainage_network_chennai_basin_micro_drains_withlabel">
		<SimpleData name="id">22</SimpleData>
		<SimpleData name="subbasin">Adyar</SimpleData>
		<SimpleData name="modelling">Hydraulic Channel Routing</SimpleData>
		<SimpleData name="length_km">5.785</SimpleData>
		<SimpleData name="slno">22</SimpleData>
		<SimpleData name="type">Micro Drain</SimpleData>
	</SchemaData></ExtendedData>
      <MultiGeometry><LineString><coordinates>80.2431568940088,13.0524134025965 80.2432469894144,13.0524004048766 80.243819836004,13.0522391207591 80.2444208915997,13.0520745421077 80.2456039679986,13.051524065593 80.2458545957869,13.0514790699118 80.2459635818638,13.0513767255285 80.2463267768966,13.0512847229083 80.2465806895596,13.0512581563949 80.2467857169378,13.0510043532167 80.2471510976192,13.0501628294239 80.2471776870711,13.0499912528814 80.2471511159792,13.0498749255316 80.2470710908008,13.0497772904091 80.2470073790041,13.0496795293309 80.2469574666215,13.0495588122094 80.2468298231459,13.0493358722296 80.2468145561052,13.0491760434952 80.2468440082899,13.0490707084413 80.2468738090313,13.0490087847638 80.246901371024,13.0489583031181 80.2469149502066,13.0489079293927 80.2468489449651,13.0488147558338 80.2467943169272,13.0486872201806 80.2467144941098,13.0486147177695 80.2466784181832,13.0484756141482 80.2466451496896,13.0483958975844 80.2466606558248,13.0482952400694 80.2467066413718,13.0482171968603 80.2467593798024,13.0481093971683 80.2468098060783,13.0480039002655 80.2468578651708,13.0478938517243 80.2468736463826,13.0478274663528 80.246943138817,13.0474841873877 80.2469699485417,13.0473400285675 80.2469803350269,13.0471822867875 80.2469864275018,13.0470702771672 80.2469947770502,13.0469491103236 80.2470038244307,13.0466245774468 80.2470213673577,13.046487344997 80.2470267077554,13.046281658183 80.2470419569201,13.046149013337 80.2470950625589,13.045796721039 80.2471491219845,13.0455632388391 80.247145618415,13.0451268402106 80.2471463713622,13.0449303285986 80.2471267190963,13.0448048079342 80.2470661657003,13.0445196562837 80.2469251140272,13.0437872751852 80.2468885806334,13.0435910512047 80.2468567815013,13.0434039304912 80.2467136028362,13.0426966999327 80.2466096367466,13.0422290866912 80.2464581282506,13.0416453074326 80.2464116876078,13.0413760411848 80.246363264983,13.0411502042971 80.2462396861006,13.0405616394137 80.2460829665017,13.0401995402606 80.2459358438195,13.0398716412574 80.2457091624086,13.0392130370793 80.2456102239748,13.0390812723614 80.2454663856871,13.0388721651971 80.2453972844487,13.0386830465435 80.2450362733313,13.0378381102266 80.2449313200745,13.0375373047775 80.2446866421859,13.0369588110293 80.2445873811264,13.0364957296131 80.244510667996,13.0362289806401 80.2443842489618,13.0358666462655 80.244135371335,13.0353453077847 80.2439352792079,13.035095503169 80.2436871651829,13.0349603158688 80.2433597466744,13.0348165988557 80.2429289157051,13.0345639991592 80.2427465903175,13.0342043786458 80.2426566112958,13.0340268441625 80.2425322524977,13.0336302180751 80.2423861814638,13.0334325503056 80.2422409333065,13.0333376992522 80.2418514669861,13.0330116603642 80.2415656140061,13.0328196367701 80.2411297986778,13.0325259423502 80.240793757409,13.0324691162268 80.2401354014291,13.0323233676801 80.2397130838247,13.0322603480267 80.2394002366633,13.0321896320621 80.2392272271119,13.0321201268502 80.2384895502998,13.0319635581422 80.2381048467901,13.0319413763439 80.2372781627641,13.0317283629584 80.2369094800265,13.031669496956 80.2356516519264,13.0314552146482 80.2351380709415,13.0313449023469 80.2343235514277,13.0311957648179 80.2338311078605,13.0311058525883 80.2327900572678,13.0308967504058 80.2315926220213,13.0306568503967 80.2305002342456,13.0304389912448 80.2302058331121,13.030342987745 80.2299762269176,13.0301893643192 80.2297621704071,13.0299396528653 80.2296093743453,13.0297740171968 80.2293740371119,13.0294856233248 80.2292138512516,13.0292697743265 80.2290567947548,13.029154440242 80.2287360179737,13.0289649521967 80.228516261414,13.0288775162769 80.2281093729485,13.0287023947444 80.2278168693898,13.0285515341529 80.2276969173518,13.0284130660804 80.2276049109235,13.0282720996689 80.227493817423,13.0277816771798 80.2274289406426,13.0275353945988 80.2273504812539,13.0273394851565 80.2272469872438,13.027219170994 80.2271245246142,13.0270578718796 80.2271374546335,13.0269252444446 80.2272643874067,13.0267688973922 80.2275009522683,13.0266254235981 80.2276774917104,13.0265532420469 80.2277861807265,13.0264473035551 80.227853124091,13.0263668184016 80.2281885659376,13.0260557860357 80.2284011010225,13.0258210958943 80.2287202113846,13.0255079027136 80.2289071125306,13.0252734079907 80.2290225916534,13.0251422825241 80.2294665727351,13.0247070313592 80.2295938478435,13.0245940954279 80.2301336399133,13.0241923862156 80.2308678947443,13.0239217185564 80.2317397097142,13.0233666605687 80.2324172341835,13.0229958839706 80.2331878206083,13.022606114113 80.2337444591851,13.0222728189481 80.234087151324,13.0219959996814 80.2346852920721,13.0221924983086 80.2354333695348,13.022488385714 80.2357023661077,13.0224680454951 80.2358485974198,13.0223949487546 80.2361587185929,13.0222714694457 80.2362689038708,13.0222077885543 80.2363891107505,13.0220857641406 80.2365837017911,13.0216478440698 80.2368434485477,13.0214904756197 80.2369897062203,13.0214208056026</coordinates></LineString></MultiGeometry>
  </Placemark>
  <Placemark>
	<name>Reddykuppam drain</name>
	<Style><LineStyle><color>ff0000ff</color></LineStyle><PolyStyle><fill>0</fill></PolyStyle></Style>
	<ExtendedData><SchemaData schemaUrl="#chennaidss_gis_drainage_network_chennai_basin_micro_drains_withlabel">
		<SimpleData name="id">23</SimpleData>
		<SimpleData name="subbasin">Adyar</SimpleData>
		<SimpleData name="modelling">Hydraulic Channel Routing</SimpleData>
		<SimpleData name="length_km">0.499</SimpleData>
		<SimpleData name="slno">23</SimpleData>
		<SimpleData name="type">Micro Drain</SimpleData>
	</SchemaData></ExtendedData>
      <MultiGeometry><LineString><coordinates>80.2241132926257,13.0269817181027 80.2241533152581,13.0269225749003 80.224198052776,13.0268702507226 80.2242753856251,13.0268508104591 80.2243649389119,13.0268295633307 80.224471309833,13.0267984768598 80.2245384717817,13.02674541053 80.2246683628633,13.0267415645573 80.2248918171947,13.0267078719805 80.2249891278766,13.0266362959334 80.2251022614467,13.0265029047577 80.2251222015476,13.0263725088302 80.2251749105464,13.0262601430014 80.2252629722953,13.0261977773022 80.2253911198428,13.0261945155413 80.2255262582308,13.0261912004257 80.2256215643555,13.0261607691296 80.2260673734304,13.0262487693738 80.2264217940991,13.0262734863661 80.2267384951443,13.0262436510733 80.2268785659478,13.0262745723183 80.2269670623199,13.0262670422849 80.2271685955327,13.0262609348167 80.2273209842422,13.0262289249146 80.2274129125145,13.0262133711215 80.2276046166798,13.0261433589206 80.2277244719834,13.026123021952 80.2278780981855,13.0261001422115 80.2279920460993,13.0260695678091 80.228112975746,13.02603779758 80.2281919331213,13.0260029202204 80.2282546510897,13.0259773067146 80.2282638996361,13.0259680962048</coordinates></LineString></MultiGeometry>
  </Placemark>
  <Placemark>
	<name>Nandhanam Drain</name>
	<Style><LineStyle><color>ff0000ff</color></LineStyle><PolyStyle><fill>0</fill></PolyStyle></Style>
	<ExtendedData><SchemaData schemaUrl="#chennaidss_gis_drainage_network_chennai_basin_micro_drains_withlabel">
		<SimpleData name="id">24</SimpleData>
		<SimpleData name="subbasin">Adyar</SimpleData>
		<SimpleData name="modelling">Hydraulic Channel Routing</SimpleData>
		<SimpleData name="length_km">1.081</SimpleData>
		<SimpleData name="slno">24</SimpleData>
		<SimpleData name="type">Micro Drain</SimpleData>
	</SchemaData></ExtendedData>
      <MultiGeometry><LineString><coordinates>80.2436008507574,13.0349242458787 80.2433344679873,13.034094653823 80.2431746383252,13.033746072941 80.2432050820703,13.033669963578 80.2436708713713,13.0331524199102 80.2417407379279,13.0318555163663 80.2416786159809,13.0316919033977 80.2417055787337,13.0314958816018 80.2415978417615,13.0311050808958 80.2413443309839,13.0303237715492 80.2412157873207,13.0297093423518 80.241039100863,13.0290206869024 80.2408636079685,13.0284812140911 80.240736780879,13.0280812347561 80.2406762222562,13.0276434481709 80.2405588309944,13.0272340716307 80.240499092575,13.0268988482044 80.2404880187509,13.0267031185788 80.2404205590834,13.0265917426247</coordinates></LineString></MultiGeometry>
  </Placemark>
  <Placemark>
	<name>MGR canal</name>
	<Style><LineStyle><color>ff0000ff</color></LineStyle><PolyStyle><fill>0</fill></PolyStyle></Style>
	<ExtendedData><SchemaData schemaUrl="#chennaidss_gis_drainage_network_chennai_basin_micro_drains_withlabel">
		<SimpleData name="id">25</SimpleData>
		<SimpleData name="subbasin">Adyar</SimpleData>
		<SimpleData name="modelling">Hydraulic Channel Routing</SimpleData>
		<SimpleData name="length_km">1.778</SimpleData>
		<SimpleData name="slno">25</SimpleData>
		<SimpleData name="type">Micro Drain</SimpleData>
	</SchemaData></ExtendedData>
      <MultiGeometry><LineString><coordinates>80.2046127062944,13.0401961767815 80.204377268928,13.0387799480735 80.2042402215593,13.0379074167716 80.2039690628778,13.0361361857945 80.2039521589125,13.0355735920153 80.2038407273705,13.0353110102525 80.2037563447222,13.035162451806 80.2036506928997,13.0350303719664 80.2035122137305,13.0349568189972 80.2033941992233,13.0347642217731 80.2033100182188,13.0346413044978 80.2031632548979,13.0344209498574 80.2030999411358,13.0342302710894 80.2030631088054,13.03408135373 80.2030167666469,13.0339325080651 80.2029796419007,13.033746294105 80.2029306116088,13.0335578387214 80.2028626348105,13.0333788508576 80.2028235167592,13.0332416065219 80.202798023719,13.0330226683655 80.2027394839389,13.0328342845895 80.2025614132977,13.0325628795436 80.2023842385821,13.0324056951211 80.2022147264035,13.0323160568682 80.2020883191843,13.0322657236353 80.2019568282088,13.0321734674883 80.2018896016956,13.03209005174 80.2018340798001,13.0319832360237 80.2017621350158,13.0319045181302 80.2015628490596,13.0319596365883 80.2011968489001,13.0319787118718 80.2010897538418,13.031965531456 80.2010254895042,13.0319566907689 80.2009794595451,13.0318474721495 80.2008531257815,13.031806462399 80.2005200996295,13.0317856583693 80.2000541185485,13.0317891665577 80.1998973707864,13.0318113270619 80.1997197733847,13.0319035797396 80.1994134829199,13.0319571707713 80.1990163927609,13.0319531651621 80.1988091708361,13.0319057694107 80.1987250842553,13.0317945053724 80.1986188710708,13.0315901605582 80.1984896860182,13.0314885603604 80.1982141930758,13.0315279312141 80.1980526355343,13.0315431332316 80.197816902802,13.0314982821886 80.1975214238527,13.0314142500085 80.1974210968195,13.0313543935146 80.1973617399007,13.0312889838469 80.1972891566522,13.0312044413355 80.1971710464656,13.0310747829549 80.1971607529836,13.0309746195242 80.1972003859701,13.0308740808392 80.1973011217983,13.03068216681 80.1973314636182,13.0306096721274 80.1973066138314,13.0304723192175 80.1973288026665,13.0302693396682 80.1973108483458,13.0301016295653 80.1972262163707,13.029920433511 80.1971990804431,13.0297947536569 80.1971791497605,13.0296783443705 80.1971615965421,13.0295619172118 80.1971696666918,13.0293776932163 80.1971735286555,13.0292634362939 80.1971775364026,13.0291678277282</coordinates></LineString></MultiGeometry>
  </Placemark>
  <Placemark>
	<name>Kodungaiyur Canal1</name>
	<Style><LineStyle><color>ff0000ff</color></LineStyle><PolyStyle><fill>0</fill></PolyStyle></Style>
	<ExtendedData><SchemaData schemaUrl="#chennaidss_gis_drainage_network_chennai_basin_micro_drains_withlabel">
		<SimpleData name="id">19</SimpleData>
		<SimpleData name="subbasin">Cooum</SimpleData>
		<SimpleData name="modelling">Hydraulic channel Routing</SimpleData>
		<SimpleData name="length_km">2.617</SimpleData>
		<SimpleData name="slno">19</SimpleData>
		<SimpleData name="type">Micro Drain</SimpleData>
	</SchemaData></ExtendedData>
      <MultiGeometry><LineString><coordinates>80.2356765924817,13.1294590883516 80.235718184,13.12948015 80.235754769,13.1295206190001 80.235758172,13.129557112 80.235765168,13.1296183210001 80.235771308,13.1296992800001 80.2357640010001,13.129787387 80.235762682,13.1298795090001 80.2357669420001,13.129970988 80.23576912,13.1300614570001 80.235767361,13.130169063 80.235753685,13.13030536 80.235745863,13.1304229140001 80.235739423,13.1305304810001 80.235733607,13.130654923 80.235728244,13.130782611 80.2357234840001,13.130885994 80.2357223320001,13.1309634460001 80.235738809,13.131020164 80.235751109,13.131064625 80.2357831890001,13.131085081 80.2358704190001,13.131102066 80.235957586,13.131108583 80.2360443920001,13.1311170590001 80.236107927,13.131122297 80.2362020020001,13.131140801 80.2362583150001,13.1311407430001 80.236386195,13.131152465 80.236527897,13.131169115 80.236648939,13.1311915710001 80.236767366,13.131210318 80.236897907,13.131218628 80.2370164340001,13.1312343780001 80.237168507,13.131250966 80.237308649,13.131268556 80.237440711,13.1312864500001 80.23753937,13.1313014880001 80.2376220830001,13.1313108000001 80.237708513,13.13128512 80.2377808600001,13.131253028 80.237865065,13.1312048570001 80.237960716,13.13116481 80.238051954,13.1311679510001 80.238118391,13.131166004 80.2381668310001,13.131165377 80.238247728,13.1311554480001 80.238308265,13.1311729390001 80.238360236,13.131228803 80.238412672,13.1312880530001 80.23848889,13.1313266 80.2385407080001,13.1313595890001 80.238604185,13.131378213 80.238681948,13.1313771540001 80.23874054,13.1313570750001 80.238795041,13.131320768 80.2388579460001,13.1312819430001 80.238932173,13.131241241 80.2389888940001,13.131222889 80.239047067,13.131222162 80.239118675,13.1312318710001 80.239195937,13.131225215 80.239269815,13.131213998 80.239345289,13.1311969270001 80.239405293,13.131182053 80.2395041060001,13.131156555 80.239618229,13.1311298270001 80.2397252370001,13.131096933 80.239831976,13.1310485540001 80.239913898,13.130998901 80.240006123,13.1309487730001 80.240138448,13.130907314 80.2402371530001,13.130852201 80.240330262,13.130793699 80.240397249,13.130738726 80.24045263,13.1307004950001 80.240511082,13.130659223 80.240553398,13.130609873 80.2405962150001,13.130545289 80.2406436220001,13.1304840270001 80.240689516,13.130430318 80.2407452520001,13.130404304 80.2407925460001,13.130383862 80.2408295820001,13.130374715 80.240854903,13.1303973930001 80.240904847,13.130434761 80.2409316100001,13.130466993 80.240987818,13.1304962580001 80.2410210350001,13.130532903 80.241050353,13.1305604470001 80.241091354,13.130597982 80.241130177,13.13063312 80.241160543,13.130668993 80.2412019280001,13.1306957740001 80.2412479050001,13.130700887 80.24132629,13.13068968 80.24139227,13.130665732 80.241465793,13.1306228300001 80.241508144,13.1305826630001 80.241537714,13.130539604 80.2415804920001,13.130508163 80.241617682,13.1304742450001 80.2416685580001,13.130452066 80.2417482,13.130441851 80.241812741,13.1304408960001 80.24190419,13.130412131 80.2419822960001,13.130395788 80.2420597160001,13.1303724580001 80.2421313780001,13.130328761 80.2421994040001,13.1303053640001 80.2422674,13.130275809 80.242307911,13.1302502830001 80.2423624570001,13.130204303 80.242444422,13.1301611640001 80.2425024870001,13.130135845 80.2425479030001,13.1301113270001 80.2426152800001,13.1300786890001 80.242695756,13.1300574630001 80.2427718850001,13.1300518570001 80.24285345,13.130029815 80.242912953,13.1300206590001 80.242996904,13.1299980910001 80.2430863460001,13.129970262 80.243190656,13.129929217 80.2432643560001,13.129882525 80.243357602,13.1298363490001 80.243445249,13.1298220640001 80.243504757,13.129812652 80.2435729680001,13.1297887780001 80.2436672740001,13.129752204 80.243737426,13.1297164380001 80.2438167350001,13.129670844 80.2439011850001,13.129647203 80.2439700350001,13.1296334510001 80.2440624960001,13.129619894 80.244141223,13.129608084 80.244237202,13.129603397 80.244295217,13.129596423 80.244348674,13.129595001 80.244351284,13.129595379 80.244400228,13.129619358 80.244452506,13.1296331360001 80.2445206070001,13.1296337610001 80.244593724,13.129629023 80.24469784,13.1296213170001 80.244814299,13.1296126610001 80.244905152,13.1296074340001 80.245005473,13.1295905020001 80.245103339,13.129567047 80.245164468,13.1295533660001 80.245237608,13.1295375440001 80.2453146390001,13.129529405 80.245384497,13.129500444 80.245439563,13.129481703 80.245512875,13.129461419 80.245614327,13.129438426 80.2456994170001,13.129435141 80.2457818780001,13.1294379290001 80.2458565600001,13.129428826 80.24592654,13.1294162580001 80.246007056,13.1294236350001 80.2460964810001,13.129423027 80.2461544090001,13.1294154250001 80.2462176110001,13.1294026890001 80.24629587,13.129390718 80.246367266,13.1293868670001 80.246436764,13.1293828820001 80.246518914,13.1293778 80.246581285,13.129385931 80.246653395,13.1293981900001 80.246702983,13.1293989810001 80.246757485,13.1294160810001 80.246817243,13.129429605 80.246821077,13.129430105 80.246861975,13.1294614870001 80.246891899,13.1295082570001 80.246946827,13.129550574 80.246987762,13.129574631 80.2470331330001,13.1295995020001 80.247075797,13.129627369 80.247134061,13.12965607 80.2471749210001,13.1296714210001 80.2472342690001,13.1297079130001 80.247314101,13.1297501880001 80.247394509,13.129788236 80.2474763130001,13.129821919 80.2475820920001,13.129854026 80.247674965,13.129882418 80.247745807,13.129896514 80.247801872,13.129890754 80.247856447,13.1298823980001 80.2479115990001,13.1298742880001 80.247974098,13.129872242 80.248045215,13.129878792 80.2480781730001,13.1298893360001 80.248128714,13.129922058 80.248131127,13.1299223630001 80.2481815530001,13.129941571 80.248185153,13.1299420580001 80.248235683,13.1299438540001 80.248240475,13.129944502 80.248250387,13.129944586 80.24825398,13.129945072 80.248310254,13.1299419050001 80.248312626,13.1299422490001 80.2483661270001,13.1299550090001 80.248370889,13.129955699 80.2484320140001,13.1299746320001 80.248489573,13.129995675 80.2485737690001,13.130009197 80.248646887,13.1300071040001 80.248653093,13.130006738 80.248758911,13.1300271910001 80.248891232,13.130048975 80.249028699,13.130067711 80.249153656,13.130092932 80.2492655510001,13.130113909 80.249342148,13.130133094 80.249407761,13.1301506910001 80.249471128,13.13017196 80.249536591,13.130200199 80.2496095710001,13.130236336 80.249669763,13.1302808050001 80.2497253190001,13.1303338870001 80.249784598,13.1303901040001 80.249843803,13.130443186 80.249909329,13.1304936560001 80.249972134,13.130554112 80.250034248,13.1306143710001 80.250082434,13.130667734 80.2501208610001,13.130710781 80.250173981,13.130767952 80.250243136,13.1308183510001 80.250307774,13.1308651790001 80.2503696540001,13.130904627 80.250440686,13.1309390530001 80.250485644,13.130967497 80.250541702,13.130996334 80.25060275,13.1310175 80.250655764,13.131042118 80.250707741,13.1310843960001 80.2507623480001,13.1311262880001 80.250810138,13.1311679050001 80.25087095,13.1312121070001 80.250906973,13.131238496 80.250977631,13.1312988070001 80.2510140940001,13.1313384640001 80.2510544140001,13.1313756130001 80.251114429,13.13141228 80.2511849250001,13.131454902 80.2512454110001,13.1314873910001 80.251321841,13.131538921 80.2513812170001,13.1315681340001 80.251442958,13.131607783 80.25151934,13.1316429010001 80.251581616,13.131680771 80.2516574210001,13.131718112 80.2517416370001,13.131761267 80.251795221,13.1317944250001 80.25186825,13.1318399610001 80.2519675360001,13.1318977630001 80.2520578680001,13.131945613 80.2521465360001,13.132002286 80.252234633,13.1320582510001 80.252350829,13.1321033410001 80.2524404280001,13.132133552 80.252526823,13.1321673250001 80.252589571,13.132196121 80.252640784,13.1322097720001 80.25271663,13.132223395 80.2527940520001,13.1322415610001 80.252872223,13.132268567 80.2529388130001,13.132297028 80.25300755,13.13235599 80.253046931,13.1323951740001 80.2530803800001,13.132448122 80.2531038700001,13.132515445 80.253124344,13.1325745060001 80.253130662,13.1326282900001 80.253144372,13.1326844910001 80.2531592360001,13.1327400910001 80.2531862580001,13.1328124680001 80.2532071350001,13.132891774 80.253247325,13.1329626090001 80.2532818170001,13.1330364740001 80.2533006520001,13.1331159860001 80.2533092900001,13.133192073 80.2533188500001,13.1332670160001 80.2533222660001,13.133344371 80.2533240270001,13.1334218670001 80.25332036,13.1334972030001 80.2533230170001,13.133568224 80.2533272000001,13.133642186 80.253331836,13.133743746 80.2533332770001,13.1338107130001 80.2533349780001,13.133874838 80.253345408,13.133944028 80.2533556960001,13.134023337 80.253368861,13.1340908910001 80.2533813790001,13.134177127 80.2533888220001,13.1342415860001 80.253394649,13.134329177 80.253408838,13.1344181510001 80.253421281,13.134466997 80.253430737,13.134526754 80.253436572,13.1346011000001 80.2534467010001,13.134690344 80.2534551940001,13.134762645 80.2534635330001,13.1348543560001 80.2534704070001,13.1349318390001 80.2534902610001,13.135044145 80.253509714,13.13512999 80.2535173170001,13.1352160650001 80.2535367580001,13.135299961 80.2535482910001,13.1353609670001 80.253566665,13.1354238160001 80.253590073,13.135485477 80.253619492,13.1355287430001 80.253637648,13.135562452 80.25366391,13.135586269 80.253698902,13.135605718</coordinates></LineString></MultiGeometry>
  </Placemark>
  <Placemark>
	<name>Nanadambakkam drain</name>
	<Style><LineStyle><color>ff0000ff</color></LineStyle><PolyStyle><fill>0</fill></PolyStyle></Style>
	<ExtendedData><SchemaData schemaUrl="#chennaidss_gis_drainage_network_chennai_basin_micro_drains_withlabel">
		<SimpleData name="id">20</SimpleData>
		<SimpleData name="subbasin">Adyar</SimpleData>
		<SimpleData name="modelling">Hydraulic Channel Routing</SimpleData>
		<SimpleData name="length_km">1.039</SimpleData>
		<SimpleData name="slno">20</SimpleData>
		<SimpleData name="type">Micro Drain</SimpleData>
	</SchemaData></ExtendedData>
      <MultiGeometry><LineString><coordinates>80.1690933979133,13.0130879636664 80.1690629541681,13.0126084746801 80.1690119608951,13.0122423886444 80.1690165274568,13.0120429821136 80.1689510734047,13.012015582743 80.1686907793835,13.0120650538289 80.168667185481,13.0120635316417 80.1686618578256,13.0114196464314 80.1686215198633,13.0110710655493 80.1683475261568,13.0110756321111 80.1683391541269,13.0107970718428 80.1683855808382,13.0106631193641 80.1683939528682,13.0103487876953 80.1683711200593,13.01014633679 80.1681983518056,13.0091934475664 80.1688742029482,13.0089803413502 80.168661096732,13.0077595471692 80.167735606879,13.0077839021653 80.1675529444081,13.0064108892585 80.1673702819371,13.006313469274 80.1672972169487,13.0063104248994 80.1672454625819,13.0059907655752</coordinates></LineString></MultiGeometry>
  </Placemark>
  <Placemark>
	<name>Nanadambakkam drain</name>
	<Style><LineStyle><color>ff0000ff</color></LineStyle><PolyStyle><fill>0</fill></PolyStyle></Style>
	<ExtendedData><SchemaData schemaUrl="#chennaidss_gis_drainage_network_chennai_basin_micro_drains_withlabel">
		<SimpleData name="id">21</SimpleData>
		<SimpleData name="subbasin">Adyar</SimpleData>
		<SimpleData name="modelling">Hydraulic Channel Routing</SimpleData>
		<SimpleData name="length_km">0.893</SimpleData>
		<SimpleData name="slno">21</SimpleData>
		<SimpleData name="type">Micro Drain</SimpleData>
	</SchemaData></ExtendedData>
      <MultiGeometry><LineString><coordinates>80.167009523557,13.0130521922658 80.1669836463736,13.0127157888817 80.1669516804412,13.012664034515 80.1667416185995,13.0125407373471 80.1667431407867,13.0123154536328 80.1667811954682,13.0122362998955 80.1669471138794,13.0122149892738 80.1669562470029,13.0117628996581 80.1669379807558,13.0115756706254 80.1669729910627,13.0114432403339 80.1669532026284,13.0109272188535 80.1669318920068,13.0107719557531 80.1669349363813,13.010700412952 80.1664463142715,13.0107247679481 80.1662940955456,13.0106851910794 80.1663032286692,13.010322910512 80.1662514743024,13.009627270935 80.1661586208796,13.0093000006744 80.1659500812253,13.0086622042133 80.1657552412562,13.0065448417372 80.1659226818546,13.0062830255288 80.165907459982,13.0059846768262</coordinates></LineString></MultiGeometry>
  </Placemark>
  <Placemark>
	<name>Raj Bhavan Canal</name>
	<Style><LineStyle><color>ff0000ff</color></LineStyle><PolyStyle><fill>0</fill></PolyStyle></Style>
	<ExtendedData><SchemaData schemaUrl="#chennaidss_gis_drainage_network_chennai_basin_micro_drains_withlabel">
		<SimpleData name="id">35</SimpleData>
		<SimpleData name="subbasin">Kovalam</SimpleData>
		<SimpleData name="modelling">Hydraulic Channel Routing</SimpleData>
		<SimpleData name="length_km">1.158</SimpleData>
		<SimpleData name="slno">35</SimpleData>
		<SimpleData name="type">Micro Drain</SimpleData>
	</SchemaData></ExtendedData>
      <MultiGeometry><LineString><coordinates>80.2149419870888,12.988807297829 80.2150242198156,12.9890198377997 80.2150191593401,12.9890755030301 80.2150786199271,12.9893563594198 80.2151633828916,12.9896941461589 80.2152354946673,12.9900268724224 80.2152152527654,12.9900951888415 80.2152342295484,12.9902545938195 80.2152671226392,12.9903861661822 80.2153050762053,12.9903836359445 80.215298750611,12.9904873756921 80.2150330756477,12.9905683432999 80.2147104703351,12.990656901621 80.2145409444062,12.9907884739838 80.2143271393167,12.9909807720525 80.2141702645765,12.991075655968 80.2139526641302,12.9911806608344 80.2139223012773,12.9911971073798 80.214034896857,12.9914944103148 80.2141652041009,12.9918157505085 80.2142929811071,12.99213962094 80.2143967208546,12.992378728407 80.214403046449,12.9924748774412 80.2140336317381,12.9926380777759 80.213846394145,12.9927215756215 80.2138097056977,12.9928012781105 80.2138792872357,12.9929505621374 80.2140437526891,12.993164367227 80.2141310458913,12.9932010556742 80.2143385253865,12.9933263024427 80.2145143769098,12.9935110097981 80.2146990842652,12.9938234941596 80.2147775216354,12.9939715130678 80.2149141544736,12.9940651318644 80.2150545826685,12.9940335038925 80.2151823596746,12.9939778386622 80.2153367041772,12.9939651874735 80.2155112905816,12.9939107873619 80.2155606302176,12.9938652430825 80.2156697467204,12.9938307685932 80.2158999983551,12.9937978755025 80.2160771149973,12.994061020228 80.2163756830514,12.9944886304071 80.2165325577916,12.9947087610909 80.2165199066028,12.9948226217894 80.2166464184902,12.9950047989072 80.2167779908529,12.9950199803336 80.2168469398315,12.9950889293122 80.2168608561391,12.9951395340671 80.2169456191036,12.995265413395 80.2173884107091,12.9955260278827</coordinates></LineString></MultiGeometry>
  </Placemark>
  <Placemark>
	<name>Nandhambakkam drain</name>
	<Style><LineStyle><color>ff0000ff</color></LineStyle><PolyStyle><fill>0</fill></PolyStyle></Style>
	<ExtendedData><SchemaData schemaUrl="#chennaidss_gis_drainage_network_chennai_basin_micro_drains_withlabel">
		<SimpleData name="id">26</SimpleData>
		<SimpleData name="subbasin">Adyar</SimpleData>
		<SimpleData name="modelling">Hydraulic Channel Routing</SimpleData>
		<SimpleData name="length_km">3.668</SimpleData>
		<SimpleData name="slno">26</SimpleData>
		<SimpleData name="type">Micro Drain</SimpleData>
	</SchemaData></ExtendedData>
      <MultiGeometry><LineString><coordinates>80.1647393862121,13.0256053134091 80.1649438375616,13.0256026372267 80.1652363976932,13.0256179595548 80.1654277461647,13.0256118829862 80.1654993920825,13.0256533154511 80.1655777760779,13.0256434112192 80.1658154846903,13.0256369916978 80.1659866517142,13.0256345607315 80.1661899052465,13.025630726808 80.1663826036882,13.0256456205374 80.1667679109143,13.0256637521201 80.1669117372612,13.0256615227475 80.1670425145612,13.0256628866479 80.167067603262,13.0256790196039 80.1671401690825,13.0256854764792 80.1672351860815,13.0256742831024 80.1672778724242,13.0256599800027 80.167361056004,13.0256558677808 80.1674788739459,13.0256724802598 80.1675609315874,13.0256765355703 80.167641773595,13.0256771030209 80.1677808449874,13.0256749083482 80.1678291967761,13.0256244293498 80.1679050685504,13.0255970588774 80.1679417394486,13.0255734753164 80.1679458932133,13.0254953487573 80.1680408023945,13.0254701685863 80.168128812524,13.0254753452809 80.1682227213859,13.0254746502407 80.1683486718307,13.0254667243463 80.1684592586477,13.0254705682078 80.1685708277613,13.0254475957458 80.1687832853871,13.0254040609774 80.1689338397796,13.0253493283019 80.1690929305732,13.0253225069437 80.1692422961069,13.025267782907 80.1693680488204,13.0252342146138 80.1694962238213,13.0252064563656 80.1696078465362,13.0251904767367 80.1698012572309,13.0251435854318 80.1699222998063,13.0251158798168 80.1700528341172,13.0250857726156 80.1701192765014,13.0250689618733 80.1702649317136,13.0249956150569 80.1703748894326,13.0249178702386 80.1704555603925,13.0248962915617 80.1705540979983,13.0248792428994 80.1706480604059,13.0248855402584 80.1707149698645,13.0249293375088 80.1707568444411,13.0249639954108 80.1708546066348,13.0250005703249 80.1709286035231,13.0250384869461 80.1711465698464,13.0250928205221 80.1712585248242,13.0251199652066 80.1713490379945,13.0251414407589 80.1714134173996,13.0251654412373 80.1715016520315,13.0251997553021 80.171559997995,13.025212144401 80.171614678937,13.0252117389826 80.1716609849304,13.0252044020072 80.1717197195681,13.0251130491684 80.1717205487145,13.0250664187422 80.1717237193354,13.0250151085268 80.1717317616755,13.0249789150797 80.1717399118844,13.0249567081162 80.1718738680688,13.0249079249537 80.1718637470506,13.0248287387347 80.1718940063499,13.0247445906617 80.171900563285,13.0246699432006 80.1719130997433,13.0245999138279 80.171911488512,13.0245451422522 80.1719263484523,13.0244681020092 80.1719368850471,13.0244470429547 80.1719688184586,13.0244258252367 80.1720270743413,13.0244265588515 80.1720651221177,13.0244274423107 80.1721651267713,13.024446516003 80.172286537244,13.0244665965046 80.1724091364403,13.0244866681298 80.172490130724,13.0245070482964 80.1725116894076,13.0245278693041 80.1727401020097,13.0245494870893 80.1728189347582,13.0245978577334 80.172935662422,13.0246272975037 80.173061863825,13.0246520045013 80.1731226320852,13.0246702033128 80.1731788254178,13.0247117481772 80.1733216958383,13.02473982817 80.1735253705754,13.0247907689445 80.1736396579585,13.024812067244 80.1738003501467,13.0248388490786 80.1738896475914,13.024856835934 80.173933755957,13.0248728269943 80.1740397223973,13.0248941868747 80.1741147913138,13.0249169416954 80.1742170296252,13.024917348278 80.1743165844636,13.0248781441614 80.1743806399215,13.0248601844865 80.1744578342169,13.0248502864763 80.1745184315414,13.0248463397095 80.174554092911,13.0248460749078 80.1746243349671,13.0248595405769 80.174726267121,13.0248203186607 80.1748428601771,13.0246784145834 80.1749001706389,13.0245567660354 80.1749812552527,13.0244349409129 80.1750276871363,13.0242900610452 80.1750982983451,13.0241974538126 80.1752450858906,13.0241171024098 80.1752870599198,13.0240107205918 80.1754912654797,13.0239765667602 80.1756404301602,13.023896197507 80.1757627138545,13.0238754737298 80.1759094559167,13.0237892943174 80.1761180105702,13.0237026555157 80.1762473542576,13.0236725542304 80.1765005034609,13.0236648448251 80.1766597809529,13.0236624953574 80.1767572727986,13.0236641018882 80.1768276046654,13.0236892223601 80.1772579091876,13.0227628651407 80.1773186039139,13.0226178790202 80.1775169172252,13.0224369015326 80.177739310722,13.0222953753766 80.1777765015972,13.0221855320822 80.1777613356935,13.022069084518 80.1777239438975,13.0218455667059 80.1777183958021,13.0217430348535 80.177741214124,13.021619311202 80.1777759734626,13.021502492376 80.1778441964983,13.0214087367715 80.177993430932,13.0213376907598 80.1781977238402,13.021315190508 80.1784167859994,13.0213578540128 80.1785935963834,13.0214707678283 80.1786707009436,13.0216030729464 80.1787025089275,13.0217193965941 80.1787863850104,13.0218050271641 80.1789555585381,13.0218527237317 80.1790458813088,13.021849720426 80.1792789196188,13.0218549798358 80.179405083666,13.0218750217149 80.1795781999527,13.021817784297 80.1797370337688,13.0217583218865 80.1799434693897,13.0217054986267 80.1801061371463,13.0215271160591 80.180174485587,13.0214496774502 80.1802288043702,13.0214026489394 80.1801868724597,13.0212071400049 80.1801300806657,13.0209348119473 80.180086186746,13.0207929352742 80.1800920372974,13.0206273762166 80.1803117974379,13.0204532309881 80.1804540607872,13.0204032164588 80.1805824570303,13.0204045916005 80.1806341332376,13.020630333542 80.1807231495104,13.0210725992993 80.1807889639554,13.0212819174471 80.1809919985691,13.0214039589883 80.1812298813224,13.0214208366207 80.1814085643452,13.0214684607175 80.1815379004625,13.0215910508303 80.1817582096877,13.0217945550459 80.181875117148,13.0218473015017 80.1820832146499,13.0220089347473 80.1822884831983,13.0221123088424 80.1825320250939,13.0222457030419 80.1826594909052,13.0224335800262 80.1826703200984,13.0226036769444 80.182638356241,13.0227740929108 80.182542564218,13.0229916087633 80.1824632149971,13.0231833588056 80.1824386362427,13.0233863565242 80.1825257591874,13.0235838590591 80.1827486473778,13.0238129860398 80.1828372983596,13.0239009106021 80.1829702615934,13.0241843254798 80.1830188766135,13.0243215037241 80.1831966132573,13.0245532980976 80.1832734861398,13.0246552974981 80.1834051299856,13.024768544298 80.1835767558219,13.0248255439541 80.183797457096,13.0247726109747 80.1840201557093,13.0246707077415 80.1842120925661,13.0245876834947 80.1843105141904,13.0244027843132 80.1843448543249,13.0242323505492 80.1844959224411,13.0240913511906 80.1846239040729,13.0240391096098 80.184915781576,13.0239669949488 80.1850178046084,13.0242459770323 80.1851946014668,13.0243565545499 80.1854531773092,13.0242823566978 80.1855498722845,13.0241813931621 80.1855900038614,13.0238384075275 80.1856501323167,13.023621157197 80.1857317839985,13.0234200645085 80.1857680840248,13.0231959985287 80.1858503511762,13.0230741619205 80.1867751423901,13.0227595359359 80.1869857333877,13.0226297466549 80.1871249663782,13.0224958280942 80.1872998418435,13.0223593119141 80.1874606340375,13.0222462128467 80.187579013805,13.0221823857962 80.1877487502988,13.0223023391779 80.1878580192302,13.0222898663861 80.187998339113,13.0222958109662 80.1882019574552,13.0224924401037 80.188435738736,13.0225932645433 80.1886616082938,13.0225939066049 80.1887972279419,13.0226068794577</coordinates></LineString></MultiGeometry>
  </Placemark>
  <Placemark>
	<name>Chellammal College Drain</name>
	<Style><LineStyle><color>ff0000ff</color></LineStyle><PolyStyle><fill>0</fill></PolyStyle></Style>
	<ExtendedData><SchemaData schemaUrl="#chennaidss_gis_drainage_network_chennai_basin_micro_drains_withlabel">
		<SimpleData name="id">27</SimpleData>
		<SimpleData name="subbasin">Adyar</SimpleData>
		<SimpleData name="modelling">Hydraulic Channel Routing</SimpleData>
		<SimpleData name="length_km">0.37</SimpleData>
		<SimpleData name="slno">27</SimpleData>
		<SimpleData name="type">Micro Drain</SimpleData>
	</SchemaData></ExtendedData>
      <MultiGeometry><LineString><coordinates>80.2210332282815,13.0124651119129 80.2211484227415,13.0126017747 80.2211776681287,13.0126924674762 80.2211622433333,13.0128464408541 80.2211845965348,13.0129674909989 80.2212435480886,13.0132071518615 80.2212853431448,13.0133816707718 80.2213321323096,13.0135864567081 80.2213399642384,13.0136749810246 80.2213988240717,13.0139029867268 80.2214573892018,13.0140936961824 80.221535119927,13.0143029091559 80.2216133299745,13.0145727284246 80.2216390561572,13.014819635093 80.2216928303931,13.0150057185437 80.2217666181835,13.0153175320713 80.2218247785516,13.0154569590587 80.2218597930405,13.0156758211975</coordinates></LineString></MultiGeometry>
  </Placemark>
  <Placemark>
	<name>Guindy Drain</name>
	<Style><LineStyle><color>ff0000ff</color></LineStyle><PolyStyle><fill>0</fill></PolyStyle></Style>
	<ExtendedData><SchemaData schemaUrl="#chennaidss_gis_drainage_network_chennai_basin_micro_drains_withlabel">
		<SimpleData name="id">28</SimpleData>
		<SimpleData name="subbasin">Adyar</SimpleData>
		<SimpleData name="modelling">Hydraulic Channel Routing</SimpleData>
		<SimpleData name="length_km">1.62</SimpleData>
		<SimpleData name="slno">28</SimpleData>
		<SimpleData name="type">Micro Drain</SimpleData>
	</SchemaData></ExtendedData>
      <MultiGeometry><LineString><coordinates>80.2059292678027,13.007868134316 80.2059621269396,13.0081173222521 80.2059327763478,13.0083156932762 80.2059016698258,13.008593337451 80.2058483625776,13.0090716299308 80.2058130497581,13.0094192410311 80.2057353486842,13.0098184574764 80.2057093436947,13.0101403555042 80.2057295677595,13.0102940605345 80.2057785015385,13.0104708608745 80.2059059575975,13.0106563939264 80.2061927982507,13.0111577647101 80.2063475017184,13.0114829623658 80.2064915629969,13.0116637074212 80.2066896795991,13.0120678372073 80.2069109842745,13.0123971943131 80.2070992273851,13.0127547746453 80.2071957081361,13.0129312157575 80.2074439681777,13.0130598880767 80.2075983819639,13.0133477880139 80.2077440190089,13.0137290008822 80.207864932201,13.0139891793524 80.2079903074005,13.0142120253173 80.2081590595664,13.0145091411558 80.2083712256438,13.0148851887984 80.2084076197724,13.0152812128547 80.2083854213362,13.0154818610744 80.2083678676217,13.0156684872031 80.2083476464,13.0161208868206 80.2083254845558,13.0163261971033 80.2083794694559,13.0165402570426 80.2085423341721,13.016692884272 80.2090053982048,13.0169271658446 80.209353509859,13.0170550813041 80.2096297164707,13.0171089422567 80.2098919525346,13.0172002071668 80.2100788114679,13.0173806259 80.2102334147601,13.0176918336493 80.2103389693188,13.0178122563757 80.2102603036409,13.0180879287723 80.2103143640673,13.0183113121039 80.2103484896055,13.0184182877832 80.210528652071,13.0183516529812 80.2108280466487,13.0183307397801 80.2110038943182,13.0183200852851 80.2111220997203,13.0182352693313 80.2113643652306,13.0182054629416 80.2116602520606,13.0183430945751 80.2117756102843,13.0185007410517 80.2119599122361,13.0188091001055 80.2121196365181,13.0190153651114</coordinates></LineString></MultiGeometry>
  </Placemark>
  <Placemark>
	<name>Jafferkhanpet drain</name>
	<Style><LineStyle><color>ff0000ff</color></LineStyle><PolyStyle><fill>0</fill></PolyStyle></Style>
	<ExtendedData><SchemaData schemaUrl="#chennaidss_gis_drainage_network_chennai_basin_micro_drains_withlabel">
		<SimpleData name="id">29</SimpleData>
		<SimpleData name="subbasin">Adyar</SimpleData>
		<SimpleData name="modelling">Hydraulic Channel Routing</SimpleData>
		<SimpleData name="length_km">0.591</SimpleData>
		<SimpleData name="slno">29</SimpleData>
		<SimpleData name="type">Micro Drain</SimpleData>
	</SchemaData></ExtendedData>
      <MultiGeometry><LineString><coordinates>80.2132447542702,13.0290329376101 80.2132055836963,13.0288394512777 80.2133368747222,13.0287800139345 80.2131584434454,13.0280327631781 80.2131938031177,13.0279417555532 80.2131126842489,13.0277993397044 80.2130797585914,13.0278011271088 80.2129511427982,13.02740376937 80.2129129145942,13.027139873987 80.2128644851758,13.0270283450409 80.2128302375027,13.0269062184303 80.2127959347763,13.0267770987394 80.212749290078,13.0265701850217 80.2127205687985,13.0264151737964 80.2126865233187,13.0263186883981 80.2126621159462,13.0262384481366 80.2126675819676,13.0261777965113 80.2126598346622,13.0260997612354 80.2125939468442,13.0258846276613 80.2125440354183,13.0257358112108 80.2124883550432,13.0256091844741 80.2123910476112,13.0253290161527 80.212369173899,13.0252685715347 80.2123404067365,13.0252384842295 80.2122772961547,13.0252249750924 80.2121846794991,13.0252384977108 80.212082369766,13.025228782045 80.2120193693245,13.0252292589906 80.2119894594044,13.0252050082002 80.2117748624551,13.0251262075106 80.2116807359307,13.0250989460052 80.2116069272126,13.0250855176688 80.2115531243215,13.0250462950903 80.2115527573042,13.0249996745834 80.2115489159822,13.0249647361926 80.2115272535395,13.0249310982604 80.2114498421151,13.0249130348088 80.2114307956067,13.0249096822058 80.2113138914862,13.0248581157008 80.2112746281406,13.0248537504926 80.2112377513421,13.0248505328012 80.2112138858777,13.0248390575706 80.2112079332724,13.0248379370319</coordinates></LineString></MultiGeometry>
  </Placemark>
  <Placemark>
	<name>Manapakkam drain</name>
	<Style><LineStyle><color>ff0000ff</color></LineStyle><PolyStyle><fill>0</fill></PolyStyle></Style>
	<ExtendedData><SchemaData schemaUrl="#chennaidss_gis_drainage_network_chennai_basin_micro_drains_withlabel">
		<SimpleData name="id">30</SimpleData>
		<SimpleData name="subbasin">Adyar</SimpleData>
		<SimpleData name="modelling">Hydraulic Channel Routing</SimpleData>
		<SimpleData name="length_km">7.543</SimpleData>
		<SimpleData name="slno">30</SimpleData>
		<SimpleData name="type">Micro Drain</SimpleData>
	</SchemaData></ExtendedData>
      <MultiGeometry><LineString><coordinates>80.1692884662994,13.0049187009147 80.1693726502241,13.0050037098893 80.1692829344902,13.0051868056547 80.1692006687206,13.0053512307707 80.1692865993306,13.0056633364687 80.169440354021,13.0059079245501 80.1695892936819,13.0065136895751 80.1695965270157,13.0069604090042 80.1695598923529,13.0071338044961 80.1697002806191,13.0076149084325 80.1698532416956,13.0080028415127 80.1699967689702,13.0083982904455 80.1701435060801,13.0087173917987 80.1701488499621,13.0089183999861 80.170335817971,13.0090380172761 80.1704716313966,13.009171043899 80.1705136028569,13.0094443814853 80.170666752969,13.0098565125039 80.1708431997805,13.0103354867571 80.1709264052764,13.010539641462 80.1711552388683,13.0106719788243 80.1711484709499,13.0110257237877 80.1712767929456,13.0111718361066 80.1716944441817,13.0111706043524 80.1719504057881,13.0111277541356 80.172311048963,13.0111194975154 80.1723850224207,13.0113572278637 80.1723964221733,13.0116047296104 80.17242302316,13.011853980253 80.1724984416718,13.0125254410287 80.1725817025192,13.0129827653076 80.1725385136977,13.0130445165592 80.1721931264355,13.0130619685663 80.171662057967,13.0131273345109 80.1713890663439,13.0131777570636 80.1704338301844,13.0131382920498 80.1688956090345,13.0130789365378 80.1687001631486,13.0130915515891 80.1685252556126,13.0130593372948 80.1679310522536,13.0130618697941 80.1676269269365,13.0130138562476 80.167406329869,13.0129652249307 80.1671640828275,13.0130638163064 80.1668714908023,13.0130343321714 80.1665754310582,13.013047689107 80.1663948428162,13.0130173768612 80.1663773427141,13.0129635210159 80.1663578012279,13.0128910646863 80.1662362055386,13.0128789320584 80.165962168394,13.012793463085 80.1657297811081,13.0126927937584 80.1656075421593,13.0125968955013 80.1652334637722,13.0125866267153 80.1649852635639,13.0126517520349 80.1649364776583,13.0127265744831 80.164908390417,13.0130246310556 80.1648912360561,13.0132630370745 80.1648919077794,13.0133505253265 80.1643526553188,13.0133396131414 80.1640090067334,13.0133365643856 80.1635060945507,13.0133607519024 80.163221523896,13.0133870512398 80.1631513275962,13.0136407410514 80.1628464454597,13.013741652217 80.1625371667215,13.013764409956 80.1624971722852,13.0137479508034 80.1624397070396,13.0136813583339 80.1621509821846,13.0136611481774 80.1616366355685,13.0136798317816 80.1614469545308,13.0137017067873 80.1612764569605,13.0137495021642 80.1611529338398,13.0137336582519 80.1608982370472,13.0136945803593 80.1606057865949,13.0136837037208 80.1604652493734,13.013677292602 80.1604452940378,13.0137984411061 80.1604538714707,13.0139268257066 80.1602205557216,13.013952744357 80.1601087364472,13.0139777681292 80.1597480720373,13.0139841469448 80.1594919897089,13.0140120941396 80.1593442149895,13.0140522747885 80.158970532326,13.0140941180707 80.1588621961053,13.014078161298 80.1587496784519,13.0140119730311 80.1586947534951,13.0140291312799 80.1586224117492,13.0142511896861 80.1585193891686,13.0149295569603 80.1584863150524,13.0150731407388 80.1581607313946,13.0151983995165 80.1580685219026,13.015305187054 80.1574139691933,13.0156097135961 80.1571031157717,13.0156752927867 80.1569121603131,13.0157790829584 80.1567355752876,13.0160242463236 80.1566321452371,13.0161534547433 80.156618011288,13.0162913144931 80.1565637546045,13.0163959610355 80.156469047796,13.0164245807494 80.1563883129503,13.0165424528734 80.1562674552941,13.0166271117289 80.1560626264356,13.0166546791844 80.155794609355,13.0166119713344 80.1556823044881,13.0165737037198 80.1556398708558,13.016486521914 80.1555232002234,13.0163738236408 80.1552536690922,13.0163813886048 80.1551021378437,13.0164271793979 80.154819488367,13.0164571790918 80.1547156162537,13.0165286815583 80.1546153487862,13.0168235455948 80.15459775816,13.0170061083812 80.1544516298824,13.0172622162936 80.1539875352613,13.0171502069444 80.1533602057386,13.0170431179735 80.1530407606109,13.0169784458967 80.1528071419937,13.0169652676087 80.1523235007237,13.0170283860603 80.1519746324434,13.0170886536436 80.1516773335408,13.0171894971604 80.1513927270633,13.0172120613477 80.1512526557813,13.0172670738703 80.1509129949614,13.0172900411768 80.1507496741573,13.0172837920282 80.150574664849,13.0172385354455 80.1504048684444,13.0171299471081 80.1499681470624,13.017121977706 80.1497198938649,13.0171815051582 80.1489221335129,13.0173809515891 80.1483841013189,13.0175319551391 80.1481702596941,13.0176228760373 80.1481098785709,13.0176717189241 80.147975317123,13.0177024890119 80.1477936633931,13.0177820046017 80.1476701240021,13.0177642929554 80.1474873933973,13.0177023365951 80.1470332304699,13.0176479506199 80.1468012967594,13.0176068310049 80.1466091733983,13.0175579737094 80.14645676128,13.0174883485215 80.146169801721,13.0174513538666 80.1460253939777,13.0174356555639 80.1459262370413,13.0173786716835 80.1458741727475,13.0172729425064 80.1457502939334,13.0172105545528 80.1455563150158,13.0171672947009 80.1452448319591,13.0171509555486 80.1449977821355,13.0171192525736 80.1447829206761,13.0170761447107 80.1444333135857,13.0170396057619 80.1442966694632,13.0170461886626 80.1438723592882,13.0169227004526 80.1435845339523,13.0170216043147 80.14328340523,13.0171187434326 80.1428889282538,13.0171737473119 80.1425761823225,13.017241185199 80.1423485122517,13.0172614624455 80.1418169323824,13.0175129310511 80.1413102710104,13.0177958638214 80.1409280580629,13.0179661934482 80.1408277092335,13.0180022952132 80.1406870838319,13.0179847047704 80.1405253639169,13.0179393443267 80.1403560926489,13.0178996235658 80.1401191907651,13.0177040228218 80.1399628700661,13.0176195294243 80.1396858398298,13.0176401641433 80.1394508572055,13.0176977238454 80.1391187637461,13.0179682111956 80.1389227366268,13.0181557974432 80.1387594990875,13.0181607096539 80.1384751844234,13.0182223510484 80.138361842016,13.018297639787 80.1382701529133,13.0182238441636 80.1381544419784,13.0179864040984 80.1380364476659,13.0174474040741 80.1375961999645,13.0169740435436 80.1373071875003,13.0169165763326 80.1369039311696,13.0168152620157 80.1365206452816,13.0168441126977 80.1362102037442,13.0169655122727 80.1359937542399,13.0169633633292 80.1357159072474,13.0168760277204 80.1351413982999,13.0167238313345 80.1348104519523,13.0166443270034 80.1341744344438,13.0163920496389 80.1339229414719,13.0162747350699 80.1336686080865,13.0162840288212 80.1335676958826,13.0164969827584 80.1332975842381,13.0164282040736 80.1326046997235,13.0161875050585 80.1316124824562,13.0160308858234 80.1311263998823,13.0160232424261 80.1305644080215,13.0160198717302 80.1321221830545,13.0171553104146 80.1333875266708,13.0182816924185 80.1343357403051,13.0191460262656 80.1355279767126,13.0201426153921 80.136593683943,13.0209762990927 80.1378777692322,13.0220652856703 80.1388748648252,13.0228622258275 80.1392609249852,13.0231982202517 80.1393885389759,13.0235025894514</coordinates></LineString></MultiGeometry>
  </Placemark>
  <Placemark>
	<name>Adambakkam Canal</name>
	<Style><LineStyle><color>ff0000ff</color></LineStyle><PolyStyle><fill>0</fill></PolyStyle></Style>
	<ExtendedData><SchemaData schemaUrl="#chennaidss_gis_drainage_network_chennai_basin_micro_drains_withlabel">
		<SimpleData name="id">31</SimpleData>
		<SimpleData name="subbasin">Kovalam</SimpleData>
		<SimpleData name="modelling">Hydraulic Channel Routing</SimpleData>
		<SimpleData name="length_km">1.3</SimpleData>
		<SimpleData name="slno">31</SimpleData>
		<SimpleData name="type">Micro Drain</SimpleData>
	</SchemaData></ExtendedData>
      <MultiGeometry><LineString><coordinates>80.195244257,12.9813266090001 80.195230581,12.9814150460001 80.195230609,12.9814794400001 80.1952279110001,12.981536594 80.195209785,12.981590362 80.195170477,12.981665573 80.195149187,12.981752806 80.1951632810001,12.981844192 80.195197638,12.9819252930001 80.195242859,12.982070461 80.1953228580001,12.982180707 80.19545188,12.9825253570001 80.195533927,12.98274343 80.19559867,12.982849489 80.1956024100001,12.982955959 80.1956613270001,12.983084355 80.1957485560001,12.983271825 80.1957079470001,12.983378546 80.19569771,12.9833815850001 80.195644024,12.983537356 80.195729561,12.983796666 80.1958299820001,12.983960459 80.1958498540001,12.984136406 80.195870282,12.984318718 80.1961270090001,12.98443688 80.196319845,12.9844923080001 80.196419538,12.984680056 80.196470009,12.9849514010001 80.196538257,12.9852008940001 80.1966309370001,12.985539109 80.196676582,12.9858660570001 80.196794034,12.986291956 80.196871396,12.986623178 80.1969204950001,12.986989104 80.1970802260001,12.9874502460001 80.197085643,12.9875082630001 80.1972617340001,12.9881167460001 80.197270348,12.9881494310001 80.1973676650001,12.988417136 80.197515061,12.989023331 80.197739942,12.989820722 80.197847979,12.9902165940001 80.1979370070001,12.9905941540001 80.198018263,12.990906781 80.198170185,12.9912800730001 80.1983612540001,12.9916297730001 80.1985556960001,12.991970677 80.198670175,12.992192945</coordinates></LineString></MultiGeometry>
  </Placemark>
  <Placemark>
	<name>Pallikarani canal</name>
	<Style><LineStyle><color>ff0000ff</color></LineStyle><PolyStyle><fill>0</fill></PolyStyle></Style>
	<ExtendedData><SchemaData schemaUrl="#chennaidss_gis_drainage_network_chennai_basin_micro_drains_withlabel">
		<SimpleData name="id">32</SimpleData>
		<SimpleData name="subbasin">Kovalam</SimpleData>
		<SimpleData name="modelling">Nil</SimpleData>
		<SimpleData name="length_km">0.4</SimpleData>
		<SimpleData name="slno">32</SimpleData>
		<SimpleData name="type">Micro Drain</SimpleData>
	</SchemaData></ExtendedData>
      <MultiGeometry><LineString><coordinates>80.2111989849267,12.9574693790916 80.2110218362482,12.9570715609992 80.2108292833369,12.9566837502974 80.210762531661,12.9565161158072 80.2107650990332,12.9564335495242 80.2108369854534,12.9563559872334 80.2111399353672,12.9562258826914 80.2118536648251,12.9559206371532 80.213073166597,12.9554189828124</coordinates></LineString></MultiGeometry>
  </Placemark>
  <Placemark>
	<name>Veerangal Odai canal</name>
	<Style><LineStyle><color>ff0000ff</color></LineStyle><PolyStyle><fill>0</fill></PolyStyle></Style>
	<ExtendedData><SchemaData schemaUrl="#chennaidss_gis_drainage_network_chennai_basin_micro_drains_withlabel">
		<SimpleData name="id">33</SimpleData>
		<SimpleData name="subbasin">Kovalam</SimpleData>
		<SimpleData name="modelling">Hydraulic Channel Routing</SimpleData>
		<SimpleData name="length_km">4.456</SimpleData>
		<SimpleData name="slno">33</SimpleData>
		<SimpleData name="type">Micro Drain</SimpleData>
	</SchemaData></ExtendedData>
      <MultiGeometry><LineString><coordinates>80.216462156,12.963659309 80.215857335,12.9638954670001 80.2158246700001,12.9640890290001 80.215908377,12.9643470550001 80.216043385,12.964685488 80.2162104920001,12.965168126 80.216383032,12.965620965 80.216611121,12.966086508 80.216782191,12.9666378160001 80.21700438,12.9672426230001 80.2172130810001,12.9677248720001 80.217404487,12.968230158 80.2172830530001,12.968493115 80.2168787400001,12.968639531 80.2164963970001,12.968735563 80.216223638,12.9688809080001 80.215945262,12.9690882910001 80.215724328,12.969238893 80.21546864,12.9694772740001 80.2149547480001,12.969910776 80.214558126,12.970221721 80.214328364,12.970379429 80.214231707,12.9704761830001 80.2141169130001,12.9706046560001 80.213648922,12.971004102 80.213272655,12.971343894 80.212877687,12.971671088 80.2118019830001,12.9726062870001 80.211132442,12.9731429560001 80.210600647,12.9735678670001 80.210106493,12.9739226560001 80.209565295,12.9743587900001 80.209046215,12.974763742 80.208086648,12.975526706 80.207602087,12.975879306 80.20660379,12.9766492570001 80.2053635560001,12.9775593050001 80.2053473930001,12.977662106 80.2054908330001,12.978110624 80.205613446,12.978567938 80.2049033650001,12.9786668330001 80.204404765,12.9787532670001 80.2039888490001,12.978807267 80.203145037,12.9788822070001 80.20166744,12.979151577 80.201276776,12.9791977030001 80.201073755,12.979204115 80.200865208,12.979223534 80.200672251,12.9792536960001 80.2004383550001,12.9792944290001 80.200169658,12.9793334990001 80.2000052360001,12.9793726770001 80.1999177590001,12.979483734 80.1998309690001,12.9796162640001 80.19966465,12.979738927 80.19940595,12.979747339 80.1992321770001,12.979720194 80.1991039920001,12.979674304 80.198929572,12.979659343 80.198713892,12.9796875850001 80.198532787,12.9797230840001 80.19829415,12.9797582190001 80.1981302690001,12.9797586150001 80.197970915,12.979765888 80.197856541,12.9797775370001 80.1977026980001,12.979837167 80.197560838,12.979911862 80.197449347,12.9799576190001 80.197261014,12.980015126 80.1971289580001,12.9800535160001 80.1970730960001,12.980040404 80.197013729,12.980049223 80.196946184,12.9800735700001 80.1969344840001,12.9800802500001 80.1968477030001,12.980075879 80.196836302,12.9800714490001 80.1968287760001,12.9800670250001 80.1968193410001,12.980062611 80.1968137700001,12.9800582020001 80.196804369,12.980053806 80.196793067,12.980049419 80.196789343,12.9800472280001 80.1967799890001,12.980042853 80.196765036,12.980036308 80.1967595640001,12.980031909 80.1967503170001,12.9800274100001 80.196739194,12.980022892 80.196728097,12.980018385 80.1967227040001,12.9800139760001 80.196717174,12.980011732 80.196700781,12.9800028660001 80.19669167,12.9799984340001 80.196682416,12.9799961500001 80.196671631,12.9799895720001 80.196664289,12.979987328 80.196657132,12.979982959 80.1966425010001,12.9799784890001 80.196635384,12.9799741410001 80.1966318320001,12.97997197 80.1965749270001,12.979968974 80.196565507,12.979968835 80.196364703,12.979961753 80.196359096,12.979961714 80.196240741,12.979980005 80.1962330770001,12.979984222 80.1962255760001,12.9799841680001 80.196212069,12.979992639 80.196204455,12.979994731 80.1961892090001,12.9799989210001 80.196181463,12.980003173 80.196169936,12.980007406 80.196164043,12.980011689 80.1961526040001,12.98001377 80.196144798,12.980018051 80.196135088,12.980022325 80.1961272510001,12.9800266220001 80.1961175060001,12.980030913 80.196109487,12.980037416 80.1961030360001,12.9800483500001 80.1960967100001,12.980057129 80.19608845,12.980065928 80.196082068,12.980074777 80.196079491,12.980083694 80.196074982,12.9800926360001 80.196072543,12.9800993940001 80.1960699240001,12.9801084360001 80.196067117,12.980119793 80.196065004,12.980122073 80.196040253,12.98021851 80.1959506370001,12.9803678260001 80.195847013,12.9805559710001 80.1957521890001,12.980701867 80.195751303,12.9807140820001 80.1957213210001,12.980864366 80.195683654,12.9809723650001 80.195612363,12.9811064080001 80.1955177390001,12.981185986 80.195355808,12.9812774920001 80.195246087,12.9813267320001 80.195082626,12.981298189 80.194920103,12.981258526 80.1947730210001,12.98123184 80.194678583,12.981212736 80.194562106,12.9811680300001 80.194486839,12.9810894390001 80.194482996,12.980979834 80.1944856790001,12.9809608030001 80.1944972090001,12.98079814 80.19449892,12.980789305 80.1944984230001,12.9807782960001 80.1944257420001,12.9805986130001 80.194383549,12.9804230930001 80.1943197110001,12.9802423240001 80.1943179030001,12.9802423130001 80.194299278,12.9800565670001 80.1942897230001,12.979951029 80.1942972130001,12.979817677 80.19427074,12.9796908420001 80.1942631710001,12.979681968 80.1941801580001,12.9796042720001 80.1940654140001,12.9794885590001 80.1940450080001,12.9794358950001 80.193978463,12.9792548170001 80.193885718,12.9791080870001 80.193832511,12.978961202 80.193755258,12.9788061050001 80.1937135520001,12.9787207310001 80.1936278270001,12.9785452470001 80.193581852,12.978392724 80.1935711620001,12.978376547 80.193563166,12.978365812 80.193549916,12.978347117 80.193493675,12.9782289850001 80.193470178,12.9781400260001 80.193434597,12.9780138370001 80.1933869480001,12.977879262 80.1932184376498,12.9773885442359 80.192974784546,12.9769900461691 80.1927886920001,12.9767019150001 80.192530743843,12.9764344260074 80.1923508504299,12.976259086858 80.192083855,12.975982795 80.1917519647638,12.9757444550688 80.1916859279413,12.9757239608825 80.1915356372418,12.9755645616558 80.1915060345282,12.9755053562287 80.1913033697971,12.9755349589422</coordinates></LineString></MultiGeometry>
  </Placemark>
  <Placemark>
	<name>Pallikaranai canal</name>
	<Style><LineStyle><color>ff0000ff</color></LineStyle><PolyStyle><fill>0</fill></PolyStyle></Style>
	<ExtendedData><SchemaData schemaUrl="#chennaidss_gis_drainage_network_chennai_basin_micro_drains_withlabel">
		<SimpleData name="id">34</SimpleData>
		<SimpleData name="subbasin">Kovalam</SimpleData>
		<SimpleData name="modelling">Nil</SimpleData>
		<SimpleData name="length_km">0.274</SimpleData>
		<SimpleData name="slno">34</SimpleData>
		<SimpleData name="type">Micro Drain</SimpleData>
	</SchemaData></ExtendedData>
      <MultiGeometry><LineString><coordinates>80.2091393106184,12.9520923697196 80.2091675517121,12.9522274805231 80.2094653668816,12.9521574230785 80.209948032846,12.9519747732197 80.2104512377876,12.9517921232271 80.2109929533115,12.9515944607552 80.2114037328556,12.9514318269584 80.2114037328556,12.9514318269584 80.2114037328556,12.9514318269584</coordinates></LineString></MultiGeometry>
  </Placemark>
  <Placemark>
	<name>Keelkatalai Surplus Channel</name>
	<Style><LineStyle><color>ff0000ff</color></LineStyle><PolyStyle><fill>0</fill></PolyStyle></Style>
	<ExtendedData><SchemaData schemaUrl="#chennaidss_gis_drainage_network_chennai_basin_micro_drains_withlabel">
		<SimpleData name="id">36</SimpleData>
		<SimpleData name="subbasin">Kovalam</SimpleData>
		<SimpleData name="modelling">Hydraulic Channel Routing</SimpleData>
		<SimpleData name="length_km">4.62</SimpleData>
		<SimpleData name="slno">36</SimpleData>
		<SimpleData name="type">Micro Drain</SimpleData>
	</SchemaData></ExtendedData>
      <MultiGeometry><LineString><coordinates>80.176464748,12.948167315 80.176385108,12.94793974 80.1763166410001,12.9478031400001 80.176286475,12.947636934 80.1762990940001,12.9475011180001 80.1763310810001,12.947354455 80.176325731,12.947253632 80.1763383250001,12.9471176680001 80.176326778,12.9469947750001 80.1764076170001,12.9469099740001 80.176550221,12.946855936 80.176711061,12.94680783 80.176807151,12.946821858 80.176982479,12.946901684 80.1771483069999,12.9468610190001 80.177356011,12.946761108 80.1774866790001,12.9466252140001 80.1777719649999,12.9465647730001 80.1780417210001,12.9465614890001 80.178138517,12.946554924 80.1783129809999,12.946542631 80.1784875130001,12.9465233070001 80.178668396,12.946468506 80.178809595,12.9464177830001 80.178952938,12.9463802580001 80.1790388350001,12.946372396 80.17911438,12.946365261 80.179174388,12.9463573740001 80.179232105,12.9463349920001 80.1792970090001,12.946328617 80.179347694,12.946314128 80.17936232,12.946271581 80.1793753910001,12.946239742 80.1794213800001,12.9461450110001 80.1794807570001,12.946044024 80.179593959,12.9459759530001 80.179750626,12.945902234 80.179903064,12.945862617 80.180008247,12.945819012 80.180120598,12.945773502 80.180237598,12.9457392600001 80.1804099440001,12.945726096 80.180549891,12.9457552430001 80.18069794,12.945831266 80.180887104,12.9459389000001 80.1809490350001,12.946021318 80.1810311570001,12.9461310880001 80.181129362,12.9462433710001 80.181281568,12.946327713 80.181461523,12.9464002230001 80.181632091,12.946448757 80.181815443,12.9465805780001 80.1819294210001,12.9467105030001 80.1820981340001,12.946836899 80.182319216,12.946879227 80.182519116,12.946890813 80.1827202160001,12.946874919 80.183001961,12.94687068 80.1832693900001,12.946879656 80.183506531,12.9468822800001 80.183659039,12.946903727 80.183758319,12.947032334 80.183876444,12.9471071180001 80.1838759340001,12.9471110700001 80.1839963170001,12.9472495650001 80.184109707,12.947399586 80.1842455480001,12.9475589610001 80.184347664,12.947693726 80.184357949,12.9477097790001 80.184481047,12.9479019290001 80.184562466,12.947977208 80.184660071,12.948053406 80.1847261240001,12.948115132 80.18474946,12.9482509120001 80.184794392,12.9484002050001 80.1848126660001,12.9485488540001 80.184782038,12.9486902650001 80.1847915140001,12.948805222 80.1847885100001,12.9489640180001 80.184790032,12.9490518640001 80.184820048,12.949198914 80.1848299130001,12.949360046 80.1848300080001,12.9495211170001 80.184849714,12.9496409960001 80.1849116660001,12.9498196700001 80.184977593,12.9499072460001 80.185031467,12.9500359680001 80.185034466,12.95015578 80.185067608,12.9502603490001 80.1852430030001,12.950354544 80.1854704140001,12.9504325940001 80.185578755,12.950501464 80.185797167,12.9504835180001 80.1858957470001,12.950517922 80.186049167,12.950553869 80.1861760210001,12.9505787610001 80.1863372340001,12.950610567 80.186577466,12.9506502860001 80.186727425,12.9506646680001 80.1869351,12.9506171890001 80.1871851000001,12.950567232 80.187334969,12.9505060920001 80.187445735,12.9504285540001 80.187556845,12.9503831160001 80.1876904920001,12.9504111160001 80.187809299,12.9504829180001 80.187903521,12.950551874 80.187997042,12.950653281 80.188143501,12.950718818 80.18814691,12.9507194780001 80.188242262,12.950741701 80.188367558,12.950782959 80.188548573,12.9507854340001 80.188749989,12.950734652 80.188922937,12.9507189450001 80.189109616,12.950722613 80.189261974,12.950713799 80.1894196760001,12.950691069 80.189585378,12.950653211 80.1897763950001,12.9506506580001 80.189937021,12.9506571480001 80.190073306,12.9506551350001 80.1902917840001,12.950637185 80.190416365,12.9506885310001 80.1904918130001,12.950831517 80.190547322,12.9509862270001 80.190620519,12.9510860860001 80.190709737,12.951211358 80.1908116260001,12.9512967100001 80.190972345,12.9513749780001 80.1910619750001,12.951438709 80.191195504,12.9515299060001 80.191325846,12.95164329 80.191332173,12.951648185 80.191428305,12.9517627720001 80.191522982,12.951833453 80.191634823,12.951838689 80.191826163,12.951883809 80.1919925820001,12.95194713 80.19199611,12.9519478560001 80.1921304460001,12.9519795390001 80.19235527,12.95204826 80.192550148,12.952021072 80.192653457,12.951951052 80.192769288,12.951961775 80.192997214,12.952005551 80.193007337,12.9520094150001 80.1931827820001,12.952033618 80.1933216840001,12.952036335 80.193473907,12.9520421320001 80.193652582,12.9521298550001 80.1937956780001,12.952253283 80.1939181690001,12.9523175280001 80.1941278670001,12.952436275 80.19413451,12.9524437770001 80.194149983,12.952455061 80.194327556,12.9524950320001 80.1943350080001,12.9524901660001 80.194438472,12.9524540160001 80.194603905,12.952463069 80.1947670580001,12.9523819500001 80.194935705,12.952287457 80.1950603720001,12.952189264 80.19512069,12.952060579 80.195188751,12.951932979 80.195314174,12.9518465220001 80.195512281,12.951708626 80.195728378,12.9516784700001 80.1958526000001,12.951684778 80.1960193900001,12.9516977490001 80.196324226,12.951708877 80.196504191,12.9517383600001 80.1967518450001,12.951788329 80.197108116,12.95181009 80.1973180410001,12.951838667 80.1976841920001,12.9518599180001 80.197928843,12.951787 80.198133414,12.951698859 80.1984832090001,12.951600978 80.198841057,12.951594712 80.1991440560001,12.951632838 80.199440158,12.9515949990001 80.19975886,12.951549519 80.199892326,12.9514034150001 80.19997791,12.9511863940001 80.200181776,12.950976622 80.2003306060001,12.9507764460001 80.200537594,12.9505931550001 80.2009042920001,12.950542324 80.201250656,12.9505488580001 80.201609369,12.950551346 80.2019184150001,12.9505336 80.2020779950001,12.9504659 80.202009233,12.9502459520001 80.2020076100001,12.950240368 80.201946481,12.9500149410001 80.201980421,12.9498814670001 80.202206375,12.949778728 80.2024194630001,12.949696578 80.2026842760001,12.949532312 80.20278322,12.9494077140001 80.2029000950001,12.949158996 80.202947914,12.948981379 80.202979047,12.948897529 80.203119394,12.9488687410001 80.2034317750001,12.9488912420001 80.20377467,12.9489021260001 80.2039842080001,12.9489139620001 80.204283418,12.9489182680001 80.204630764,12.948931086 80.204810899,12.9489355050001 80.205348314,12.948972319 80.20570024,12.9489718340001 80.206189054,12.948936813 80.206462611,12.9489652610001 80.2068245070001,12.9489587530001 80.207302026,12.94889846 80.207762567,12.948868028 80.208212215,12.9488480550001 80.2086791000001,12.948823374 80.2089490309999,12.9487926410001 80.209265871,12.948773541 80.2096146790001,12.9487528110001 80.209722158,12.9488046380001 80.209794119,12.9488840830001 80.210322922,12.9487274810001</coordinates></LineString><LineString><coordinates>80.1802454090001,12.9464554490001 80.180298061,12.946269729 80.1802963490001,12.9461180210001 80.180308529,12.945937686 80.1803104730001,12.9459311190001 80.180314534,12.945806468 80.1804099440001,12.945726096</coordinates></LineString></MultiGeometry>
  </Placemark>
  <Placemark>
	<name>Pallikaranai Marsh Canal</name>
	<Style><LineStyle><color>ff0000ff</color></LineStyle><PolyStyle><fill>0</fill></PolyStyle></Style>
	<ExtendedData><SchemaData schemaUrl="#chennaidss_gis_drainage_network_chennai_basin_micro_drains_withlabel">
		<SimpleData name="id">37</SimpleData>
		<SimpleData name="subbasin">Kovalam</SimpleData>
		<SimpleData name="modelling">Hydraulic Channel Routing</SimpleData>
		<SimpleData name="length_km">6.714</SimpleData>
		<SimpleData name="slno">37</SimpleData>
		<SimpleData name="type">Micro Drain</SimpleData>
	</SchemaData></ExtendedData>
      <MultiGeometry><LineString><coordinates>80.2129044867078,12.9033368527071 80.2129051514754,12.9033472473882 80.212881475,12.903254201 80.2129584090001,12.903130612 80.213155023,12.903101448 80.213361943,12.903026959 80.213475441,12.9028855570001 80.213485613,12.902873428 80.2136262120001,12.9027545500001 80.213757405,12.9025986330001 80.213735156,12.902402202 80.2136781700001,12.9021763220001 80.21367269,12.9019419780001 80.213712234,12.901730993 80.2137404520001,12.9014900330001 80.2137446130001,12.9012791270001 80.2138097280001,12.9010432070001 80.2138793280001,12.9007530750001 80.213873277,12.900737178 80.2137556470001,12.900581413 80.2135598610001,12.9004836990001 80.21341834,12.9003034800001 80.2134066520001,12.90028948 80.2132035180001,12.9001428190001 80.213010658,12.89999254 80.212754394,12.8998795080001 80.2127179130001,12.89987971 80.212442933,12.899872836 80.212436305,12.899880606 80.212120445,12.899881049 80.2121094440001,12.899880927 80.212091114,12.8998807230001 80.2118421220001,12.899772525 80.211831329,12.8997688060001 80.2117062660001,12.899724486 80.211498818,12.899695237 80.2113326410001,12.899717133 80.211119114,12.899753935 80.2109288410001,12.8997688230001 80.2106833140001,12.8996380200001 80.2104943840001,12.8994771820001 80.210240897,12.899375817 80.210069548,12.899207575 80.2099352530001,12.8989021630001 80.209800408,12.898638916 80.209688017,12.898314198 80.2096242010001,12.898106655 80.209564911,12.8976739980001 80.209510549,12.8973913620001 80.209448578,12.897146171 80.209324592,12.896812942 80.209168036,12.8965431730001 80.2090799,12.896356488 80.2089831810001,12.8959355000001 80.208886648,12.8956871060001 80.208784033,12.89533257 80.208805009,12.8949802150001 80.2089025080001,12.894659344 80.2090724650001,12.8943489200001 80.209143445,12.8939190900001 80.209144112,12.8936486270001 80.2090919660001,12.893280288 80.209116093,12.892748035 80.2091720060001,12.8923693110001 80.209294998,12.892020921 80.20945878,12.891531608 80.2095380740001,12.8912321320001 80.209592003,12.890905348 80.2097510680001,12.890503434 80.209975363,12.890184178 80.210109392,12.889909733 80.210227086,12.889394329 80.210337573,12.8891106460001 80.210478485,12.888625872 80.210523142,12.888217477 80.2106438750001,12.8878839440001 80.2107265600001,12.887443671 80.210800567,12.88707758 80.2109245940001,12.886826806 80.211002884,12.8865390930001 80.2111044820001,12.886161426 80.211205431,12.8858269290001 80.211564156,12.8853261140001 80.211525909,12.8844152160001 80.211243273,12.88328852 80.210937139,12.882292576 80.210818208,12.881614958 80.2107375220001,12.881046338 80.2106013360001,12.88056248 80.210416371,12.8801178190001 80.210310195,12.879897547 80.210135201,12.8795101010001 80.209932311,12.879178802 80.2096899190001,12.878807648 80.209541577,12.8785898260001 80.2092735740001,12.8781194800001 80.209141485,12.8778472270001 80.2089634480001,12.877564362 80.208704902,12.8770615570001 80.208453376,12.8766759800001 80.2081702980001,12.876259967 80.20801736,12.8759513840001 80.207874022,12.8756818140001 80.207803707,12.875530212 80.2072643802337,12.8754121652459 80.2068414033185,12.8754702209009 80.2057549332033,12.8754868082308 80.204842630053,12.8755199828909 80.204701637748,12.8752379982807 80.2044445341329,12.8746076797406 80.2041387472727,12.8745884509438 80.2038590308464,12.8745398046089 80.2035306680851,12.8745033198577 80.2032752748265,12.8745519661926 80.2030198815677,12.8745519661926 80.2027280035577,12.8745033198577 80.2024482871314,12.8743573808526 80.2021564091214,12.8741627955126 80.2020347932839,12.8740411796751 80.2019618237815,12.8736884937464 80.2019010158627,12.8731290608938 80.2018766926952,12.8727398902139</coordinates></LineString><LineString><coordinates>80.212910323,12.903367571 80.2129051514754,12.9033472473882 80.21328746807,12.9093252885516 80.2212473875174,12.9191914106878 80.2214911029296,12.9194351261001 80.2201680764058,12.9198181074622</coordinates></LineString></MultiGeometry>
  </Placemark>
</Folder>
</Document></kml>
